customer_id,age,gender,purchase_amount,location,size,color,season,review_rating,subscription_status,discount_applied,previous_purchases,payment_method,frequency_of_purchases,age_group,purchase_category
2701,22,Female,68,California,XL,Olive,Winter,3.2,No,No,36,Cash,Weekly,Young Adult,Medium
521,51,Male,84,South Carolina,M,White,Spring,3.9,Yes,Yes,20,Debit Card,Quarterly,Senior,High
3157,18,Female,50,Montana,M,Black,Winter,3.1,No,No,18,Cash,Monthly,Teen,Medium
1687,22,Male,75,Illinois,L,Red,Fall,4.2,No,No,25,Cash,Annually,Young Adult,High
2929,40,Female,80,Alabama,L,Yellow,Spring,3.6,No,No,17,Credit Card,Weekly,Adult,High
3583,23,Female,41,California,S,Beige,Summer,3.4,No,No,15,PayPal,Annually,Young Adult,Medium
1135,62,Male,81,Wisconsin,M,Brown,Summer,,No,Yes,2,Venmo,Every 3 Months,Senior,High
1411,61,Male,93,Tennessee,M,Purple,Summer,4,No,Yes,18,Debit Card,Annually,Senior,High
113,37,Male,65,Florida,M,Red,Spring,4.3,Yes,Yes,28,PayPal,Bi-Weekly,Adult,Medium
166,42,Male,60,Kentucky,S,Yellow,Winter,2.8,Yes,Yes,7,Cash,Monthly,Adult,Medium
4568,35,Other,,Phoenix,M,Blue,Autumn,,No,Yes,41,Credit Card,Monthly,Young Adult,High
947,46,Male,24,Pennsylvania,XL,Blue,Spring,2.8,Yes,Yes,4,PayPal,Quarterly,Adult,Low
4776,64,Other,884.04,Los Angeles,,Black,Spring,,No,No,,Credit Card,Quarterly,Senior,High
3855,57,Female,20,Florida,M,Black,Spring,4.2,No,No,4,Venmo,Annually,Senior,Low
481,68,Male,88,Vermont,M,Gray,Summer,4.8,Yes,Yes,30,Debit Card,Bi-Weekly,Senior,High
3790,56,Female,75,North Dakota,M,Magenta,Summer,3.8,No,No,18,Bank Transfer,Every 3 Months,Senior,High
3617,42,Female,23,Wisconsin,L,Purple,Winter,3.3,No,No,33,Debit Card,Fortnightly,Adult,Low
2659,52,Female,47,Ohio,XL,Indigo,Summer,3.2,No,No,39,PayPal,Monthly,Senior,Medium
3725,30,Female,71,Colorado,L,Green,Winter,3.1,No,No,18,Bank Transfer,Annually,Young Adult,High
2134,21,Male,34,Maine,M,Olive,Summer,3.8,No,No,13,Bank Transfer,Annually,Young Adult,Medium
4256,70,Male,,Los Angeles,,Green,Autumn,,Yes,Yes,25,Cash,Weekly,Senior,High
833,58,Male,80,California,L,Blue,Fall,2.5,Yes,Yes,28,Cash,Bi-Weekly,Senior,High
1106,33,Male,83,Massachusetts,S,Olive,Spring,3,No,Yes,6,Venmo,Every 3 Months,Young Adult,High
3047,60,Female,49,Pennsylvania,M,White,Spring,3.2,No,No,25,Cash,Every 3 Months,Senior,Medium
4685,68,Other,1032.09,Phoenix,L,Black,Summer,,No,No,,PayPal,Monthly,Senior,High
1612,41,Male,26,Arkansas,L,Yellow,Winter,4.5,No,Yes,6,Debit Card,Monthly,Adult,Low
4289,34,Female,1282.44,New York,S,Red,Autumn,,No,Yes,36,PayPal,Weekly,Young Adult,High
3552,66,Female,31,Montana,L,Black,Spring,2.6,No,No,20,Venmo,Weekly,Senior,Medium
2918,58,Female,45,Colorado,XL,White,Winter,2.9,No,No,50,Venmo,Annually,Senior,Medium
1192,34,Male,70,Indiana,L,Charcoal,Winter,4.1,No,Yes,50,Venmo,Quarterly,Young Adult,High
1907,23,Male,30,Vermont,M,Green,Spring,4.6,No,No,24,PayPal,Fortnightly,Young Adult,Medium
1332,38,Male,91,Maryland,M,Lavender,Spring,3.2,No,Yes,8,PayPal,Bi-Weekly,Adult,High
316,66,Male,24,Wisconsin,XL,Orange,Spring,4.5,Yes,Yes,24,Debit Card,Annually,Senior,Low
347,49,Male,50,New Mexico,L,Violet,Spring,4.7,Yes,Yes,5,Cash,Weekly,Adult,Medium
3115,21,Female,56,Arkansas,M,Olive,Spring,4.7,No,No,45,Venmo,Bi-Weekly,Young Adult,Medium
5042,46,Other,,Los Angeles,M,White,Summer,,Yes,No,31,PayPal,Monthly,Adult,High
1498,69,Male,33,Michigan,S,Magenta,Spring,3.8,No,Yes,16,Debit Card,Every 3 Months,Senior,Medium
1606,70,Male,46,Connecticut,M,Lavender,Winter,3.4,No,Yes,15,Credit Card,Bi-Weekly,Senior,Medium
4418,67,Female,,Los Angeles,,Red,Autumn,,No,No,47,PayPal,Quarterly,Senior,High
4894,24,Other,,Los Angeles,L,Red,Spring,,No,No,4,PayPal,Quarterly,Young Adult,High
4576,65,Male,,New York,S,Black,Summer,,No,Yes,47,Cash,Weekly,Senior,High
2486,43,Male,55,Louisiana,M,Beige,Spring,4.6,No,No,37,Bank Transfer,Annually,Adult,Medium
187,39,Male,56,Minnesota,S,Lavender,Summer,2.9,Yes,Yes,31,Debit Card,Annually,Adult,Medium
275,59,Male,32,Maryland,M,Indigo,Spring,3,Yes,Yes,28,Cash,Bi-Weekly,Senior,Medium
1402,23,Male,59,Indiana,M,Blue,Fall,3.5,No,Yes,1,PayPal,Weekly,Young Adult,Medium
1181,23,Male,23,Oregon,S,Beige,Spring,4.9,No,Yes,34,Cash,Monthly,Young Adult,Low
2130,40,Male,57,Minnesota,L,Orange,Fall,2.8,No,No,12,PayPal,Every 3 Months,Adult,Medium
995,53,Male,68,New York,L,Violet,Fall,3.2,Yes,Yes,20,Debit Card,Monthly,Senior,Medium
1230,34,Male,52,Kansas,XL,Maroon,Winter,3.6,No,Yes,39,Bank Transfer,Annually,Young Adult,Medium
4319,47,Other,,Houston,,Green,Summer,,Yes,Yes,28,PayPal,Monthly,Adult,High
4489,36,Female,748.61,Los Angeles,L,Red,Summer,,No,No,0,PayPal,Monthly,Adult,High
4708,33,Female,,New York,,Green,Winter,4,Yes,Yes,31,Debit Card,Quarterly,Young Adult,High
4827,20,Female,,Houston,,Green,Summer,,No,No,17,Debit Card,Monthly,Teen,High
1348,44,Male,95,Vermont,M,Cyan,Summer,3.9,No,Yes,47,Bank Transfer,Monthly,Adult,High
4584,55,Female,,New York,M,Black,Autumn,5,No,Yes,,Debit Card,Quarterly,Senior,High
3116,26,Female,53,South Dakota,M,Charcoal,Fall,4.1,No,No,9,Bank Transfer,Bi-Weekly,Young Adult,Medium
1168,60,Male,83,New Jersey,XL,Beige,Summer,3.6,No,Yes,16,PayPal,Quarterly,Senior,High
3685,29,Female,86,Pennsylvania,L,Charcoal,Spring,4.4,No,No,47,Credit Card,Bi-Weekly,Young Adult,High
4111,49,Male,,Houston,M,Black,Summer,,No,No,,PayPal,Weekly,Adult,High
2850,56,Female,25,New Hampshire,M,Gold,Spring,4.1,No,No,27,PayPal,Bi-Weekly,Senior,Low
1636,68,Male,24,North Carolina,L,Violet,Summer,3.2,No,Yes,40,Cash,Annually,Senior,Low
1489,23,Male,44,Hawaii,L,Pink,Winter,4,No,Yes,37,Credit Card,Weekly,Young Adult,Medium
3827,50,Female,31,Montana,M,Gray,Summer,4,No,No,25,Bank Transfer,Annually,Adult,Medium
2417,59,Male,83,Nebraska,S,Black,Summer,4,No,No,26,Credit Card,Every 3 Months,Senior,High
2832,34,Female,53,Virginia,L,Pink,Winter,5,No,No,4,Credit Card,Weekly,Young Adult,Medium
4607,47,Other,557.24,Los Angeles,L,White,Autumn,,No,Yes,27,PayPal,Weekly,Adult,High
2367,30,Male,66,New Mexico,L,Brown,Winter,3.6,No,No,32,Credit Card,Fortnightly,Young Adult,Medium
4851,42,Female,,Chicago,L,Blue,Autumn,,No,Yes,,Cash,Weekly,Adult,High
508,65,Male,20,Maine,M,Magenta,Spring,5,Yes,Yes,33,Debit Card,Fortnightly,Senior,Low
4845,19,Female,692.11,New York,M,Red,Summer,,No,Yes,41,Debit Card,Weekly,Teen,High
2098,33,Male,43,Iowa,S,Cyan,Winter,3.9,No,No,5,Credit Card,Weekly,Young Adult,Medium
1080,18,Male,33,Oklahoma,S,Blue,Summer,4.4,No,Yes,48,Bank Transfer,Monthly,Teen,Medium
4558,41,Other,208.02,Los Angeles,M,White,Autumn,,No,Yes,,PayPal,Monthly,Adult,High
4492,59,Female,,Phoenix,M,Green,Spring,1,Yes,Yes,38,Debit Card,Weekly,Senior,High
4292,27,Other,,Houston,,Blue,Summer,,Yes,Yes,,Credit Card,Weekly,Young Adult,High
3036,69,Female,64,Kentucky,M,Gold,Spring,4.5,No,No,18,Cash,Bi-Weekly,Senior,Medium
3554,62,Female,99,Minnesota,M,Charcoal,Spring,4.9,No,No,32,Bank Transfer,Weekly,Senior,High
2077,59,Male,23,Florida,S,Indigo,Fall,4.6,No,No,22,Debit Card,Bi-Weekly,Senior,Low
3088,62,Female,84,North Carolina,M,Charcoal,Spring,3.1,No,No,29,Bank Transfer,Monthly,Senior,High
3739,34,Female,45,Delaware,M,Brown,Spring,2.7,No,No,48,Cash,Fortnightly,Young Adult,Medium
3309,55,Female,70,Utah,M,Pink,Fall,2.6,No,No,29,Cash,Monthly,Senior,High
2922,20,Female,24,Wisconsin,M,Cyan,Fall,4.6,No,No,11,Cash,Fortnightly,Teen,Low
4156,51,Other,1398.9,Chicago,XL,Red,Summer,2,Yes,No,7,PayPal,Monthly,Senior,High
4869,26,Female,500.3,Phoenix,M,Red,Winter,3,No,No,,PayPal,Monthly,Young Adult,High
660,62,Male,52,Virginia,S,Gold,Spring,3.6,Yes,Yes,8,Cash,Weekly,Senior,Medium
3632,48,Female,50,New Jersey,M,Peach,Fall,2.9,No,No,26,Credit Card,Monthly,Adult,Medium
3217,39,Female,85,Illinois,S,Olive,Winter,3.4,No,No,18,Cash,Weekly,Adult,High
3696,38,Female,33,Florida,M,White,Fall,4.6,No,No,18,Bank Transfer,Fortnightly,Adult,Medium
146,24,Male,95,Missouri,M,Teal,Fall,4.5,Yes,Yes,44,Debit Card,Quarterly,Young Adult,High
693,35,Male,95,North Dakota,M,Cyan,Spring,4,Yes,Yes,40,Debit Card,Every 3 Months,Young Adult,High
1837,66,Male,52,South Carolina,M,Teal,Fall,4.2,No,No,35,Credit Card,Monthly,Senior,Medium
598,70,Male,69,Alaska,L,Gold,Summer,3.4,Yes,Yes,19,Bank Transfer,Fortnightly,Senior,Medium
165,59,Male,65,Delaware,S,Purple,Spring,2.6,Yes,Yes,5,Credit Card,Fortnightly,Senior,Medium
1186,47,Male,64,Maine,M,Magenta,Spring,3.9,No,Yes,29,Credit Card,Monthly,Adult,Medium
3328,47,Female,64,Connecticut,M,Black,Spring,4.1,No,No,2,Debit Card,Quarterly,Adult,Medium
4404,67,Male,498.03,New York,XL,Blue,Winter,,Yes,Yes,20,Debit Card,Monthly,Senior,High
4153,67,Other,,Los Angeles,M,Red,Spring,,No,No,31,Credit Card,Monthly,Senior,High
4587,52,Male,1392.02,Phoenix,,White,Winter,2,Yes,Yes,,Cash,Quarterly,Senior,High
4057,41,Female,,Los Angeles,,Black,Winter,,No,Yes,10,Credit Card,Quarterly,Adult,High
3889,45,Female,69,Virginia,M,Violet,Spring,3.4,No,No,14,Venmo,Bi-Weekly,Adult,Medium
106,69,Male,96,New York,M,Charcoal,Fall,3.6,Yes,Yes,4,Bank Transfer,Annually,Senior,High
4176,23,Male,390.25,Chicago,XL,Black,Autumn,,No,No,,Credit Card,Weekly,Young Adult,High
63,30,Male,21,Mississippi,S,Magenta,Spring,3.8,Yes,Yes,31,Credit Card,Fortnightly,Young Adult,Low
3455,55,Female,71,Louisiana,S,Lavender,Fall,4.6,No,No,15,PayPal,Bi-Weekly,Senior,High
2500,52,Male,73,Louisiana,L,Pink,Summer,3.1,No,No,2,Cash,Quarterly,Senior,High
2136,34,Male,94,California,S,Yellow,Winter,4.6,No,No,1,Debit Card,Every 3 Months,Young Adult,High
3584,52,Female,77,Arizona,L,Brown,Summer,2.7,No,No,44,Credit Card,Every 3 Months,Senior,High
4118,18,Other,,Phoenix,S,Black,Summer,3,Yes,No,,Debit Card,Quarterly,Teen,High
2547,63,Male,21,Texas,L,Gray,Summer,3,No,No,4,Credit Card,Quarterly,Senior,Low
4972,46,Other,34.65,New York,M,White,Autumn,4,No,Yes,3,Debit Card,Monthly,Adult,Medium
3365,50,Female,33,Oregon,M,Peach,Fall,3.2,No,No,7,Credit Card,Monthly,Adult,Medium
1637,58,Male,22,North Dakota,L,Green,Fall,4,No,Yes,49,Cash,Fortnightly,Senior,Low
2000,39,Male,89,Tennessee,L,Indigo,Winter,4.6,No,No,26,Debit Card,Monthly,Adult,High
2603,65,Male,44,South Carolina,M,Black,Fall,2.9,No,No,1,Venmo,Quarterly,Senior,Medium
2700,25,Female,96,Utah,M,Violet,Fall,3.6,No,No,49,Debit Card,Annually,Young Adult,High
4189,38,Male,1312.35,Los Angeles,M,Black,Autumn,4,Yes,Yes,,Cash,Weekly,Adult,High
3371,30,Female,31,Illinois,M,Charcoal,Summer,2.8,No,No,46,Cash,Fortnightly,Young Adult,Medium
3599,23,Female,76,Connecticut,XL,Purple,Spring,4.6,No,No,19,Bank Transfer,Bi-Weekly,Young Adult,High
4072,63,Male,,Los Angeles,S,Red,Autumn,1,No,Yes,,Credit Card,Quarterly,Senior,High
1432,39,Male,88,South Dakota,M,Cyan,Fall,2.9,No,Yes,29,Venmo,Quarterly,Adult,High
2381,41,Male,66,Pennsylvania,M,Black,Fall,2.5,No,No,36,PayPal,Fortnightly,Adult,Medium
2120,58,Male,57,Nebraska,M,Indigo,Spring,3.5,No,No,36,Venmo,Bi-Weekly,Senior,Medium
3502,53,Female,87,Nebraska,M,Silver,Fall,4.8,No,No,43,Bank Transfer,Weekly,Senior,High
3551,63,Female,74,West Virginia,S,Orange,Winter,4.8,No,No,32,Cash,Weekly,Senior,High
712,64,Male,60,New Hampshire,M,Maroon,Spring,3.5,Yes,Yes,13,Bank Transfer,Bi-Weekly,Senior,Medium
1337,23,Male,85,Oregon,M,Charcoal,Spring,4.8,No,Yes,44,Debit Card,Fortnightly,Young Adult,High
1047,40,Male,22,Illinois,M,Magenta,Winter,4.2,Yes,Yes,12,Venmo,Annually,Adult,Low
2225,18,Male,25,Nebraska,L,Charcoal,Winter,4.3,No,No,38,Cash,Quarterly,Teen,Low
3525,69,Female,74,Michigan,L,Silver,Summer,2.9,No,No,30,Credit Card,Monthly,Senior,High
4530,20,Male,532.49,New York,,Black,Autumn,,Yes,Yes,,Debit Card,Monthly,Teen,High
3199,61,Female,94,Pennsylvania,L,Peach,Winter,2.8,No,No,39,Debit Card,Weekly,Senior,High
70,48,Male,70,Tennessee,S,Cyan,Summer,4.4,Yes,Yes,5,Cash,Weekly,Adult,High
2721,55,Female,52,Maryland,M,Peach,Spring,2.8,No,No,45,Bank Transfer,Quarterly,Senior,Medium
436,51,Male,28,Montana,XL,Olive,Winter,3.6,Yes,Yes,42,Bank Transfer,Monthly,Senior,Low
387,64,Male,39,Louisiana,L,Brown,Spring,3.4,Yes,Yes,40,PayPal,Quarterly,Senior,Medium
3867,58,Female,32,Alaska,M,Beige,Winter,3.3,No,No,33,Credit Card,Fortnightly,Senior,Medium
3358,41,Female,67,Arkansas,M,Pink,Winter,3.5,No,No,37,Credit Card,Monthly,Adult,Medium
608,47,Male,23,Indiana,L,Purple,Fall,2.8,Yes,Yes,44,Cash,Monthly,Adult,Low
115,70,Male,95,Massachusetts,S,Blue,Summer,3.7,Yes,Yes,9,Cash,Weekly,Senior,High
4712,60,Male,95.15,Chicago,S,Red,Summer,,No,No,16,Cash,Monthly,Senior,High
5058,63,Other,1342.62,Los Angeles,,Blue,Spring,4,Yes,Yes,,PayPal,Quarterly,Senior,High
2568,19,Male,25,Michigan,XL,Gold,Spring,4.3,No,No,24,Cash,Fortnightly,Teen,Low
4381,53,Female,,Chicago,M,Blue,Summer,3,No,Yes,,PayPal,Monthly,Senior,High
4192,46,Other,105.21,Houston,,Green,Winter,,Yes,Yes,,PayPal,Monthly,Adult,High
235,20,Male,39,South Dakota,S,Silver,Summer,3.7,Yes,Yes,24,Credit Card,Weekly,Teen,Medium
3699,25,Female,54,California,XL,Maroon,Spring,4,No,No,4,Venmo,Annually,Young Adult,Medium
3215,53,Female,78,Washington,M,Yellow,Spring,3.1,No,No,6,Debit Card,Annually,Senior,High
1876,63,Male,71,Tennessee,M,Brown,Winter,3.9,No,No,6,Credit Card,Quarterly,Senior,High
1625,38,Male,32,Florida,M,White,Winter,3.6,No,Yes,40,PayPal,Every 3 Months,Adult,Medium
1396,47,Male,32,West Virginia,L,Turquoise,Spring,2.8,No,Yes,40,PayPal,Bi-Weekly,Adult,Medium
9,26,Male,97,West Virginia,L,Silver,Summer,2.6,Yes,Yes,8,Venmo,Annually,Young Adult,High
2168,30,Male,48,Ohio,L,Green,Winter,4.9,No,No,33,Venmo,Fortnightly,Young Adult,Medium
749,35,Male,39,South Dakota,L,Brown,Fall,3.9,Yes,Yes,8,Bank Transfer,Quarterly,Young Adult,Medium
2507,57,Male,82,New York,XL,Orange,Spring,4.4,No,No,19,Venmo,Annually,Senior,High
1285,65,Male,93,Arkansas,M,Black,Spring,3.9,No,Yes,38,PayPal,Fortnightly,Senior,High
4047,49,Male,,Phoenix,,White,Summer,5,Yes,No,,Cash,Weekly,Adult,High
5014,60,Female,,Phoenix,S,Green,Winter,2,Yes,Yes,44,Debit Card,Monthly,Senior,High
1195,50,Male,46,New York,S,Teal,Winter,3.1,No,Yes,6,Credit Card,Fortnightly,Adult,Medium
2013,48,Male,53,Nevada,L,Green,Fall,3.2,No,No,5,Cash,Fortnightly,Adult,Medium
4076,57,Other,,Phoenix,M,White,Summer,2,No,No,38,Credit Card,Weekly,Senior,High
2050,68,Male,24,Rhode Island,L,Blue,Fall,2.7,No,No,15,Venmo,Annually,Senior,Low
1306,31,Male,56,Mississippi,XL,Peach,Spring,4.5,No,Yes,2,PayPal,Every 3 Months,Young Adult,Medium
5024,38,Other,,Los Angeles,,Green,Summer,,Yes,Yes,,Debit Card,Quarterly,Adult,High
3170,35,Female,59,Georgia,M,White,Fall,3.8,No,No,3,Venmo,Weekly,Young Adult,Medium
1116,30,Male,58,New York,S,Peach,Fall,4,No,Yes,37,Cash,Weekly,Young Adult,Medium
2317,28,Male,39,Montana,L,Yellow,Winter,3.8,No,No,7,Debit Card,Annually,Young Adult,Medium
728,62,Male,97,Arkansas,S,Gray,Winter,4.8,Yes,Yes,37,Venmo,Every 3 Months,Senior,High
467,38,Male,24,Vermont,L,Turquoise,Winter,4.6,Yes,Yes,25,PayPal,Weekly,Adult,Low
4235,56,Other,,New York,S,Red,Spring,,Yes,Yes,,Debit Card,Quarterly,Senior,High
656,20,Male,36,Mississippi,S,Purple,Fall,3.1,Yes,Yes,19,Venmo,Monthly,Teen,Medium
4542,28,Other,,Houston,,Red,Summer,,Yes,No,,PayPal,Weekly,Young Adult,High
99,20,Male,67,New York,XL,Teal,Spring,2.6,Yes,Yes,20,Bank Transfer,Annually,Teen,Medium
3681,22,Female,36,Iowa,S,Blue,Winter,2.9,No,No,30,Debit Card,Quarterly,Young Adult,Medium
3715,18,Female,31,New York,S,Peach,Winter,3.9,No,No,35,Credit Card,Weekly,Teen,Medium
2726,64,Female,99,Mississippi,S,Violet,Summer,2.7,No,No,4,Debit Card,Annually,Senior,High
2544,27,Male,56,West Virginia,L,Peach,Spring,2.7,No,No,30,PayPal,Bi-Weekly,Young Adult,Medium
2834,43,Female,56,Arkansas,M,Teal,Fall,3.3,No,No,19,Cash,Monthly,Adult,Medium
1084,35,Male,97,Washington,L,Teal,Summer,3.3,No,Yes,43,Cash,Weekly,Young Adult,High
2904,38,Female,39,Delaware,S,Teal,Spring,3.5,No,No,24,Credit Card,Every 3 Months,Adult,Medium
964,21,Male,63,South Carolina,L,Green,Spring,2.5,Yes,Yes,14,Credit Card,Weekly,Young Adult,Medium
299,69,Male,53,Maryland,M,Lavender,Winter,4,Yes,Yes,11,Venmo,Every 3 Months,Senior,Medium
1327,40,Male,50,Texas,M,Indigo,Spring,,No,Yes,17,Cash,Monthly,Adult,Medium
2789,56,Female,92,Rhode Island,M,Olive,Summer,3.1,No,No,2,Credit Card,Annually,Senior,High
2321,28,Male,55,New Mexico,M,Olive,Spring,3.7,No,No,9,Debit Card,Every 3 Months,Young Adult,Medium
79,50,Male,91,Nebraska,M,Maroon,Spring,4.7,Yes,Yes,50,Venmo,Fortnightly,Adult,High
771,19,Male,54,Vermont,M,Gray,Spring,3.3,Yes,Yes,8,Credit Card,Annually,Teen,Medium
1543,59,Male,44,Hawaii,M,Maroon,Winter,3.5,No,Yes,43,PayPal,Weekly,Senior,Medium
2223,32,Male,66,Georgia,M,Teal,Summer,4.4,No,No,30,Credit Card,Weekly,Young Adult,Medium
3461,41,Female,78,Indiana,M,Gold,Spring,3.1,No,No,5,Bank Transfer,Bi-Weekly,Adult,High
1952,33,Male,53,Connecticut,L,Gold,Summer,2.7,No,No,32,Bank Transfer,Bi-Weekly,Young Adult,Medium
4552,57,Male,,New York,S,Red,Winter,,No,No,,PayPal,Quarterly,Senior,High
1645,68,Male,90,North Carolina,S,Beige,Summer,3.9,No,Yes,21,Debit Card,Monthly,Senior,High
510,41,Male,80,Delaware,L,Cyan,Summer,3.9,Yes,Yes,17,Debit Card,Weekly,Adult,High
2854,37,Female,48,Pennsylvania,M,Magenta,Winter,3.2,No,No,9,PayPal,Weekly,Adult,Medium
378,63,Male,32,Maine,M,Silver,Spring,4.1,Yes,Yes,39,Credit Card,Every 3 Months,Senior,Medium
827,54,Male,94,Massachusetts,M,Purple,Winter,3.6,Yes,Yes,36,PayPal,Weekly,Senior,High
4571,40,Other,450.41,New York,,Black,Autumn,5,Yes,Yes,,Cash,Quarterly,Adult,High
546,33,Male,32,Alabama,L,Magenta,Summer,3.5,Yes,Yes,48,Debit Card,Annually,Young Adult,Medium
2085,32,Male,94,Vermont,S,Brown,Summer,4,No,No,43,Bank Transfer,Quarterly,Young Adult,High
641,53,Male,88,Minnesota,M,Gray,Summer,4.4,Yes,Yes,28,Debit Card,Fortnightly,Senior,High
5037,41,Female,,New York,S,Green,Summer,2,Yes,Yes,,Credit Card,Monthly,Adult,High
4843,22,Female,854.96,Los Angeles,,Red,Winter,,No,Yes,32,PayPal,Quarterly,Young Adult,High
1771,53,Male,22,Michigan,M,Pink,Fall,4.3,No,No,34,Bank Transfer,Weekly,Senior,Low
1861,18,Male,64,Kansas,M,Silver,Summer,4.8,No,No,4,Credit Card,Monthly,Teen,Medium
4011,50,Female,,Los Angeles,S,Blue,Winter,3,No,Yes,,Debit Card,Quarterly,Adult,High
2915,45,Female,72,Pennsylvania,M,Yellow,Fall,3.8,No,No,1,Debit Card,Bi-Weekly,Adult,High
5009,35,Male,585.1,New York,M,Green,Autumn,4,Yes,Yes,41,Credit Card,Quarterly,Young Adult,High
5083,42,Other,758.1,Houston,,White,Autumn,,No,No,48,PayPal,Quarterly,Adult,High
2990,46,Female,20,Rhode Island,XL,Teal,Summer,4.3,No,No,6,Credit Card,Weekly,Adult,Low
4079,28,Male,1438.53,Chicago,,White,Spring,1,Yes,Yes,15,Cash,Monthly,Young Adult,High
2056,28,Male,33,Texas,M,Silver,Fall,3.4,No,No,28,Bank Transfer,Weekly,Young Adult,Medium
1994,32,Male,96,Arkansas,S,Purple,Spring,5,No,No,17,Cash,Weekly,Young Adult,High
4257,60,Other,,Houston,XL,Green,Winter,,Yes,No,11,Cash,Quarterly,Senior,High
2347,22,Male,67,New Mexico,L,Brown,Winter,3.1,No,No,46,Debit Card,Fortnightly,Young Adult,Medium
3063,51,Female,96,California,L,Green,Fall,3.3,No,No,39,PayPal,Monthly,Senior,High
1967,67,Male,95,Indiana,XL,Purple,Winter,3.7,No,No,5,Credit Card,Fortnightly,Senior,High
2131,25,Male,68,Arizona,L,Violet,Summer,3.7,No,No,33,Credit Card,Annually,Young Adult,Medium
4171,23,Male,495.98,Phoenix,M,Green,Autumn,,Yes,No,,Debit Card,Weekly,Young Adult,High
818,25,Male,21,Nevada,S,Gray,Spring,4.7,Yes,Yes,30,PayPal,Fortnightly,Young Adult,Low
3336,44,Female,94,Texas,XL,Cyan,Winter,3.5,No,No,48,Bank Transfer,Quarterly,Adult,High
2100,31,Male,78,Oklahoma,L,Green,Summer,2.9,No,No,50,PayPal,Annually,Young Adult,High
383,28,Male,76,California,M,Peach,Winter,3.2,Yes,Yes,47,PayPal,Quarterly,Young Adult,High
4991,29,Other,1366.1,Los Angeles,M,Green,Spring,2,Yes,Yes,,Debit Card,Weekly,Young Adult,High
1592,18,Male,100,South Dakota,L,Gold,Winter,2.9,No,Yes,24,PayPal,Annually,Teen,High
4077,33,Male,,New York,L,Green,Spring,,No,Yes,40,Debit Card,Weekly,Young Adult,High
3127,57,Female,76,Maine,L,Lavender,Winter,2.6,No,No,28,Bank Transfer,Bi-Weekly,Senior,High
3759,61,Female,54,Indiana,S,Black,Spring,2.7,No,No,23,Bank Transfer,Quarterly,Senior,Medium
1877,54,Male,36,Illinois,M,Gray,Fall,2.6,No,No,20,Venmo,Quarterly,Senior,Medium
4896,24,Female,,New York,L,White,Winter,3,No,Yes,,Debit Card,Quarterly,Young Adult,High
1564,68,Male,44,Kansas,M,Teal,Fall,4.3,No,Yes,8,Cash,Weekly,Senior,Medium
1610,33,Male,93,Nevada,S,Brown,Fall,4.1,No,Yes,3,Venmo,Monthly,Young Adult,High
148,63,Male,64,Idaho,M,Purple,Summer,3.5,Yes,Yes,31,Bank Transfer,Fortnightly,Senior,Medium
2946,32,Female,49,Delaware,M,Charcoal,Summer,4.8,No,No,1,Credit Card,Every 3 Months,Young Adult,Medium
149,37,Male,90,Wyoming,M,Gray,Fall,2.6,Yes,Yes,47,Debit Card,Annually,Adult,High
5095,57,Female,,New York,S,Red,Spring,2,No,No,24,Debit Card,Weekly,Senior,High
2564,69,Male,81,Massachusetts,XL,Gray,Winter,4.5,No,No,1,Venmo,Every 3 Months,Senior,High
470,21,Male,46,Alabama,L,Pink,Fall,4.1,Yes,Yes,30,Debit Card,Bi-Weekly,Young Adult,Medium
2027,37,Male,35,Maine,M,Orange,Winter,3.6,No,No,45,Bank Transfer,Every 3 Months,Adult,Medium
2957,52,Female,88,Montana,M,Olive,Fall,3.7,No,No,30,Venmo,Monthly,Senior,High
1995,33,Male,66,Nevada,M,Brown,Fall,2.9,No,No,24,Credit Card,Weekly,Young Adult,Medium
4933,44,Other,,Chicago,S,Green,Summer,3,Yes,Yes,,Cash,Monthly,Adult,High
111,56,Male,26,New York,M,Black,Summer,4,Yes,Yes,26,Venmo,Fortnightly,Senior,Low
1010,39,Male,30,Louisiana,M,Silver,Summer,3.1,Yes,Yes,11,Venmo,Annually,Adult,Medium
4355,46,Female,585.85,New York,M,Green,Spring,4,No,No,41,PayPal,Quarterly,Adult,High
4743,65,Female,772.94,New York,XL,Red,Summer,,Yes,Yes,50,Cash,Monthly,Senior,High
585,70,Male,94,Indiana,M,White,Spring,4.7,Yes,Yes,20,Debit Card,Monthly,Senior,High
976,58,Male,40,Washington,M,Olive,Summer,3.8,Yes,Yes,2,Bank Transfer,Weekly,Senior,Medium
2287,67,Male,38,South Dakota,L,Blue,Spring,2.5,No,No,35,Venmo,Quarterly,Senior,Medium
1978,24,Male,49,Florida,M,Teal,Summer,2.6,No,No,32,Bank Transfer,Annually,Young Adult,Medium
4741,23,Male,,Houston,M,White,Spring,,No,Yes,,Credit Card,Quarterly,Young Adult,High
2228,40,Male,74,Washington,S,Gray,Summer,4.4,No,No,42,Credit Card,Fortnightly,Adult,High
2019,60,Male,97,Arkansas,S,Gold,Fall,4.5,No,No,20,Bank Transfer,Weekly,Senior,High
5027,39,Male,1430.07,Houston,,Blue,Winter,2,No,No,,Cash,Weekly,Adult,High
5082,56,Female,1186.98,Chicago,M,Black,Autumn,,Yes,No,,Credit Card,Weekly,Senior,High
4249,19,Other,,Houston,L,Red,Spring,,Yes,Yes,,Cash,Quarterly,Teen,High
638,21,Male,20,Tennessee,M,Cyan,Winter,3.4,Yes,Yes,46,Cash,Fortnightly,Young Adult,Low
3357,39,Female,48,Tennessee,M,Silver,Summer,3.5,No,No,13,PayPal,Bi-Weekly,Adult,Medium
777,49,Male,60,Alabama,M,Maroon,Spring,5,Yes,Yes,8,Venmo,Every 3 Months,Adult,Medium
2439,32,Male,20,Delaware,S,Cyan,Winter,3.4,No,No,30,Venmo,Weekly,Young Adult,Low
2690,29,Female,35,Wyoming,M,Orange,Fall,3.9,No,No,47,PayPal,Quarterly,Young Adult,Medium
2552,29,Male,32,Minnesota,M,Maroon,Winter,4.1,No,No,40,Debit Card,Annually,Young Adult,Medium
4424,69,Other,1223.83,Chicago,M,Blue,Autumn,1,No,Yes,2,Debit Card,Quarterly,Senior,High
4214,34,Other,,Phoenix,S,Red,Autumn,1,Yes,No,15,PayPal,Monthly,Young Adult,High
3526,45,Female,38,Wyoming,L,Olive,Winter,3.5,No,No,47,Bank Transfer,Annually,Adult,Medium
406,41,Male,74,South Carolina,S,Silver,Summer,3.8,Yes,Yes,15,Cash,Annually,Adult,High
2326,44,Male,55,New York,M,Charcoal,Summer,4.4,No,No,47,Cash,Weekly,Adult,Medium
2934,27,Female,52,Illinois,M,Brown,Summer,3.8,No,No,28,Venmo,Monthly,Young Adult,Medium
116,53,Male,94,Wyoming,M,Gray,Spring,3.8,Yes,Yes,48,Debit Card,Every 3 Months,Senior,High
3208,67,Female,29,Arizona,XL,Beige,Summer,2.7,No,No,14,PayPal,Annually,Senior,Low
1841,42,Male,98,Wyoming,M,Gold,Winter,2.6,No,No,46,Bank Transfer,Every 3 Months,Adult,High
583,40,Male,77,Colorado,L,Turquoise,Spring,4.9,Yes,Yes,2,Bank Transfer,Quarterly,Adult,High
1698,36,Male,87,South Carolina,L,Lavender,Fall,3.5,No,No,48,Credit Card,Every 3 Months,Adult,High
739,56,Male,31,Minnesota,L,Orange,Winter,3.5,Yes,Yes,27,Venmo,Quarterly,Senior,Medium
3142,36,Female,30,Mississippi,S,Peach,Winter,4.9,No,No,47,Credit Card,Bi-Weekly,Adult,Medium
3538,57,Female,92,Georgia,M,Gray,Spring,3.5,No,No,40,Credit Card,Every 3 Months,Senior,High
2249,63,Male,66,Rhode Island,M,Violet,Winter,3.4,No,No,19,PayPal,Fortnightly,Senior,Medium
4557,51,Other,187.34,Los Angeles,S,Blue,Spring,,Yes,Yes,,PayPal,Weekly,Senior,High
1054,59,Male,70,Kansas,M,Blue,Spring,3.3,No,Yes,10,Debit Card,Bi-Weekly,Senior,High
346,48,Male,59,Wyoming,S,Olive,Winter,4.4,Yes,Yes,27,Bank Transfer,Annually,Adult,Medium
1387,68,Male,56,Oregon,M,Silver,Fall,4,No,Yes,4,Debit Card,Quarterly,Senior,Medium
1399,30,Male,45,Texas,M,Cyan,Summer,2.5,No,Yes,25,Credit Card,Weekly,Young Adult,Medium
1900,32,Male,40,New York,L,Maroon,Winter,4.2,No,No,42,PayPal,Weekly,Young Adult,Medium
2323,39,Male,84,Connecticut,S,Lavender,Spring,4.5,No,No,21,Venmo,Fortnightly,Adult,High
2750,64,Female,53,Vermont,M,Cyan,Spring,3.4,No,No,15,Bank Transfer,Annually,Senior,Medium
922,70,Male,24,South Dakota,L,Silver,Summer,4.1,Yes,Yes,18,PayPal,Weekly,Senior,Low
78,22,Male,53,Delaware,L,Gold,Summer,3.3,Yes,Yes,36,Debit Card,Fortnightly,Young Adult,Medium
651,34,Male,40,Florida,M,Magenta,Spring,3.9,Yes,Yes,12,Bank Transfer,Annually,Young Adult,Medium
1933,42,Male,36,Maryland,M,White,Spring,5,No,No,47,Credit Card,Every 3 Months,Adult,Medium
1747,65,Male,44,Alabama,L,Brown,Summer,3.1,No,No,44,Bank Transfer,Fortnightly,Senior,Medium
27,38,Male,20,Nevada,M,Red,Spring,3.6,Yes,Yes,13,Credit Card,Annually,Adult,Low
325,37,Male,82,Wyoming,M,Olive,Summer,4.8,Yes,Yes,37,Venmo,Quarterly,Adult,High
4237,27,Male,297.78,Los Angeles,S,Green,Winter,5,Yes,Yes,44,Cash,Quarterly,Young Adult,High
4794,52,Female,,Phoenix,,White,Spring,,No,Yes,41,Credit Card,Weekly,Senior,High
4804,62,Female,1277.16,Chicago,M,Red,Autumn,4,Yes,Yes,15,Debit Card,Quarterly,Senior,High
1287,40,Male,49,West Virginia,L,Yellow,Winter,4.9,No,Yes,44,Debit Card,Fortnightly,Adult,Medium
1102,30,Male,76,Delaware,XL,Silver,Fall,3,No,Yes,39,Cash,Fortnightly,Young Adult,High
1323,23,Male,74,Washington,M,Violet,Winter,4,No,Yes,17,Bank Transfer,Quarterly,Young Adult,High
1115,55,Male,25,New Hampshire,L,Violet,Fall,2.6,No,Yes,47,Bank Transfer,Every 3 Months,Senior,Low
1656,37,Male,81,Arizona,L,Gold,Spring,3.2,No,Yes,4,PayPal,Monthly,Adult,High
3706,28,Female,65,Colorado,L,Teal,Summer,3.2,No,No,2,Debit Card,Annually,Young Adult,Medium
503,59,Male,30,South Carolina,S,Cyan,Fall,2.8,Yes,Yes,8,PayPal,Fortnightly,Senior,Medium
2879,63,Female,86,California,L,Turquoise,Summer,4.3,No,No,13,Bank Transfer,Annually,Senior,High
1150,21,Male,42,Georgia,L,Cyan,Spring,3.3,No,Yes,40,Venmo,Annually,Young Adult,Medium
3089,34,Female,64,Arkansas,M,Teal,Spring,3.3,No,No,35,Bank Transfer,Quarterly,Young Adult,Medium
4643,50,Male,,Phoenix,,Blue,Winter,2,Yes,No,44,Debit Card,Monthly,Adult,High
3433,36,Female,44,Connecticut,M,Gray,Summer,4.8,No,No,46,PayPal,Every 3 Months,Adult,Medium
432,43,Male,76,New Hampshire,L,Cyan,Winter,3.4,Yes,Yes,33,Cash,Fortnightly,Adult,High
2386,41,Male,31,Oklahoma,M,Brown,Fall,3.8,No,No,12,PayPal,Weekly,Adult,Medium
2684,68,Female,30,Montana,M,Indigo,Summer,4.2,No,No,21,Cash,Fortnightly,Senior,Medium
3024,50,Female,31,Indiana,M,Brown,Summer,2.9,No,No,4,PayPal,Quarterly,Adult,Medium
3492,22,Female,28,Maine,M,Orange,Winter,4.3,No,No,15,Cash,Monthly,Young Adult,Low
2478,25,Male,40,California,L,Turquoise,Spring,3.8,No,No,29,PayPal,Weekly,Young Adult,Medium
2498,35,Male,40,Colorado,M,Violet,Summer,4.2,No,No,28,Bank Transfer,Annually,Young Adult,Medium
3609,24,Female,56,Tennessee,M,Cyan,Fall,4.3,No,No,2,Cash,Every 3 Months,Young Adult,Medium
855,21,Male,44,California,L,Blue,Spring,4.3,Yes,Yes,22,Venmo,Monthly,Young Adult,Medium
3045,21,Female,67,North Carolina,M,Magenta,Winter,2.7,No,No,10,Bank Transfer,Quarterly,Young Adult,Medium
4863,24,Female,,New York,,Green,Autumn,,Yes,Yes,,Cash,Monthly,Young Adult,High
4425,24,Male,1318.69,Chicago,S,Black,Spring,4,Yes,Yes,,Cash,Quarterly,Young Adult,High
3113,19,Female,97,Texas,S,Green,Fall,3.8,No,No,26,Venmo,Annually,Teen,High
1781,67,Male,81,North Dakota,S,Gray,Summer,4.2,No,No,49,Credit Card,Weekly,Senior,High
1453,60,Male,25,Colorado,L,Blue,Spring,4.7,No,Yes,11,Bank Transfer,Quarterly,Senior,Low
2813,66,Female,91,North Dakota,XL,Magenta,Fall,3.8,No,No,1,Credit Card,Every 3 Months,Senior,High
4360,50,Male,309.93,Chicago,S,Black,Summer,,Yes,Yes,33,Cash,Monthly,Adult,High
1677,27,Male,44,West Virginia,M,Cyan,Winter,3.1,No,Yes,34,Bank Transfer,Weekly,Young Adult,Medium
2157,38,Male,83,Missouri,M,Maroon,Winter,3.6,No,No,41,Debit Card,Bi-Weekly,Adult,High
3243,45,Female,74,Oregon,S,Beige,Fall,2.8,No,No,17,Venmo,Weekly,Adult,High
2639,22,Male,34,Hawaii,S,Black,Spring,4.2,No,No,35,Credit Card,Annually,Young Adult,Medium
979,56,Male,40,Colorado,M,Turquoise,Summer,2.5,Yes,Yes,33,Credit Card,Weekly,Senior,Medium
4905,41,Female,,Los Angeles,M,White,Spring,,No,Yes,,PayPal,Quarterly,Adult,High
3164,49,Female,66,Nebraska,XL,Turquoise,Summer,2.8,No,No,36,Cash,Monthly,Adult,Medium
3838,45,Female,100,New Mexico,M,Green,Spring,4.8,No,No,33,Bank Transfer,Fortnightly,Adult,High
2372,67,Male,25,Indiana,M,Charcoal,Winter,3.7,No,No,28,Debit Card,Annually,Senior,Low
3385,39,Female,24,Minnesota,L,Maroon,Summer,3.8,No,No,9,Venmo,Quarterly,Adult,Low
4561,53,Male,82.06,Los Angeles,,Green,Summer,5,No,Yes,8,Cash,Weekly,Senior,High
3834,44,Female,93,Arizona,L,Gray,Summer,4.6,No,No,17,PayPal,Every 3 Months,Adult,High
3642,51,Female,45,New York,M,Cyan,Fall,2.7,No,No,39,Bank Transfer,Every 3 Months,Senior,Medium
3678,32,Female,30,Michigan,M,Gray,Fall,2.8,No,No,43,Cash,Annually,Young Adult,Medium
373,24,Male,85,Pennsylvania,L,Orange,Summer,3.7,Yes,Yes,7,Debit Card,Weekly,Young Adult,High
4625,49,Male,1002.35,New York,S,Blue,Summer,3,Yes,No,,Cash,Weekly,Adult,High
3256,57,Female,40,New Jersey,M,Black,Fall,2.8,No,No,36,Bank Transfer,Monthly,Senior,Medium
2795,33,Female,24,New York,M,Gold,Fall,3.3,No,No,7,Cash,Fortnightly,Young Adult,Low
2138,27,Male,51,Indiana,XL,Purple,Winter,4.6,No,No,20,Credit Card,Every 3 Months,Young Adult,Medium
4591,58,Other,,New York,L,Black,Summer,,No,Yes,,Credit Card,Quarterly,Senior,High
4738,57,Male,,New York,XL,Black,Spring,,No,No,,Cash,Quarterly,Senior,High
3475,41,Female,82,Maine,M,Cyan,Winter,4.4,No,No,18,Venmo,Monthly,Adult,High
1791,50,Male,26,North Carolina,S,Violet,Summer,3.7,No,No,31,PayPal,Bi-Weekly,Adult,Low
846,31,Male,21,Michigan,XL,Charcoal,Winter,3.7,Yes,Yes,30,Venmo,Monthly,Young Adult,Low
2110,59,Male,31,California,L,Peach,Fall,2.7,No,No,28,Venmo,Every 3 Months,Senior,Medium
685,63,Male,82,Alabama,M,Yellow,Summer,4.7,Yes,Yes,42,Debit Card,Monthly,Senior,High
747,40,Male,45,Michigan,M,Red,Winter,2.5,Yes,Yes,47,Credit Card,Annually,Adult,Medium
775,42,Male,46,Nevada,M,Yellow,Summer,3.5,Yes,Yes,11,Credit Card,Quarterly,Adult,Medium
4316,23,Female,,New York,,Green,Autumn,1,No,No,,Credit Card,Weekly,Young Adult,High
1329,37,Male,97,Rhode Island,M,Orange,Winter,3.7,No,Yes,40,Bank Transfer,Weekly,Adult,High
438,45,Male,50,New Mexico,M,Peach,Summer,2.6,Yes,Yes,41,PayPal,Annually,Adult,Medium
4450,20,Male,,Los Angeles,,Black,Autumn,,No,No,,Credit Card,Monthly,Teen,High
3645,35,Female,32,Arkansas,M,Violet,Winter,2.6,No,No,18,Venmo,Weekly,Young Adult,Medium
82,67,Male,96,Virginia,L,Maroon,Summer,2.6,Yes,Yes,36,Credit Card,Every 3 Months,Senior,High
4846,34,Female,719.91,Los Angeles,,Blue,Spring,,No,Yes,,Debit Card,Monthly,Young Adult,High
3712,69,Female,62,Texas,XL,Peach,Fall,3.2,No,No,33,Cash,Annually,Senior,Medium
2468,27,Male,72,New Jersey,M,Lavender,Spring,3.6,No,No,28,Credit Card,Annually,Young Adult,High
4886,23,Male,1067.74,Los Angeles,M,Red,Summer,2,Yes,No,,Credit Card,Monthly,Young Adult,High
28,56,Male,56,Kentucky,L,Cyan,Summer,5,Yes,Yes,7,Bank Transfer,Every 3 Months,Senior,Medium
4579,18,Female,,New York,M,Red,Spring,1,No,No,,Credit Card,Quarterly,Teen,High
4567,54,Female,,Chicago,,Black,Summer,3,No,No,31,Credit Card,Monthly,Senior,High
2935,38,Female,22,Idaho,M,Orange,Fall,4.7,No,No,41,Bank Transfer,Quarterly,Adult,Low
375,69,Male,78,Ohio,S,Purple,Spring,5,Yes,Yes,39,Bank Transfer,Monthly,Senior,High
1679,41,Male,71,Ohio,S,Magenta,Summer,4.8,No,No,30,Venmo,Fortnightly,Adult,High
3293,62,Female,23,Missouri,L,Gray,Spring,4.9,No,No,18,Bank Transfer,Fortnightly,Senior,Low
4996,56,Other,116.74,New York,M,Black,Autumn,,No,No,27,PayPal,Monthly,Senior,High
2695,66,Female,27,Louisiana,M,Olive,Spring,4.9,No,No,34,Credit Card,Every 3 Months,Senior,Low
4250,24,Other,,Houston,M,Red,Summer,4,No,Yes,,Cash,Monthly,Young Adult,High
1838,41,Male,77,Montana,M,Beige,Winter,4.8,No,No,8,Venmo,Monthly,Adult,High
449,32,Male,23,Missouri,M,Yellow,Summer,3.4,Yes,Yes,35,Bank Transfer,Fortnightly,Young Adult,Low
815,31,Male,62,Minnesota,M,Pink,Winter,3.8,Yes,Yes,8,PayPal,Monthly,Young Adult,Medium
4120,65,Other,,Chicago,S,Green,Winter,,Yes,No,,Debit Card,Monthly,Senior,High
3007,37,Female,99,Utah,M,Olive,Summer,3.7,No,No,17,Venmo,Bi-Weekly,Adult,High
1463,38,Male,90,Utah,S,Charcoal,Summer,4.8,No,Yes,2,Venmo,Quarterly,Adult,High
3156,22,Female,90,Montana,M,Brown,Fall,4.3,No,No,34,Cash,Annually,Young Adult,High
3245,65,Female,81,Arkansas,M,Black,Fall,4.7,No,No,42,Credit Card,Annually,Senior,High
3661,19,Female,74,Arkansas,L,Indigo,Winter,3.1,No,No,13,Bank Transfer,Fortnightly,Teen,High
2518,64,Male,38,Wyoming,L,Orange,Spring,2.9,No,No,10,Venmo,Annually,Senior,Medium
4496,22,Male,1246.93,Chicago,S,Red,Spring,1,Yes,No,45,Credit Card,Monthly,Young Adult,High
840,48,Male,31,Illinois,L,Teal,Spring,2.6,Yes,Yes,10,Debit Card,Every 3 Months,Adult,Medium
640,54,Male,24,Mississippi,L,Olive,Spring,4,Yes,Yes,50,Credit Card,Annually,Senior,Low
5011,63,Male,,New York,M,Green,Autumn,,Yes,Yes,,PayPal,Weekly,Senior,High
3866,25,Female,42,Nebraska,M,Olive,Spring,4.2,No,No,28,Cash,Every 3 Months,Young Adult,Medium
3333,27,Female,23,Washington,M,Silver,Summer,3.1,No,No,1,PayPal,Bi-Weekly,Young Adult,Low
4482,67,Female,1322.78,Los Angeles,L,Red,Autumn,1,No,Yes,,PayPal,Weekly,Senior,High
907,41,Male,56,South Carolina,M,Red,Spring,4.2,Yes,Yes,21,Debit Card,Bi-Weekly,Adult,Medium
748,51,Male,74,Oklahoma,L,Gold,Spring,4.4,Yes,Yes,13,Bank Transfer,Weekly,Senior,High
1403,62,Male,21,North Dakota,L,White,Summer,3.1,No,Yes,47,PayPal,Monthly,Senior,Low
4361,20,Other,238.88,Houston,L,White,Summer,2,Yes,Yes,29,Cash,Quarterly,Teen,High
1982,69,Male,91,Michigan,L,Violet,Summer,4.7,No,No,42,PayPal,Quarterly,Senior,High
2418,21,Male,24,Alaska,M,Olive,Fall,3.3,No,No,32,Venmo,Fortnightly,Young Adult,Low
4074,61,Female,316.21,Los Angeles,,Red,Winter,1,Yes,No,15,Debit Card,Monthly,Senior,High
2159,19,Male,84,Massachusetts,XL,Olive,Spring,4.6,No,No,9,Bank Transfer,Fortnightly,Teen,High
1630,35,Male,88,North Dakota,S,Silver,Spring,3.3,No,Yes,13,Venmo,Quarterly,Young Adult,High
4790,56,Other,685.22,Phoenix,,Blue,Summer,4,No,Yes,,Cash,Weekly,Senior,High
3290,31,Female,50,Montana,M,Maroon,Summer,4,No,No,16,Venmo,Every 3 Months,Young Adult,Medium
1304,34,Male,32,New York,L,Silver,Summer,3.1,No,Yes,10,Credit Card,Annually,Young Adult,Medium
3146,57,Female,29,Texas,XL,Purple,Spring,4.6,No,No,16,PayPal,Fortnightly,Senior,Low
3016,37,Female,21,Wyoming,XL,Lavender,Spring,2.8,No,No,27,Bank Transfer,Bi-Weekly,Adult,Low
410,35,Male,51,Minnesota,M,Brown,Winter,3.3,Yes,Yes,32,Bank Transfer,Monthly,Young Adult,Medium
101,62,Male,98,South Dakota,M,Maroon,Fall,2.7,Yes,Yes,31,Cash,Fortnightly,Senior,High
3222,21,Female,76,New Hampshire,M,Yellow,Winter,3.2,No,No,28,Cash,Annually,Young Adult,High
549,36,Male,64,Nebraska,M,Black,Winter,4.6,Yes,Yes,41,Debit Card,Every 3 Months,Adult,Medium
1157,20,Male,21,Hawaii,M,Gold,Summer,4.8,No,Yes,6,Venmo,Every 3 Months,Teen,Low
1511,55,Male,30,Maryland,XL,Gray,Fall,3,No,Yes,31,Venmo,Annually,Senior,Medium
1921,51,Male,84,Connecticut,M,Purple,Spring,2.8,No,No,40,Cash,Every 3 Months,Senior,High
1445,32,Male,36,Vermont,L,Pink,Fall,3.8,No,Yes,26,Cash,Quarterly,Young Adult,Medium
1525,22,Male,76,Massachusetts,L,Pink,Summer,4.4,No,Yes,6,Cash,Bi-Weekly,Young Adult,High
2979,53,Female,56,Idaho,S,Cyan,Spring,3.9,No,No,49,Bank Transfer,Fortnightly,Senior,Medium
600,51,Male,26,Massachusetts,L,Teal,Spring,4.2,Yes,Yes,27,Debit Card,Every 3 Months,Senior,Low
2662,43,Female,96,Michigan,XL,Olive,Fall,4.8,No,No,20,Bank Transfer,Annually,Adult,High
938,32,Male,24,Iowa,M,Magenta,Summer,2.7,Yes,Yes,18,Venmo,Quarterly,Young Adult,Low
3751,42,Female,88,Arizona,M,Gold,Fall,3.1,No,No,5,PayPal,Monthly,Adult,High
2171,40,Male,32,South Carolina,M,Turquoise,Fall,4,No,No,37,Venmo,Every 3 Months,Adult,Medium
4225,26,Other,19.69,Houston,S,White,Spring,,Yes,Yes,26,Cash,Weekly,Young Adult,Low
1171,57,Male,62,Illinois,S,Red,Spring,3.2,No,Yes,33,Cash,Bi-Weekly,Senior,Medium
4343,48,Other,,Los Angeles,,Blue,Summer,,No,Yes,26,Debit Card,Weekly,Adult,High
4023,55,Other,,Phoenix,,White,Spring,3,Yes,No,,Debit Card,Weekly,Senior,High
219,28,Male,45,California,S,Magenta,Spring,2.9,Yes,Yes,8,Credit Card,Quarterly,Young Adult,Medium
3360,43,Female,74,New Hampshire,L,Red,Fall,3.9,No,No,29,Debit Card,Monthly,Adult,High
3505,65,Female,41,Hawaii,S,Violet,Fall,4,No,No,50,Venmo,Monthly,Senior,Medium
1276,55,Male,32,Arkansas,S,Turquoise,Fall,4.5,No,Yes,1,PayPal,Monthly,Senior,Medium
2775,56,Female,40,Oklahoma,L,Yellow,Fall,4.1,No,No,42,Credit Card,Quarterly,Senior,Medium
1369,21,Male,36,Wisconsin,L,Orange,Summer,4.9,No,Yes,2,Cash,Weekly,Young Adult,Medium
5072,28,Female,,Houston,L,Red,Winter,4,No,No,29,Cash,Quarterly,Young Adult,High
1608,49,Male,72,Vermont,S,Gray,Fall,2.7,No,Yes,43,Debit Card,Quarterly,Adult,High
1946,35,Male,38,Georgia,M,Gold,Winter,2.9,No,No,9,Credit Card,Every 3 Months,Young Adult,Medium
2188,37,Male,78,Idaho,M,Violet,Spring,4.4,No,No,20,PayPal,Annually,Adult,High
1725,42,Male,72,Delaware,S,Teal,Winter,3.3,No,No,21,PayPal,Weekly,Adult,High
483,41,Male,42,Connecticut,M,Yellow,Winter,2.5,Yes,Yes,11,Venmo,Annually,Adult,Medium
520,19,Male,54,Minnesota,L,Blue,Summer,4.4,Yes,Yes,17,Bank Transfer,Quarterly,Teen,Medium
3823,70,Female,41,Kansas,S,Gold,Spring,3.2,No,No,17,PayPal,Every 3 Months,Senior,Medium
3892,36,Female,30,Colorado,L,Peach,Winter,4.7,No,No,6,Bank Transfer,Quarterly,Adult,Medium
4766,44,Female,742.32,Chicago,L,Black,Autumn,,No,No,,Cash,Monthly,Adult,High
2948,52,Female,63,Nebraska,L,Peach,Spring,4.4,No,No,50,Venmo,Annually,Senior,Medium
2947,38,Female,77,Hawaii,L,Purple,Spring,2.8,No,No,29,Bank Transfer,Quarterly,Adult,High
594,67,Male,35,Alaska,S,Green,Winter,4.4,Yes,Yes,9,PayPal,Every 3 Months,Senior,Medium
851,68,Male,20,Connecticut,L,Turquoise,Winter,2.6,Yes,Yes,13,Venmo,Monthly,Senior,Low
357,56,Male,80,Nevada,L,Black,Spring,,Yes,Yes,27,Cash,Weekly,Senior,High
2828,20,Female,96,Wisconsin,M,Magenta,Fall,3.1,No,No,11,Bank Transfer,Bi-Weekly,Teen,High
3129,65,Female,32,Arkansas,S,Indigo,Fall,4.4,No,No,20,Cash,Annually,Senior,Medium
3849,22,Female,60,New Hampshire,M,Magenta,Winter,3,No,No,39,Cash,Every 3 Months,Young Adult,Medium
3013,42,Female,65,Idaho,M,Teal,Fall,3.5,No,No,16,PayPal,Annually,Adult,Medium
4820,25,Other,,New York,M,Black,Winter,,Yes,Yes,,Cash,Monthly,Young Adult,High
998,64,Male,30,Kentucky,M,Cyan,Spring,3.6,Yes,Yes,31,Cash,Fortnightly,Senior,Medium
565,67,Male,58,Florida,M,Olive,Winter,3.4,Yes,Yes,30,Bank Transfer,Weekly,Senior,Medium
2087,65,Male,89,North Dakota,L,Beige,Summer,4.7,No,No,36,Cash,Every 3 Months,Senior,High
3703,58,Female,65,South Carolina,M,Indigo,Spring,2.7,No,No,36,Venmo,Weekly,Senior,Medium
3355,42,Female,45,Maryland,M,Orange,Fall,2.8,No,No,15,PayPal,Weekly,Adult,Medium
4197,30,Female,243.4,Chicago,S,Red,Winter,1,No,Yes,26,Cash,Weekly,Young Adult,High
2339,66,Male,68,Georgia,S,Silver,Fall,4,No,No,21,PayPal,Quarterly,Senior,Medium
4947,50,Male,,Houston,L,Blue,Spring,1,No,Yes,3,Cash,Weekly,Adult,High
1233,57,Male,23,New York,M,Charcoal,Summer,3.6,No,Yes,31,Debit Card,Every 3 Months,Senior,Low
489,58,Male,29,Maine,L,Olive,Spring,4.6,Yes,Yes,32,Venmo,Weekly,Senior,Low
1125,42,Male,20,Iowa,M,Orange,Spring,,No,Yes,40,Cash,Quarterly,Adult,Low
1043,55,Male,80,Maryland,M,Maroon,Spring,4.9,Yes,Yes,47,Credit Card,Weekly,Senior,High
411,29,Male,26,Virginia,L,Lavender,Spring,4.8,Yes,Yes,1,Credit Card,Quarterly,Young Adult,Low
3216,34,Female,90,Rhode Island,M,Magenta,Summer,2.7,No,No,10,PayPal,Every 3 Months,Young Adult,High
4799,48,Male,1170.25,Phoenix,M,Blue,Winter,3,No,Yes,,Debit Card,Weekly,Adult,High
2842,19,Female,33,Ohio,XL,Magenta,Winter,3,No,No,31,Cash,Weekly,Teen,Medium
2262,58,Male,76,South Carolina,L,Gold,Spring,4.4,No,No,12,Bank Transfer,Fortnightly,Senior,High
2346,28,Male,32,New York,S,Orange,Winter,3.3,No,No,23,Bank Transfer,Every 3 Months,Young Adult,Medium
267,51,Male,75,Louisiana,L,White,Summer,3.1,Yes,Yes,32,Credit Card,Weekly,Senior,High
1642,50,Male,32,Colorado,L,Violet,Summer,3.4,No,Yes,1,Bank Transfer,Every 3 Months,Adult,Medium
4427,23,Female,638.81,Houston,,White,Autumn,,Yes,No,1,PayPal,Weekly,Young Adult,High
2556,24,Male,74,Idaho,M,Gray,Fall,3.5,No,No,23,Credit Card,Weekly,Young Adult,High
2425,49,Male,57,Delaware,M,Peach,Winter,4.5,No,No,28,Bank Transfer,Bi-Weekly,Adult,Medium
4748,26,Male,571.08,Houston,,Green,Autumn,5,No,No,,Debit Card,Quarterly,Young Adult,High
4565,26,Male,,Houston,M,Blue,Autumn,1,No,Yes,43,Debit Card,Monthly,Young Adult,High
4544,45,Other,253.94,Chicago,L,Green,Winter,2,Yes,Yes,28,Debit Card,Quarterly,Adult,High
830,42,Male,57,Idaho,S,Silver,Spring,,Yes,Yes,14,Credit Card,Fortnightly,Adult,Medium
1264,41,Male,70,Delaware,L,Brown,Winter,4.6,No,Yes,1,Credit Card,Bi-Weekly,Adult,High
4523,51,Other,,Phoenix,L,White,Autumn,1,Yes,No,,Cash,Quarterly,Senior,High
1565,22,Male,33,California,XL,Turquoise,Summer,4.5,No,Yes,30,Debit Card,Every 3 Months,Young Adult,Medium
2735,63,Female,93,New York,XL,Yellow,Summer,2.7,No,No,13,Cash,Bi-Weekly,Senior,High
2981,70,Female,93,New Jersey,L,Teal,Fall,4.4,No,No,9,Bank Transfer,Monthly,Senior,High
2625,19,Male,59,South Dakota,M,Indigo,Summer,3.3,No,No,19,Credit Card,Annually,Teen,Medium
639,53,Male,20,Maryland,S,Blue,Summer,2.7,Yes,Yes,41,PayPal,Monthly,Senior,Low
2399,65,Male,81,Florida,M,Orange,Winter,4.3,No,No,44,Bank Transfer,Fortnightly,Senior,High
441,20,Male,89,Oklahoma,XL,Maroon,Winter,3.5,Yes,Yes,34,Debit Card,Fortnightly,Teen,High
974,60,Male,75,Colorado,M,Teal,Fall,3.5,Yes,Yes,30,Bank Transfer,Quarterly,Senior,High
3738,19,Female,23,Kentucky,S,Maroon,Winter,4.9,No,No,43,PayPal,Bi-Weekly,Teen,Low
3272,35,Female,55,Nevada,XL,Magenta,Spring,4.4,No,No,30,Credit Card,Weekly,Young Adult,Medium
1199,40,Male,49,New Jersey,M,Brown,Summer,3.9,No,Yes,17,Cash,Annually,Adult,Medium
2428,27,Male,26,Oregon,M,Purple,Spring,3.3,No,No,45,Cash,Quarterly,Young Adult,Low
2009,57,Male,48,Florida,M,Gray,Spring,2.5,No,No,27,PayPal,Every 3 Months,Senior,Medium
2886,29,Female,82,Nevada,M,Yellow,Summer,3.5,No,No,14,Credit Card,Bi-Weekly,Young Adult,High
4040,43,Male,,Chicago,S,White,Summer,,No,No,,Debit Card,Weekly,Adult,High
551,62,Male,62,Georgia,M,Olive,Summer,3.3,Yes,Yes,12,PayPal,Weekly,Senior,Medium
1999,20,Male,45,Vermont,M,Orange,Fall,3.4,No,No,19,Cash,Quarterly,Teen,Medium
4630,25,Female,468.46,Chicago,,Red,Winter,,No,No,50,Credit Card,Quarterly,Young Adult,High
4003,69,Other,1426.64,Chicago,,Black,Autumn,3,Yes,Yes,19,Cash,Monthly,Senior,High
536,56,Male,45,West Virginia,L,Maroon,Spring,3.2,Yes,Yes,24,Bank Transfer,Weekly,Senior,Medium
3783,40,Female,45,Alabama,L,Orange,Spring,2.8,No,No,42,PayPal,Fortnightly,Adult,Medium
125,44,Male,86,Nevada,M,Gray,Spring,3.1,Yes,Yes,50,PayPal,Annually,Adult,High
3322,32,Female,100,Maine,S,Charcoal,Winter,4.3,No,No,3,Venmo,Annually,Young Adult,High
2074,38,Male,25,Texas,S,Green,Winter,3.5,No,No,2,PayPal,Every 3 Months,Adult,Low
2539,18,Male,32,New Jersey,M,Silver,Summer,4.2,No,No,33,Credit Card,Bi-Weekly,Teen,Medium
1475,31,Male,72,New Jersey,S,Pink,Fall,3.9,No,Yes,6,Credit Card,Monthly,Young Adult,High
3345,62,Female,48,Washington,XL,Magenta,Fall,4.3,No,No,20,Cash,Annually,Senior,Medium
236,43,Male,89,New Jersey,M,Cyan,Winter,3.7,Yes,Yes,31,Debit Card,Quarterly,Adult,High
3341,42,Female,36,Virginia,XL,Maroon,Fall,4.4,No,No,47,Credit Card,Fortnightly,Adult,Medium
2727,33,Female,92,Michigan,L,Blue,Winter,3.3,No,No,11,PayPal,Bi-Weekly,Young Adult,High
3844,64,Female,71,Georgia,L,Silver,Winter,4,No,No,48,Venmo,Every 3 Months,Senior,High
4284,70,Male,964.07,Phoenix,M,Green,Summer,1,Yes,Yes,49,Debit Card,Quarterly,Senior,High
222,28,Male,68,North Carolina,XL,Magenta,Summer,4.4,Yes,Yes,6,Bank Transfer,Quarterly,Young Adult,Medium
4979,63,Female,,Phoenix,L,White,Summer,1,No,Yes,22,Debit Card,Quarterly,Senior,High
1540,32,Male,55,Hawaii,M,Turquoise,Spring,5,No,Yes,19,Cash,Every 3 Months,Young Adult,Medium
3463,44,Female,73,Michigan,L,Olive,Spring,4.5,No,No,34,Credit Card,Every 3 Months,Adult,High
2026,42,Male,29,Delaware,M,Turquoise,Summer,3,No,No,43,Debit Card,Fortnightly,Adult,Low
985,26,Male,78,Utah,M,Green,Summer,3.4,Yes,Yes,8,Credit Card,Bi-Weekly,Young Adult,High
2594,36,Male,36,Colorado,S,Indigo,Fall,4.7,No,No,9,Bank Transfer,Every 3 Months,Adult,Medium
2253,48,Male,96,Nebraska,S,Maroon,Summer,3.9,No,No,21,Bank Transfer,Annually,Adult,High
1176,35,Male,81,New Jersey,M,Beige,Spring,4.1,No,Yes,26,PayPal,Quarterly,Young Adult,High
834,43,Male,68,Oklahoma,M,Purple,Fall,3.5,Yes,Yes,11,Credit Card,Annually,Adult,Medium
4764,32,Other,1192.93,Houston,S,Blue,Autumn,2,Yes,No,41,Debit Card,Monthly,Young Adult,High
3511,49,Female,96,Pennsylvania,S,Orange,Fall,4.9,No,No,14,Venmo,Monthly,Adult,High
3307,63,Female,39,Colorado,L,Orange,Summer,3.6,No,No,6,Venmo,Fortnightly,Senior,Medium
1291,67,Male,35,Maryland,M,Indigo,Spring,3.4,No,Yes,3,PayPal,Annually,Senior,Medium
2078,64,Male,34,Nebraska,L,Orange,Fall,3.3,No,No,26,Bank Transfer,Annually,Senior,Medium
4401,49,Other,,Phoenix,L,Green,Winter,4,No,Yes,32,Cash,Quarterly,Adult,High
2315,42,Male,95,Virginia,XL,Brown,Winter,4.4,No,No,12,Bank Transfer,Every 3 Months,Adult,High
1438,69,Male,97,Montana,XL,Orange,Winter,4.2,No,Yes,14,Cash,Annually,Senior,High
246,49,Male,53,Rhode Island,L,Charcoal,Summer,3.3,Yes,Yes,45,Venmo,Fortnightly,Adult,Medium
762,57,Male,91,Nevada,L,Yellow,Fall,4.2,Yes,Yes,26,Bank Transfer,Weekly,Senior,High
1295,27,Male,64,Texas,M,Silver,Summer,4.5,No,Yes,21,Cash,Every 3 Months,Young Adult,Medium
1045,39,Male,30,Oregon,L,Teal,Summer,4.4,Yes,Yes,17,Bank Transfer,Every 3 Months,Adult,Medium
1889,62,Male,89,South Dakota,XL,Turquoise,Winter,3.4,No,No,48,Credit Card,Weekly,Senior,High
1582,69,Male,77,Ohio,L,Teal,Fall,4.2,No,Yes,46,Cash,Quarterly,Senior,High
4537,47,Female,,Houston,L,Green,Spring,,No,No,35,Debit Card,Monthly,Adult,High
684,33,Male,36,Michigan,S,Violet,Winter,2.7,Yes,Yes,3,Bank Transfer,Monthly,Young Adult,Medium
504,55,Male,24,West Virginia,M,Lavender,Summer,3.2,Yes,Yes,26,Bank Transfer,Quarterly,Senior,Low
160,58,Male,27,New Hampshire,M,Charcoal,Fall,3.8,Yes,Yes,39,Bank Transfer,Every 3 Months,Senior,Low
2788,36,Female,79,West Virginia,XL,Pink,Spring,4.1,No,No,4,Venmo,Fortnightly,Adult,High
4209,49,Female,890.97,Chicago,M,White,Autumn,2,No,No,20,PayPal,Quarterly,Adult,High
4298,58,Female,943.94,Houston,L,Green,Winter,,Yes,No,38,Credit Card,Monthly,Senior,High
1719,54,Male,96,Maryland,L,Pink,Winter,3.4,No,No,14,PayPal,Every 3 Months,Senior,High
746,46,Male,92,Michigan,L,Orange,Fall,4.7,Yes,Yes,4,Venmo,Monthly,Adult,High
3606,68,Female,41,Alabama,M,Gold,Fall,4.3,No,No,36,Bank Transfer,Every 3 Months,Senior,Medium
397,46,Male,88,South Carolina,S,Black,Fall,3.9,Yes,Yes,24,Bank Transfer,Annually,Adult,High
1887,18,Male,91,Arkansas,L,Beige,Spring,4.4,No,No,46,Cash,Bi-Weekly,Teen,High
3034,22,Female,56,Alabama,L,Orange,Spring,2.6,No,No,9,PayPal,Weekly,Young Adult,Medium
3062,33,Female,59,South Dakota,L,Olive,Fall,4.5,No,No,20,PayPal,Every 3 Months,Young Adult,Medium
4051,65,Male,,Los Angeles,M,Blue,Autumn,,No,No,49,Cash,Monthly,Senior,High
305,40,Male,84,Oregon,M,Green,Winter,3.4,Yes,Yes,45,Credit Card,Bi-Weekly,Adult,High
2123,32,Male,36,Virginia,L,Teal,Fall,4,No,No,42,Debit Card,Weekly,Young Adult,Medium
4149,55,Female,,Los Angeles,S,Blue,Spring,,Yes,No,,PayPal,Weekly,Senior,High
2959,55,Female,100,Ohio,M,Black,Summer,4.5,No,No,28,PayPal,Monthly,Senior,High
1391,25,Male,38,Arkansas,M,Maroon,Summer,4.3,No,Yes,42,Debit Card,Weekly,Young Adult,Medium
2566,30,Male,43,Vermont,S,Indigo,Fall,3.6,No,No,8,Venmo,Quarterly,Young Adult,Medium
3292,29,Female,51,New Mexico,L,Olive,Fall,2.6,No,No,11,Cash,Monthly,Young Adult,Medium
4320,35,Male,,Chicago,M,Green,Spring,,No,Yes,,PayPal,Quarterly,Young Adult,High
80,38,Male,96,Iowa,M,Olive,Winter,2.6,Yes,Yes,43,Bank Transfer,Every 3 Months,Adult,High
1460,20,Male,35,Maine,L,Yellow,Winter,4.8,No,Yes,18,Venmo,Fortnightly,Teen,Medium
664,59,Male,83,Alaska,M,Charcoal,Fall,4.7,Yes,Yes,23,Credit Card,Monthly,Senior,High
197,38,Male,88,Washington,M,Lavender,Summer,3.9,Yes,Yes,41,Credit Card,Fortnightly,Adult,High
2028,50,Male,73,Nebraska,S,Gold,Fall,4.8,No,No,50,Credit Card,Every 3 Months,Adult,High
289,30,Male,62,North Carolina,M,Lavender,Winter,3.7,Yes,,34,Venmo,Bi-Weekly,Young Adult,Medium
1330,70,Male,63,Texas,M,Indigo,Fall,3.3,No,Yes,50,PayPal,Every 3 Months,Senior,Medium
761,33,Male,50,Minnesota,XL,Violet,Fall,3.4,Yes,Yes,6,Cash,Annually,Young Adult,Medium
377,51,Male,51,South Carolina,S,Gray,Fall,4.9,Yes,Yes,2,Venmo,Bi-Weekly,Senior,Medium
1141,31,Male,39,Maryland,M,White,Winter,2.6,No,Yes,6,Credit Card,Every 3 Months,Young Adult,Medium
4697,46,Female,,Phoenix,,White,Winter,,No,No,,Credit Card,Weekly,Adult,High
319,45,Male,67,South Dakota,M,Beige,Winter,2.5,Yes,Yes,10,Cash,Annually,Adult,Medium
3611,18,Female,86,Texas,XL,Green,Fall,4.8,No,No,23,Bank Transfer,Fortnightly,Teen,High
4566,41,Other,,Los Angeles,XL,White,Winter,,No,No,,Credit Card,Weekly,Adult,High
3695,45,Female,41,Rhode Island,M,Blue,Winter,2.6,No,No,11,PayPal,Bi-Weekly,Adult,Medium
1847,68,Male,53,Wisconsin,M,Yellow,Summer,2.9,No,No,9,Venmo,Quarterly,Senior,Medium
3897,52,Female,49,Iowa,L,White,Spring,4.5,No,No,41,Bank Transfer,Bi-Weekly,Senior,Medium
1,55,Male,53,Kentucky,L,Gray,Winter,3.1,Yes,Yes,14,Venmo,Fortnightly,Senior,Medium
1536,36,Male,74,West Virginia,S,Turquoise,Fall,4,No,Yes,8,Venmo,Monthly,Adult,High
1077,33,Male,72,North Dakota,L,Charcoal,Spring,2.9,No,Yes,47,Venmo,Bi-Weekly,Young Adult,High
1260,68,Male,64,Minnesota,M,Turquoise,Fall,3.9,No,Yes,45,Credit Card,Monthly,Senior,Medium
1890,59,Male,57,North Carolina,L,Peach,Spring,2.5,No,No,27,Bank Transfer,Weekly,Senior,Medium
1646,53,Male,36,Ohio,L,Green,Summer,2.8,No,Yes,36,Venmo,Every 3 Months,Senior,Medium
4520,60,Male,921.94,Chicago,,Blue,Autumn,,Yes,Yes,,Credit Card,Monthly,Senior,High
5034,48,Other,390.76,Houston,L,White,Spring,4,No,Yes,,Debit Card,Monthly,Adult,High
4411,70,Other,347.55,Los Angeles,XL,Blue,Autumn,,No,No,,Credit Card,Weekly,Senior,High
1178,54,Male,21,Iowa,M,Black,Spring,4.8,No,Yes,24,Debit Card,Monthly,Senior,Low
1954,25,Male,33,Colorado,XL,Green,Spring,4.8,No,No,3,PayPal,Fortnightly,Young Adult,Medium
192,64,Male,76,Utah,M,Gray,Fall,3.9,Yes,Yes,29,Cash,Every 3 Months,Senior,High
3150,18,Female,40,North Carolina,M,Lavender,Winter,4.6,No,No,9,Venmo,Annually,Teen,Medium
3483,66,Female,61,Hawaii,M,Gold,Winter,3.9,No,No,35,Debit Card,Weekly,Senior,Medium
202,69,Male,22,Missouri,S,Beige,Fall,4.3,Yes,Yes,15,Bank Transfer,Annually,Senior,Low
3275,46,Female,20,Oklahoma,M,Cyan,Spring,3.9,No,No,14,Cash,Fortnightly,Adult,Low
1374,18,Male,40,Virginia,L,Turquoise,Winter,2.6,No,Yes,6,Cash,Quarterly,Teen,Medium
2047,39,Male,32,Oklahoma,M,Maroon,Winter,2.8,No,No,30,Cash,Every 3 Months,Adult,Medium
2270,49,Male,38,Kentucky,M,Yellow,Fall,4.4,No,No,27,Credit Card,Annually,Adult,Medium
4395,40,Male,104.65,Chicago,,Green,Spring,1,No,No,36,Credit Card,Quarterly,Adult,High
2958,69,Female,70,South Dakota,S,Gray,Fall,4.7,No,No,2,Cash,Annually,Senior,High
2327,66,Male,63,Oklahoma,L,Maroon,Winter,2.6,No,No,38,Bank Transfer,Annually,Senior,Medium
184,58,Male,29,Ohio,XL,Beige,Spring,3.6,Yes,Yes,26,Credit Card,Weekly,Senior,Low
5002,24,Other,781.26,Houston,L,Green,Summer,,Yes,Yes,41,Cash,Weekly,Young Adult,High
1568,30,Male,33,Minnesota,M,Turquoise,Spring,4.1,No,Yes,9,Cash,Monthly,Young Adult,Medium
1797,62,Male,35,South Carolina,S,Brown,Spring,3.1,No,No,34,Venmo,Weekly,Senior,Medium
102,27,Male,85,North Dakota,XL,White,Spring,4.6,Yes,Yes,50,Credit Card,Bi-Weekly,Young Adult,High
1093,68,Male,50,South Dakota,L,Magenta,Spring,4.1,No,Yes,20,Venmo,Quarterly,Senior,Medium
4785,53,Female,,Phoenix,,Green,Autumn,,No,No,,Cash,Weekly,Senior,High
2118,27,Male,28,Colorado,L,Brown,Summer,3.8,No,No,11,Debit Card,Annually,Young Adult,Low
1895,42,Male,90,Arizona,M,Purple,Fall,2.5,No,No,48,Debit Card,Bi-Weekly,Adult,High
4533,43,Female,,Houston,,Black,Summer,1,No,No,3,Debit Card,Monthly,Adult,High
2023,59,Male,38,Alabama,S,Black,Winter,4,No,No,16,Cash,Bi-Weekly,Senior,Medium
708,59,Male,38,Louisiana,L,Purple,Spring,3.7,Yes,Yes,21,Venmo,Annually,Senior,Medium
4053,54,Female,370.41,Chicago,,Blue,Summer,,Yes,No,9,Debit Card,Weekly,Senior,High
2634,51,Male,90,Alaska,M,Purple,Fall,4.7,No,No,32,Credit Card,Fortnightly,Senior,High
4759,19,Female,478.29,New York,S,Black,Spring,,Yes,Yes,,Credit Card,Monthly,Teen,High
3813,50,Female,75,Michigan,M,Pink,Spring,2.8,No,No,7,Bank Transfer,Every 3 Months,Adult,High
880,62,Male,76,Wyoming,S,Lavender,Spring,4.1,Yes,Yes,14,PayPal,Quarterly,Senior,High
3499,47,Female,35,Kentucky,M,Lavender,Summer,3.8,No,No,2,Bank Transfer,Bi-Weekly,Adult,Medium
1261,63,Male,93,Virginia,XL,Green,Spring,4.1,No,Yes,30,Debit Card,Quarterly,Senior,High
2388,36,Male,95,Tennessee,M,Gold,Summer,4,No,No,14,Debit Card,Monthly,Adult,High
3854,61,Female,76,Tennessee,M,Lavender,Fall,4,No,No,49,Debit Card,Bi-Weekly,Senior,High
1872,56,Male,96,Illinois,XL,Violet,Fall,2.7,No,No,14,Cash,Every 3 Months,Senior,High
2971,24,Female,74,Kansas,M,White,Winter,3.4,No,No,44,Credit Card,Bi-Weekly,Young Adult,High
2167,31,Male,88,New Jersey,S,Purple,Spring,3.5,No,No,50,Credit Card,Bi-Weekly,Young Adult,High
4995,34,Female,,Los Angeles,,Black,Autumn,,No,No,6,Cash,Quarterly,Young Adult,High
1940,66,Male,57,Ohio,L,Magenta,Winter,3.7,No,No,20,PayPal,Every 3 Months,Senior,Medium
2402,43,Male,76,Oregon,M,Pink,Winter,4.2,No,No,25,PayPal,Bi-Weekly,Adult,High
3323,52,Female,92,Indiana,XL,Orange,Winter,4.6,No,No,43,PayPal,Weekly,Senior,High
3168,24,Female,78,Oregon,M,Blue,Fall,2.8,No,No,9,Cash,Bi-Weekly,Young Adult,High
44,25,Male,69,Ohio,L,Lavender,Fall,3.7,Yes,Yes,19,PayPal,Fortnightly,Young Adult,Medium
5098,35,Female,,New York,M,White,Winter,1,Yes,No,48,Credit Card,Weekly,Young Adult,High
1358,24,Male,66,Texas,S,Red,Summer,3.5,No,Yes,20,Cash,Quarterly,Young Adult,Medium
3416,38,Female,68,New York,M,Gold,Fall,3,No,No,15,Bank Transfer,Annually,Adult,Medium
1893,39,Male,30,California,M,Blue,Fall,4.6,No,No,12,Venmo,Weekly,Adult,Medium
1132,67,Male,73,Illinois,M,Black,Spring,3.7,No,Yes,20,Bank Transfer,Monthly,Senior,High
3831,22,Female,27,Pennsylvania,M,Indigo,Summer,3,No,No,33,Bank Transfer,Every 3 Months,Young Adult,Low
4534,42,Male,,Phoenix,L,Black,Spring,,No,No,,Cash,Weekly,Adult,High
4717,38,Female,,New York,,Black,Autumn,4,Yes,Yes,0,Cash,Quarterly,Adult,High
4373,40,Female,767.36,Chicago,,Black,Spring,,No,Yes,,PayPal,Quarterly,Adult,High
4724,59,Female,640.27,Phoenix,S,Blue,Winter,,Yes,No,,PayPal,Weekly,Senior,High
4052,47,Female,,New York,,White,Winter,2,Yes,Yes,,Debit Card,Monthly,Adult,High
2431,20,Male,100,North Dakota,XL,White,Summer,4.3,No,No,42,Cash,Quarterly,Teen,High
3782,52,Female,99,Tennessee,M,Pink,Winter,3.7,No,No,40,PayPal,Fortnightly,Senior,High
4058,45,Female,,Chicago,L,Red,Winter,,Yes,No,35,Credit Card,Quarterly,Adult,High
429,21,Male,64,Wyoming,XL,Gold,Winter,2.9,Yes,Yes,2,Debit Card,Fortnightly,Young Adult,Medium
4432,29,Other,1311.75,New York,L,Blue,Summer,,No,No,47,Debit Card,Weekly,Young Adult,High
5057,33,Male,1103.36,Los Angeles,,Black,Summer,,No,Yes,6,Credit Card,Monthly,Young Adult,High
568,21,Male,50,New Hampshire,S,Red,Winter,3,Yes,Yes,24,Venmo,Fortnightly,Young Adult,Medium
4130,52,Other,43.99,Houston,M,Red,Autumn,,No,Yes,1,Debit Card,Quarterly,Senior,Medium
1689,28,Male,26,Mississippi,S,Peach,Winter,3,No,No,13,Venmo,Fortnightly,Young Adult,Low
3119,61,Female,97,Virginia,L,Blue,Summer,4.7,No,No,31,Debit Card,Quarterly,Senior,High
2038,39,Male,87,Illinois,S,Green,Summer,4.3,No,No,7,Venmo,Bi-Weekly,Adult,High
1283,24,Male,68,New Hampshire,L,Violet,Winter,3,No,Yes,20,Venmo,Monthly,Young Adult,Medium
4017,58,Male,690.65,Phoenix,,Green,Autumn,1,No,No,,Debit Card,Monthly,Senior,High
1685,30,Male,93,New Mexico,M,Indigo,Spring,4.6,No,No,28,PayPal,Weekly,Young Adult,High
3057,69,Female,59,New Jersey,M,Beige,Spring,3.8,No,No,15,Cash,Bi-Weekly,Senior,Medium
2752,27,Female,52,Minnesota,S,Indigo,Fall,3.1,No,No,50,Venmo,Monthly,Young Adult,Medium
1001,43,Male,46,Georgia,M,Red,Winter,3.9,Yes,Yes,1,Bank Transfer,Bi-Weekly,Adult,Medium
2626,30,Male,51,Colorado,L,Cyan,Summer,2.7,No,No,31,Credit Card,Weekly,Young Adult,Medium
906,46,Male,68,Mississippi,S,Cyan,Spring,2.8,Yes,Yes,16,Venmo,Annually,Adult,Medium
143,37,Male,58,Nebraska,L,Violet,Fall,3.1,Yes,Yes,33,Credit Card,Fortnightly,Adult,Medium
4531,41,Female,,Houston,M,Red,Winter,2,Yes,Yes,22,Credit Card,Quarterly,Adult,High
4473,49,Other,,Houston,L,Blue,Summer,,Yes,No,,Cash,Weekly,Adult,High
1669,66,Male,33,Utah,L,Charcoal,Summer,4,No,Yes,28,Debit Card,Fortnightly,Senior,Medium
2263,53,Male,22,Arizona,M,Green,Winter,3.1,No,No,50,PayPal,Monthly,Senior,Low
1528,26,Male,75,Wisconsin,L,Red,Fall,4.5,No,Yes,33,Debit Card,Fortnightly,Young Adult,High
74,48,Male,85,Hawaii,M,Teal,Spring,2.7,Yes,Yes,43,Bank Transfer,Bi-Weekly,Adult,High
338,32,Male,59,New Mexico,M,Cyan,Winter,4.3,Yes,Yes,16,Bank Transfer,Annually,Young Adult,Medium
2811,27,Female,31,Arizona,M,Purple,Summer,4,No,No,10,Debit Card,Fortnightly,Young Adult,Medium
3184,50,Female,56,Mississippi,M,Green,Winter,3.5,No,No,14,Cash,Every 3 Months,Adult,Medium
3666,28,Female,77,North Carolina,M,Peach,Fall,3.4,No,No,11,Credit Card,Quarterly,Young Adult,High
402,43,Male,91,Oklahoma,L,Orange,Fall,4.8,Yes,Yes,21,Cash,Quarterly,Adult,High
2302,37,Male,20,Maine,L,Turquoise,Winter,2.9,No,No,21,Debit Card,Annually,Adult,Low
3507,18,Female,57,Illinois,L,Olive,Winter,3.7,No,No,12,Cash,Fortnightly,Teen,Medium
4234,27,Male,1388.53,Chicago,,Blue,Summer,,Yes,No,45,PayPal,Quarterly,Young Adult,High
475,62,Male,76,Arkansas,XL,Maroon,Summer,2.6,Yes,Yes,15,Cash,Quarterly,Senior,High
1429,20,Male,97,North Dakota,S,Green,Summer,4.9,No,Yes,42,PayPal,Quarterly,Teen,High
47,57,Male,43,California,L,White,Summer,2.9,Yes,Yes,45,Cash,Quarterly,Senior,Medium
1130,37,Male,65,New Hampshire,XL,White,Winter,4.7,No,Yes,46,Venmo,Fortnightly,Adult,Medium
1651,60,Male,36,Arkansas,M,Silver,Winter,3.4,No,Yes,46,Credit Card,Fortnightly,Senior,Medium
4299,61,Female,,Phoenix,,Black,Spring,4,No,No,,Debit Card,Quarterly,Senior,High
2691,44,Female,32,New Mexico,L,Yellow,Summer,4.7,No,No,18,Bank Transfer,Weekly,Adult,Medium
4069,68,Other,,Los Angeles,XL,Black,Summer,,No,No,40,Debit Card,Quarterly,Senior,High
4247,28,Female,,Chicago,M,White,Winter,1,No,Yes,2,Credit Card,Quarterly,Young Adult,High
4070,58,Female,939.3,Los Angeles,,Green,Spring,,No,No,,Debit Card,Weekly,Senior,High
3179,66,Female,34,Washington,L,Beige,Spring,2.7,No,No,28,Credit Card,Annually,Senior,Medium
3878,28,Female,96,Nevada,M,Olive,Spring,4.2,No,No,46,Debit Card,Monthly,Young Adult,High
525,59,Male,39,Pennsylvania,M,Gold,Summer,4.8,Yes,Yes,44,PayPal,Annually,Senior,Medium
3670,25,Female,52,Washington,S,Silver,Fall,4.6,No,No,43,PayPal,Quarterly,Young Adult,Medium
1144,68,Male,23,Nevada,L,Teal,Winter,4.4,No,Yes,43,PayPal,Quarterly,Senior,Low
186,46,Male,32,Wisconsin,XL,Silver,Summer,4.5,Yes,Yes,34,Bank Transfer,Fortnightly,Adult,Medium
780,60,Male,94,Utah,M,Blue,Spring,4.6,Yes,Yes,38,Cash,Annually,Senior,High
572,54,Male,76,Kentucky,XL,Cyan,Spring,3.6,Yes,Yes,37,Venmo,Weekly,Senior,High
4137,50,Other,,Los Angeles,L,Blue,Autumn,2,Yes,No,,PayPal,Weekly,Adult,High
3404,30,Female,65,Illinois,M,Olive,Summer,3.9,No,No,1,Cash,Bi-Weekly,Young Adult,Medium
3674,32,Female,28,Rhode Island,M,Pink,Summer,4.2,No,No,31,Bank Transfer,Fortnightly,Young Adult,Low
2384,53,Male,72,Rhode Island,L,Gold,Spring,4.9,No,No,25,Bank Transfer,Annually,Senior,High
5087,41,Other,889.78,New York,S,Green,Summer,3,No,Yes,4,Debit Card,Monthly,Adult,High
4680,25,Female,560.62,Phoenix,XL,Blue,Winter,1,No,No,,Cash,Monthly,Young Adult,High
4372,56,Male,75.12,Chicago,S,Blue,Winter,,Yes,No,34,Cash,Monthly,Senior,High
1951,43,Male,78,Arkansas,L,Blue,Summer,4.6,No,No,26,PayPal,Every 3 Months,Adult,High
1752,57,Male,40,Ohio,M,Silver,Winter,3.2,No,No,34,Cash,Annually,Senior,Medium
3112,21,Female,81,Kansas,XL,Indigo,Spring,4.9,No,No,25,Debit Card,Quarterly,Young Adult,High
2286,34,Male,100,Michigan,L,Pink,Summer,4.6,No,No,38,PayPal,Every 3 Months,Young Adult,High
3000,31,Female,48,New Hampshire,S,Charcoal,Winter,3.8,No,No,10,Cash,Monthly,Young Adult,Medium
2618,31,Male,97,Idaho,S,Maroon,Spring,4.8,No,No,29,Bank Transfer,Annually,Young Adult,High
2623,63,Male,75,New Hampshire,M,Yellow,Spring,4.9,No,No,15,Credit Card,Annually,Senior,High
987,54,Male,96,Connecticut,S,Peach,Spring,4.5,Yes,Yes,36,Bank Transfer,Monthly,Senior,High
1179,37,Male,22,South Carolina,M,Teal,Spring,4.9,No,Yes,23,Debit Card,Annually,Adult,Low
1307,54,Male,33,Alaska,L,Brown,Winter,4.5,No,Yes,40,PayPal,Annually,Senior,Medium
4064,64,Female,196.05,New York,S,Green,Winter,,Yes,Yes,13,Cash,Monthly,Senior,High
1300,29,Male,23,Louisiana,L,Teal,Fall,3.6,No,Yes,42,Venmo,Bi-Weekly,Young Adult,Low
810,48,Male,81,South Carolina,M,Violet,Fall,4.9,Yes,Yes,30,PayPal,Bi-Weekly,Adult,High
2069,70,Male,81,Vermont,XL,Black,Summer,3.9,No,No,44,Venmo,Monthly,Senior,High
2786,53,Female,80,Louisiana,S,Green,Summer,2.9,No,No,13,Bank Transfer,Monthly,Senior,High
4275,47,Female,1207.32,Houston,L,White,Summer,1,Yes,No,29,Debit Card,Weekly,Adult,High
2880,62,Female,57,North Dakota,XL,Turquoise,Winter,4.9,No,No,31,Venmo,Annually,Senior,Medium
3141,34,Female,44,Alaska,XL,Peach,Summer,4.6,No,No,37,Bank Transfer,Weekly,Young Adult,Medium
1812,42,Male,77,Wisconsin,L,Blue,Summer,3.6,No,No,33,Bank Transfer,Annually,Adult,High
4363,25,Female,,Houston,,Red,Autumn,,No,Yes,,PayPal,Weekly,Young Adult,High
4048,30,Other,,Los Angeles,,Green,Summer,,No,Yes,6,PayPal,Quarterly,Young Adult,High
4346,21,Female,,Chicago,XL,Blue,Autumn,1,Yes,Yes,28,Cash,Monthly,Young Adult,High
2471,55,Male,72,Arizona,XL,Pink,Fall,2.7,No,No,29,Credit Card,Fortnightly,Senior,High
404,19,Male,45,Nevada,M,Orange,Winter,4.5,Yes,Yes,12,Bank Transfer,Annually,Teen,Medium
2910,27,Female,78,Louisiana,M,Indigo,Winter,3,No,No,40,Credit Card,Every 3 Months,Young Adult,High
4892,44,Male,1090.49,Chicago,L,Black,Autumn,,Yes,Yes,32,Debit Card,Weekly,Adult,High
2656,26,Female,83,Wyoming,M,Gray,Summer,3.4,No,No,2,Credit Card,Fortnightly,Young Adult,High
1572,28,Male,88,Colorado,L,Silver,Winter,4.5,No,Yes,11,Bank Transfer,Fortnightly,Young Adult,High
1252,56,Male,86,Indiana,XL,Orange,Spring,5,No,Yes,43,Credit Card,Monthly,Senior,High
3629,53,Female,88,Georgia,L,Purple,Summer,3.8,No,No,35,Credit Card,Monthly,Senior,High
250,53,Male,47,Alaska,S,Teal,Fall,4.2,Yes,Yes,18,Credit Card,Annually,Senior,Medium
2546,38,Male,50,Texas,L,Olive,Spring,3.9,No,No,10,Debit Card,Annually,Adult,Medium
1950,63,Male,80,Nebraska,L,Gray,Winter,4.7,No,No,12,PayPal,Quarterly,Senior,High
1648,34,Male,78,Hawaii,M,Purple,Summer,4.9,No,Yes,8,Debit Card,Quarterly,Young Adult,High
2670,39,Female,28,Illinois,L,Teal,Spring,2.8,No,No,31,Credit Card,Weekly,Adult,Low
3649,31,Female,67,New York,M,White,Winter,5,No,No,45,Cash,Bi-Weekly,Young Adult,Medium
3801,19,Female,26,Vermont,M,Turquoise,Fall,4.8,No,No,12,Venmo,Bi-Weekly,Teen,Low
2520,40,Male,90,Michigan,L,Magenta,Spring,4.9,No,No,21,Credit Card,Quarterly,Adult,High
258,20,Male,53,West Virginia,M,Red,Summer,4.5,Yes,Yes,5,Credit Card,Quarterly,Teen,Medium
5035,69,Female,966.98,Houston,M,Black,Winter,,Yes,No,,Debit Card,Monthly,Senior,High
1628,69,Male,21,Maine,M,Olive,Winter,2.9,No,Yes,8,Credit Card,Annually,Senior,Low
3758,61,Female,44,California,L,Red,Fall,4.5,No,No,33,Cash,Weekly,Senior,Medium
1384,36,Male,58,Wisconsin,M,Beige,Spring,3.3,No,Yes,4,Venmo,Monthly,Adult,Medium
4674,21,Female,310.29,Chicago,,White,Spring,1,No,Yes,4,Debit Card,Weekly,Young Adult,High
4336,36,Female,,Los Angeles,XL,Black,Spring,,No,No,29,Cash,Weekly,Adult,High
3740,38,Female,31,Idaho,M,Olive,Fall,4.2,No,No,43,Credit Card,Weekly,Adult,Medium
2314,64,Male,31,Georgia,M,Black,Summer,4.7,No,No,36,Bank Transfer,Fortnightly,Senior,Medium
4715,53,Female,,Phoenix,S,White,Winter,3,Yes,Yes,,Debit Card,Quarterly,Senior,High
3061,47,Female,80,California,S,Charcoal,Summer,4.7,No,No,1,Venmo,Monthly,Adult,High
3815,45,Female,95,Michigan,M,Orange,Winter,4.2,No,No,26,Bank Transfer,Every 3 Months,Adult,High
1739,60,Male,61,Tennessee,M,Green,Spring,2.9,No,No,37,Credit Card,Weekly,Senior,Medium
356,37,Male,42,Oregon,XL,Magenta,Fall,4.1,Yes,Yes,1,PayPal,Every 3 Months,Adult,Medium
3214,27,Female,56,Texas,M,Brown,Winter,3.3,No,No,33,Credit Card,Monthly,Young Adult,Medium
380,32,Male,29,Montana,S,Magenta,Fall,4.7,Yes,Yes,46,Debit Card,Bi-Weekly,Young Adult,Low
1864,25,Male,21,Connecticut,L,Orange,Spring,4.3,No,No,39,Debit Card,Monthly,Young Adult,Low
3491,62,Female,82,Oregon,M,Violet,Spring,3.6,No,No,43,Credit Card,Quarterly,Senior,High
3081,69,Female,42,Colorado,L,Yellow,Spring,4.1,No,No,5,Cash,Bi-Weekly,Senior,Medium
2751,51,Female,66,Alaska,L,Pink,Spring,2.7,No,No,26,PayPal,Every 3 Months,Senior,Medium
2181,41,Male,37,Connecticut,M,Yellow,Summer,4.1,No,No,43,Cash,Quarterly,Adult,Medium
5089,68,Other,859.84,Chicago,M,White,Summer,1,Yes,No,46,PayPal,Monthly,Senior,High
3244,45,Female,99,Idaho,L,Black,Summer,5,No,No,11,Bank Transfer,Every 3 Months,Adult,High
67,31,Male,94,Pennsylvania,S,Magenta,Winter,4.7,Yes,Yes,3,Venmo,Every 3 Months,Young Adult,High
4028,23,Other,,Los Angeles,,Black,Summer,,Yes,Yes,,Credit Card,Quarterly,Young Adult,High
206,67,Male,64,Hawaii,M,Silver,Winter,3,Yes,Yes,25,PayPal,Weekly,Senior,Medium
2460,47,Male,36,Missouri,L,Violet,Fall,4.3,No,No,14,Cash,Weekly,Adult,Medium
4929,58,Female,607.15,Houston,,Blue,Autumn,,Yes,No,38,Debit Card,Quarterly,Senior,High
363,53,Male,64,Texas,M,Charcoal,Fall,3.4,Yes,Yes,1,Venmo,Fortnightly,Senior,Medium
3343,66,Female,81,New Jersey,M,Violet,Spring,3.8,No,No,45,Credit Card,Weekly,Senior,High
1497,63,Male,98,Idaho,M,Purple,Winter,5,No,Yes,9,Venmo,Bi-Weekly,Senior,High
3553,22,Female,66,Kentucky,M,Blue,Winter,2.9,No,No,3,PayPal,Quarterly,Young Adult,Medium
2300,64,Male,57,Idaho,M,Violet,Summer,3.7,No,No,48,Credit Card,Every 3 Months,Senior,Medium
1828,20,Male,36,Vermont,S,Pink,Spring,4.9,No,No,31,Bank Transfer,Weekly,Teen,Medium
1415,29,Male,51,Minnesota,M,Black,Summer,4.5,No,Yes,3,Credit Card,Bi-Weekly,Young Adult,Medium
2746,28,Female,98,Michigan,M,Magenta,Summer,4.1,No,No,44,PayPal,Bi-Weekly,Young Adult,High
2977,30,Female,97,Nebraska,M,Silver,Summer,2.8,No,No,28,Cash,Fortnightly,Young Adult,High
797,42,Male,78,Arizona,XL,Black,Fall,4,Yes,Yes,43,Credit Card,Annually,Adult,High
853,34,Male,60,Florida,L,Yellow,Spring,4.2,Yes,Yes,23,Debit Card,Every 3 Months,Young Adult,Medium
835,52,Male,89,Nevada,M,Indigo,Summer,3.1,Yes,Yes,18,Credit Card,Weekly,Senior,High
3450,48,Female,37,Kansas,M,Brown,Spring,4.5,No,No,35,Cash,Monthly,Adult,Medium
1228,27,Male,37,Illinois,L,Yellow,Spring,4.9,No,Yes,19,Bank Transfer,Bi-Weekly,Young Adult,Medium
5021,34,Male,,Phoenix,L,Green,Autumn,3,Yes,No,,Credit Card,Weekly,Young Adult,High
1341,40,Male,72,Idaho,M,Peach,Fall,4.4,No,Yes,5,Debit Card,Every 3 Months,Adult,High
5017,20,Other,193.65,Chicago,,Blue,Winter,,No,Yes,,Credit Card,Monthly,Teen,High
4822,23,Other,,Los Angeles,S,Blue,Summer,1,Yes,No,40,PayPal,Quarterly,Young Adult,High
665,63,Male,83,Colorado,M,Indigo,Winter,4.4,Yes,Yes,41,PayPal,Bi-Weekly,Senior,High
570,65,Male,33,Alabama,M,Pink,Fall,4.4,Yes,Yes,46,Credit Card,Every 3 Months,Senior,Medium
447,19,Male,74,West Virginia,M,Silver,Summer,4.1,Yes,Yes,15,Venmo,Monthly,Teen,High
3413,61,Female,83,Indiana,M,Magenta,Fall,3.8,No,No,31,Venmo,Quarterly,Senior,High
3810,57,Female,33,New York,S,Maroon,Winter,3.7,No,No,28,Credit Card,Annually,Senior,Medium
1492,27,Male,54,Arkansas,S,Black,Summer,2.7,No,Yes,10,Bank Transfer,Quarterly,Young Adult,Medium
389,22,Male,82,Washington,M,Orange,Summer,2.7,Yes,Yes,10,PayPal,Quarterly,Young Adult,High
3588,33,Female,90,Virginia,S,Violet,Summer,4.4,No,No,33,Debit Card,Annually,Young Adult,High
1280,63,Male,56,Maryland,L,Charcoal,Fall,3.7,No,Yes,18,Debit Card,Annually,Senior,Medium
2385,24,Male,35,Alabama,L,Green,Winter,3.3,No,No,40,PayPal,Quarterly,Young Adult,Medium
317,36,Male,22,California,M,Charcoal,Fall,3.3,Yes,Yes,46,Venmo,Monthly,Adult,Low
3688,34,Female,44,Arkansas,L,Lavender,Summer,2.9,No,No,28,Bank Transfer,Every 3 Months,Young Adult,Medium
3732,54,Female,62,West Virginia,M,Lavender,Spring,3.1,No,No,45,PayPal,Quarterly,Senior,Medium
4328,29,Female,,New York,M,Green,Spring,4,No,No,3,Cash,Monthly,Young Adult,High
3086,24,Female,50,Nevada,L,Gray,Winter,2.8,No,No,10,Venmo,Every 3 Months,Young Adult,Medium
29,54,Male,94,North Carolina,M,Gray,Fall,4.4,Yes,Yes,41,PayPal,Every 3 Months,Senior,High
365,62,Male,88,North Dakota,L,Charcoal,Summer,3,Yes,Yes,7,Venmo,Every 3 Months,Senior,High
3523,27,Female,85,New Jersey,M,Yellow,Spring,3.2,No,No,13,Cash,Quarterly,Young Adult,High
3779,25,Female,60,South Dakota,M,Cyan,Fall,2.9,No,No,30,Debit Card,Annually,Young Adult,Medium
4949,39,Other,119.25,New York,,White,Summer,,Yes,No,28,Cash,Monthly,Adult,High
298,48,Male,26,Delaware,XL,Purple,Summer,4.4,Yes,Yes,4,Credit Card,Bi-Weekly,Adult,Low
2214,54,Male,94,Hawaii,M,Maroon,Fall,2.9,No,No,18,Debit Card,Quarterly,Senior,High
4841,51,Other,,Phoenix,L,Blue,Autumn,,No,No,14,PayPal,Weekly,Senior,High
3883,35,Female,95,North Dakota,L,Blue,Fall,2.6,No,No,24,Cash,Fortnightly,Young Adult,High
702,51,Male,90,Idaho,L,Red,Fall,3.3,Yes,Yes,5,Debit Card,Every 3 Months,Senior,High
1574,36,Male,31,North Dakota,L,Indigo,Summer,4.3,No,Yes,25,Debit Card,Weekly,Adult,Medium
1060,22,Male,34,North Carolina,M,Beige,Winter,2.5,No,Yes,25,Debit Card,Monthly,Young Adult,Medium
426,40,Male,87,North Dakota,S,Teal,Winter,3.3,Yes,Yes,4,Credit Card,Quarterly,Adult,High
4707,65,Other,,Chicago,S,Black,Summer,2,Yes,No,,Cash,Weekly,Senior,High
3861,57,Female,64,Pennsylvania,M,Turquoise,Summer,4.4,No,No,44,Cash,Annually,Senior,Medium
1833,69,Male,29,Louisiana,M,Blue,Fall,4.6,No,No,48,Cash,Monthly,Senior,Low
493,50,Male,62,Michigan,M,Black,Fall,3.9,Yes,Yes,11,Debit Card,Weekly,Adult,Medium
1631,63,Male,48,New Jersey,M,Gold,Summer,2.9,No,Yes,29,Venmo,Every 3 Months,Senior,Medium
3096,62,Female,53,Minnesota,S,Beige,Fall,3.4,No,No,13,Venmo,Fortnightly,Senior,Medium
3121,46,Female,76,Louisiana,M,Magenta,Fall,4,No,No,32,Debit Card,Fortnightly,Adult,High
2803,22,Female,100,Hawaii,L,Red,Fall,3.1,No,No,42,Credit Card,Fortnightly,Young Adult,High
2158,41,Male,68,Mississippi,L,Turquoise,Winter,4,No,No,41,Venmo,Fortnightly,Adult,Medium
1245,70,Male,76,Indiana,S,Silver,Summer,3.9,No,Yes,2,Cash,Monthly,Senior,High
1353,65,Male,89,Indiana,XL,Orange,Spring,4.5,No,Yes,37,Credit Card,Bi-Weekly,Senior,High
2628,66,Male,26,Missouri,L,Silver,Fall,3.6,No,No,40,Bank Transfer,Quarterly,Senior,Low
1984,59,Male,97,Georgia,M,Pink,Summer,2.6,No,No,21,Debit Card,Quarterly,Senior,High
3225,37,Female,80,Delaware,L,Indigo,Winter,2.7,No,No,18,PayPal,Monthly,Adult,High
1164,26,Male,56,Tennessee,L,White,Summer,3,No,Yes,24,Debit Card,Monthly,Young Adult,Medium
4951,34,Male,,Phoenix,,Black,Spring,1,No,No,,Cash,Monthly,Young Adult,High
2755,59,Female,61,New Jersey,L,Gold,Summer,3.6,No,No,21,Venmo,Bi-Weekly,Senior,Medium
4071,54,Male,1357.03,Phoenix,XL,Black,Winter,,Yes,No,,Debit Card,Quarterly,Senior,High
982,27,Male,42,Maryland,M,Silver,Spring,3.5,Yes,Yes,47,Credit Card,Quarterly,Young Adult,Medium
1799,40,Male,82,North Dakota,L,Magenta,Winter,3.7,No,No,1,Cash,Weekly,Adult,High
1684,23,Male,57,Arkansas,S,Lavender,Spring,3.5,No,No,37,Venmo,Quarterly,Young Adult,Medium
89,33,Male,47,Wyoming,M,Orange,Fall,3.5,Yes,Yes,35,Credit Card,Monthly,Young Adult,Medium
281,45,Male,69,Montana,S,Cyan,Fall,4.2,Yes,Yes,21,Cash,Bi-Weekly,Adult,Medium
1621,25,Male,47,Virginia,M,Charcoal,Winter,3.1,No,Yes,27,PayPal,Every 3 Months,Young Adult,Medium
2514,69,Male,53,Washington,L,Teal,Winter,3.5,No,No,42,Cash,Annually,Senior,Medium
3412,29,Female,56,New York,L,Gray,Winter,4.9,No,No,45,Cash,Weekly,Young Adult,Medium
2585,26,Male,30,Florida,L,Blue,Summer,2.9,No,No,26,Bank Transfer,Bi-Weekly,Young Adult,Medium
3054,32,Female,91,Maine,L,Brown,Winter,3.2,No,No,22,Bank Transfer,Monthly,Young Adult,High
2776,37,Female,25,Montana,L,Red,Fall,3.6,No,No,16,Debit Card,Weekly,Adult,Low
1170,25,Male,94,Wyoming,S,Gray,Fall,4.5,No,Yes,3,Cash,Annually,Young Adult,High
3444,47,Female,24,Tennessee,L,Silver,Summer,5,No,No,28,Cash,Bi-Weekly,Adult,Low
5055,66,Male,,New York,S,White,Spring,,No,Yes,36,Cash,Monthly,Senior,High
2444,24,Male,30,South Dakota,M,Green,Spring,3.4,No,No,24,Bank Transfer,Bi-Weekly,Young Adult,Medium
1259,47,Male,87,Ohio,XL,Gold,Spring,4.1,No,Yes,34,Debit Card,Every 3 Months,Adult,High
4857,19,Male,643.57,Chicago,L,Red,Autumn,1,No,No,,PayPal,Monthly,Teen,High
2313,19,Male,30,Vermont,L,Violet,Summer,3.7,No,No,19,Cash,Every 3 Months,Teen,Medium
4310,53,Female,,Los Angeles,L,White,Winter,5,Yes,No,,Cash,Monthly,Senior,High
2175,42,Male,49,Colorado,S,Olive,Spring,2.9,No,No,1,Cash,Annually,Adult,Medium
2602,61,Male,33,Mississippi,L,Orange,Winter,2.9,No,No,43,Cash,Monthly,Senior,Medium
3009,39,Female,86,New Mexico,M,Gold,Winter,4.9,No,No,19,PayPal,Weekly,Adult,High
4720,69,Male,611.08,New York,XL,Black,Summer,,No,No,46,PayPal,Weekly,Senior,High
1268,47,Male,83,Oregon,S,Gray,Spring,2.7,No,Yes,41,Cash,Weekly,Adult,High
4036,41,Male,,Phoenix,M,Black,Summer,5,No,No,48,Cash,Quarterly,Adult,High
2995,69,Female,100,Nevada,S,White,Winter,3.5,No,No,14,Bank Transfer,Quarterly,Senior,High
3368,44,Female,48,Tennessee,M,Blue,Summer,3.1,No,No,6,Venmo,Fortnightly,Adult,Medium
3052,44,Female,64,Wyoming,L,Gold,Summer,4.6,No,No,49,Debit Card,Every 3 Months,Adult,Medium
3049,69,Female,93,Colorado,M,Olive,Summer,3.9,No,No,47,Venmo,Fortnightly,Senior,High
843,59,Male,87,Missouri,M,Violet,Spring,3.6,Yes,Yes,25,PayPal,Weekly,Senior,High
3876,63,Female,51,New Hampshire,M,Pink,Winter,3.3,No,No,21,Credit Card,Annually,Senior,Medium
2154,35,Male,94,Kentucky,M,Violet,Fall,4.2,No,No,31,PayPal,Annually,Young Adult,High
1309,59,Male,38,Rhode Island,L,Red,Summer,4.4,No,Yes,14,Credit Card,Every 3 Months,Senior,Medium
1371,27,Male,67,Montana,L,Peach,Summer,,No,Yes,41,Bank Transfer,Every 3 Months,Young Adult,Medium
988,62,Male,47,West Virginia,M,Charcoal,Summer,2.8,Yes,Yes,48,PayPal,Weekly,Senior,Medium
793,34,Male,45,New Jersey,M,Violet,Spring,4.2,Yes,Yes,45,Venmo,Weekly,Young Adult,Medium
782,30,Male,44,Vermont,L,Indigo,Winter,3,Yes,Yes,12,Credit Card,Fortnightly,Young Adult,Medium
753,39,Male,85,Ohio,L,Yellow,Fall,4.2,Yes,Yes,17,PayPal,Every 3 Months,Adult,High
2109,54,Male,46,North Dakota,XL,Beige,Winter,4.2,No,No,4,Credit Card,Quarterly,Senior,Medium
2604,69,Male,58,Washington,M,Teal,Spring,2.7,No,No,8,Cash,Annually,Senior,Medium
3485,44,Female,75,Illinois,L,Gray,Fall,4.2,No,No,13,Credit Card,Bi-Weekly,Adult,High
3436,68,Female,91,Montana,M,Beige,Summer,2.7,No,No,50,Debit Card,Bi-Weekly,Senior,High
3019,43,Female,41,Texas,M,Green,Summer,3,No,No,21,Debit Card,Bi-Weekly,Adult,Medium
954,68,Male,50,Utah,S,Cyan,Spring,3.6,Yes,Yes,36,Venmo,Quarterly,Senior,Medium
1892,69,Male,74,New Hampshire,M,Gray,Summer,2.6,No,No,48,Debit Card,Quarterly,Senior,High
501,36,Male,31,Washington,L,Purple,Fall,4.8,Yes,Yes,35,Venmo,Every 3 Months,Adult,Medium
2865,58,Female,43,Illinois,S,Maroon,Fall,3.6,No,No,31,Venmo,Weekly,Senior,Medium
3056,27,Female,22,Kansas,M,Violet,Fall,5,No,No,5,Debit Card,Bi-Weekly,Young Adult,Low
1496,45,Male,23,Rhode Island,M,Brown,Winter,4.5,No,Yes,6,PayPal,Weekly,Adult,Low
4207,44,Other,896.53,New York,,Blue,Winter,4,Yes,No,0,Debit Card,Monthly,Adult,High
3453,26,Female,20,Oklahoma,M,Indigo,Spring,3.7,No,No,3,Venmo,Fortnightly,Young Adult,Low
343,64,Male,36,Kentucky,M,Olive,Spring,2.6,Yes,Yes,48,Credit Card,Every 3 Months,Senior,Medium
2289,28,Male,91,California,M,Orange,Fall,3.8,No,No,50,PayPal,Weekly,Young Adult,High
1732,21,Male,87,Idaho,M,Gray,Fall,3.1,No,No,12,Cash,Monthly,Young Adult,High
2178,24,Male,93,Montana,XL,Green,Winter,3,No,No,9,PayPal,Bi-Weekly,Young Adult,High
4428,37,Male,,Los Angeles,M,Green,Winter,,Yes,Yes,,Credit Card,Quarterly,Adult,High
4688,61,Female,,Houston,,Black,Winter,4,No,No,40,Credit Card,Monthly,Senior,High
1373,64,Male,61,Michigan,M,Gray,Fall,4,No,Yes,44,PayPal,Bi-Weekly,Senior,Medium
2612,33,Male,99,Michigan,L,Maroon,Fall,4.2,No,No,4,Cash,Fortnightly,Young Adult,High
1247,27,Male,60,Louisiana,M,Charcoal,Winter,2.7,No,Yes,27,Cash,Monthly,Young Adult,Medium
2254,62,Male,31,Oklahoma,M,Brown,Spring,2.6,No,No,22,PayPal,Monthly,Senior,Medium
4485,37,Female,282.95,Houston,XL,Blue,Winter,2,No,No,,Credit Card,Monthly,Adult,High
941,48,Male,44,Colorado,S,Maroon,Spring,2.6,Yes,Yes,15,PayPal,Every 3 Months,Adult,Medium
2705,52,Female,54,Tennessee,L,Beige,Spring,3.4,No,No,35,Debit Card,Weekly,Senior,Medium
1941,50,Male,89,Alaska,L,Gray,Fall,3.9,No,No,48,PayPal,Fortnightly,Adult,High
2826,69,Female,62,North Carolina,M,Yellow,Winter,4.3,No,No,28,Bank Transfer,Annually,Senior,Medium
1647,58,Male,77,Nebraska,S,Silver,Summer,3.7,No,Yes,20,Bank Transfer,Every 3 Months,Senior,High
3467,49,Female,42,Maryland,S,Purple,Summer,4.6,No,No,43,Bank Transfer,Annually,Adult,Medium
224,20,Male,41,Wyoming,M,Turquoise,Spring,4.8,Yes,Yes,34,PayPal,Annually,Teen,Medium
4627,54,Female,860.91,Houston,,Black,Summer,,No,Yes,16,Cash,Quarterly,Senior,High
5046,70,Female,,New York,M,White,Autumn,,Yes,No,,PayPal,Quarterly,Senior,High
4828,61,Female,1186.38,New York,XL,White,Spring,5,No,No,27,Cash,Quarterly,Senior,High
574,58,Male,68,California,M,Charcoal,Summer,3.2,Yes,Yes,23,Credit Card,Bi-Weekly,Senior,Medium
1670,42,Male,59,Wisconsin,L,Maroon,Winter,2.7,No,Yes,22,Bank Transfer,Quarterly,Adult,Medium
324,66,Male,78,Tennessee,M,Orange,Winter,3.5,Yes,Yes,29,PayPal,Bi-Weekly,Senior,High
4333,32,Female,,Los Angeles,,Blue,Winter,,No,Yes,,Credit Card,Quarterly,Young Adult,High
1065,34,Male,28,Wyoming,M,Violet,Spring,3.5,No,Yes,42,Credit Card,Every 3 Months,Young Adult,Low
2583,19,Male,98,South Dakota,S,Indigo,Fall,3.6,No,No,4,Venmo,Every 3 Months,Teen,High
707,46,Male,47,Iowa,L,Turquoise,Summer,4.8,Yes,Yes,27,Debit Card,Weekly,Adult,Medium
1058,65,Male,23,Wisconsin,S,Maroon,Spring,4.4,No,Yes,20,Credit Card,Weekly,Senior,Low
2835,39,Female,43,Texas,M,Indigo,Fall,2.9,No,No,17,Credit Card,Weekly,Adult,Medium
4593,56,Other,,New York,,Blue,Winter,,No,Yes,11,Debit Card,Monthly,Senior,High
5052,24,Female,220.25,New York,S,Red,Autumn,,Yes,No,,Cash,Quarterly,Young Adult,High
2337,19,Male,94,California,M,Green,Winter,3.1,No,No,11,Credit Card,Weekly,Teen,High
530,32,Male,84,California,M,Orange,Fall,3.7,Yes,Yes,6,Credit Card,Monthly,Young Adult,High
1512,34,Male,91,Georgia,M,Violet,Winter,3.6,No,Yes,48,Credit Card,Weekly,Young Adult,High
4967,20,Other,,Phoenix,S,White,Winter,4,No,Yes,,Debit Card,Monthly,Teen,High
4502,38,Female,69.72,Houston,XL,Red,Spring,,No,No,,Credit Card,Quarterly,Adult,Medium
4725,59,Other,175.4,Phoenix,,White,Spring,,Yes,Yes,47,Cash,Quarterly,Senior,High
730,41,Male,56,Minnesota,L,Beige,Summer,3.2,Yes,Yes,46,PayPal,Every 3 Months,Adult,Medium
229,18,Male,79,New Hampshire,M,White,Spring,2.9,Yes,Yes,11,Credit Card,Annually,Teen,High
1194,40,Male,55,Alaska,L,Pink,Fall,5,No,Yes,18,Credit Card,Fortnightly,Adult,Medium
4805,40,Male,,Phoenix,L,Blue,Winter,3,No,Yes,6,Cash,Monthly,Adult,High
4138,40,Female,780.59,Los Angeles,,Blue,Autumn,,No,No,,PayPal,Weekly,Adult,High
798,42,Male,82,Maryland,M,Violet,Fall,4,Yes,Yes,38,Debit Card,Weekly,Adult,High
3830,69,Female,32,Washington,M,Indigo,Spring,2.9,No,No,32,Debit Card,Fortnightly,Senior,Medium
847,49,Male,72,Kentucky,M,Pink,Spring,3.7,Yes,Yes,42,Debit Card,Quarterly,Adult,High
1098,58,Male,27,Vermont,M,Black,Summer,3.2,No,Yes,47,Bank Transfer,Weekly,Senior,Low
2401,43,Male,88,Oregon,M,Peach,Winter,4.2,No,No,11,Credit Card,Bi-Weekly,Adult,High
3833,64,Female,38,Kansas,XL,Purple,Winter,4.8,No,No,27,Cash,Weekly,Senior,Medium
2114,63,Male,40,Virginia,M,Brown,Spring,2.7,No,No,29,PayPal,Every 3 Months,Senior,Medium
38,35,Male,45,Indiana,S,Cyan,Summer,2.8,Yes,Yes,10,PayPal,Weekly,Young Adult,Medium
1804,60,Male,97,New Hampshire,S,Gray,Summer,3.5,No,No,33,Venmo,Fortnightly,Senior,High
4884,43,Other,489.56,Chicago,M,Red,Spring,2,No,Yes,32,Debit Card,Weekly,Adult,High
3731,46,Female,79,Florida,M,Teal,Summer,2.5,No,No,3,Credit Card,Bi-Weekly,Adult,High
4348,42,Male,1033.69,New York,L,Blue,Winter,1,No,No,23,Debit Card,Monthly,Adult,High
784,63,Male,65,Louisiana,L,Purple,Winter,4.5,Yes,Yes,38,PayPal,Fortnightly,Senior,Medium
4581,32,Male,230.19,New York,M,Black,Winter,,No,Yes,,Cash,Weekly,Young Adult,High
4472,63,Female,,Los Angeles,S,Red,Spring,,Yes,No,,Cash,Monthly,Senior,High
4365,29,Other,1069.81,Los Angeles,S,Red,Winter,1,Yes,No,,Credit Card,Quarterly,Young Adult,High
2742,68,Female,81,Maine,L,Yellow,Fall,4.9,No,No,41,Venmo,Monthly,Senior,High
1318,28,Male,43,Kentucky,M,Green,Spring,2.8,No,Yes,19,Cash,Monthly,Young Adult,Medium
994,51,Male,90,Iowa,M,Peach,Winter,4.4,Yes,Yes,25,Cash,Weekly,Senior,High
3021,23,Female,81,Arkansas,S,Charcoal,Fall,2.8,No,No,48,Venmo,Every 3 Months,Young Adult,High
3387,34,Female,62,Michigan,M,Lavender,Fall,2.6,No,No,36,Cash,Quarterly,Young Adult,Medium
405,35,Male,93,Delaware,M,Indigo,Spring,4.8,Yes,Yes,11,Credit Card,Monthly,Young Adult,High
4419,36,Female,,New York,M,White,Winter,3,Yes,Yes,,Credit Card,Quarterly,Adult,High
989,50,Male,84,Ohio,M,Orange,Winter,4.9,Yes,Yes,47,PayPal,Fortnightly,Adult,High
836,35,Male,26,Maryland,L,Indigo,Summer,2.5,Yes,Yes,21,Debit Card,Weekly,Young Adult,Low
1816,51,Male,72,New Mexico,L,White,Winter,4.5,No,No,48,Credit Card,Every 3 Months,Senior,High
1493,62,Male,38,North Carolina,M,Maroon,Summer,4.5,No,Yes,3,Venmo,Quarterly,Senior,Medium
2397,38,Male,82,Oregon,M,Olive,Spring,3.7,No,No,20,Venmo,Weekly,Adult,High
821,56,Male,39,Louisiana,M,Turquoise,Spring,2.5,Yes,Yes,27,Debit Card,Monthly,Senior,Medium
2773,18,Female,94,Pennsylvania,L,Blue,Spring,3.5,No,No,10,Bank Transfer,Every 3 Months,Teen,High
3136,68,Female,85,Indiana,L,Yellow,Spring,4.7,No,No,48,Venmo,Fortnightly,Senior,High
2041,69,Male,25,South Carolina,XL,Gray,Spring,2.9,No,No,42,Venmo,Quarterly,Senior,Low
1298,44,Male,85,New Jersey,M,Silver,Summer,4.6,No,Yes,32,Venmo,Annually,Adult,High
1590,42,Male,72,Ohio,M,Silver,Summer,2.7,No,Yes,48,Cash,Weekly,Adult,High
4956,69,Other,843.8,Houston,XL,Blue,Autumn,4,Yes,No,,Debit Card,Monthly,Senior,High
1302,42,Male,54,Maine,M,Orange,Fall,5,No,Yes,21,Debit Card,Weekly,Adult,Medium
2244,56,Male,21,Massachusetts,M,Teal,Winter,3.7,No,No,13,Debit Card,Annually,Senior,Low
1419,18,Male,75,Alabama,M,Violet,Summer,4.1,No,Yes,23,Venmo,Every 3 Months,Teen,High
3030,64,Female,82,Georgia,M,Gold,Summer,3.1,No,No,1,Debit Card,Quarterly,Senior,High
4499,49,Female,,Los Angeles,S,Black,Summer,,No,Yes,36,Cash,Monthly,Adult,High
394,33,Male,65,Vermont,L,Maroon,Fall,4.2,Yes,Yes,6,PayPal,Fortnightly,Young Adult,Medium
3262,48,Female,52,Rhode Island,L,Cyan,Winter,3.4,No,No,50,Debit Card,Weekly,Adult,Medium
1504,50,Male,30,Michigan,M,Maroon,Fall,3.9,No,Yes,46,Cash,Quarterly,Adult,Medium
3102,32,Female,82,Idaho,S,Brown,Summer,2.7,No,No,9,PayPal,Fortnightly,Young Adult,High
2070,36,Male,82,Texas,M,Indigo,Fall,3.4,No,No,3,Debit Card,Quarterly,Adult,High
1033,55,Male,36,Maine,M,Lavender,Fall,4,Yes,Yes,44,Credit Card,Quarterly,Senior,Medium
3348,22,Female,70,Iowa,XL,Cyan,Summer,4.4,No,No,28,PayPal,Bi-Weekly,Young Adult,High
2708,32,Female,88,Nebraska,M,Pink,Fall,4.2,No,No,19,Cash,Weekly,Young Adult,High
2582,57,Male,81,Wyoming,M,Gold,Winter,4.7,No,No,48,Credit Card,Monthly,Senior,High
2673,56,Female,28,West Virginia,M,Maroon,Spring,2.9,No,No,13,Cash,Annually,Senior,Low
313,38,Male,89,Massachusetts,L,Green,Spring,3.4,Yes,Yes,6,PayPal,Annually,Adult,High
2870,57,Female,58,Georgia,M,White,Summer,4.2,No,No,16,Bank Transfer,Weekly,Senior,Medium
2294,37,Male,68,Georgia,L,Green,Fall,3.3,No,No,16,Debit Card,Every 3 Months,Adult,Medium
4143,18,Other,,Houston,,Red,Spring,,Yes,No,6,Debit Card,Weekly,Teen,High
3820,36,Female,99,Arkansas,S,Gold,Spring,2.9,No,No,45,Cash,Quarterly,Adult,High
2731,23,Female,32,Wisconsin,M,Teal,Winter,4.1,No,No,37,Bank Transfer,Annually,Young Adult,Medium
353,27,Male,71,Texas,XL,Yellow,Fall,4.9,Yes,Yes,12,Cash,Every 3 Months,Young Adult,High
3166,49,Female,92,Hawaii,M,Lavender,Spring,3,No,No,38,Bank Transfer,Every 3 Months,Adult,High
643,64,Male,25,Arkansas,L,Red,Spring,2.8,Yes,Yes,14,Debit Card,Bi-Weekly,Senior,Low
3770,51,Female,87,Arizona,L,Green,Summer,3.6,No,No,31,Venmo,Annually,Senior,High
4078,46,Other,581.66,Los Angeles,S,Black,Summer,,No,Yes,,PayPal,Quarterly,Adult,High
3075,26,Female,55,Massachusetts,L,Maroon,Winter,4.2,No,No,34,Debit Card,Fortnightly,Young Adult,Medium
1474,69,Male,63,Wisconsin,M,Violet,Fall,4.3,No,Yes,20,Credit Card,Every 3 Months,Senior,Medium
3125,57,Female,51,California,M,Peach,Summer,3.4,No,No,4,Cash,Every 3 Months,Senior,Medium
1520,50,Male,73,Texas,L,Cyan,Fall,4.9,No,Yes,40,PayPal,Weekly,Adult,High
3473,31,Female,42,Georgia,S,White,Summer,4,No,No,15,Debit Card,Weekly,Young Adult,Medium
3417,25,Female,53,Alabama,M,Purple,Spring,3.2,No,No,11,Bank Transfer,Every 3 Months,Young Adult,Medium
4108,21,Male,1410.28,Chicago,M,White,Spring,,No,Yes,0,Credit Card,Quarterly,Young Adult,High
2142,24,Male,98,Kentucky,M,Peach,Winter,4.1,No,No,32,PayPal,Annually,Young Adult,High
2541,24,Male,42,New Jersey,M,Charcoal,Summer,3.9,No,No,11,Debit Card,Quarterly,Young Adult,Medium
3194,63,Female,99,Virginia,L,Teal,Winter,4,No,No,35,Credit Card,Fortnightly,Senior,High
4442,37,Male,201.93,Houston,S,Black,Spring,,No,Yes,,Credit Card,Weekly,Adult,High
1505,60,Male,80,Alaska,M,Teal,Winter,4.2,No,Yes,10,Bank Transfer,Monthly,Senior,High
285,63,Male,45,Ohio,M,Red,Summer,3.5,Yes,Yes,4,PayPal,Quarterly,Senior,Medium
3005,45,Female,79,Arizona,M,Lavender,Winter,3.7,No,No,23,Venmo,Fortnightly,Adult,High
1730,47,Male,21,Illinois,M,Brown,Winter,3.8,No,No,12,Venmo,Fortnightly,Adult,Low
4463,38,Female,,New York,M,Black,Autumn,3,No,No,2,Cash,Weekly,Adult,High
2106,65,Male,35,South Carolina,M,Silver,Spring,4.5,No,No,38,Venmo,Bi-Weekly,Senior,Medium
1425,66,Male,23,Connecticut,S,Indigo,Fall,3.5,No,Yes,34,Bank Transfer,Every 3 Months,Senior,Low
4125,20,Other,543.93,Phoenix,,Black,Summer,5,No,No,37,Cash,Weekly,Teen,High
1038,52,Male,25,Rhode Island,XL,Brown,Spring,3.4,Yes,Yes,48,Debit Card,Quarterly,Senior,Low
4589,33,Female,,New York,L,Red,Summer,2,No,No,,Debit Card,Weekly,Young Adult,High
1165,68,Male,96,Montana,M,Green,Winter,4.2,No,Yes,47,PayPal,Quarterly,Senior,High
272,65,Male,69,Maryland,XL,Yellow,Summer,4.6,Yes,Yes,42,Credit Card,Fortnightly,Senior,Medium
1263,29,Male,62,Tennessee,L,Brown,Winter,4.8,No,Yes,44,Venmo,Monthly,Young Adult,Medium
4611,66,Other,,Houston,,Red,Summer,1,No,Yes,34,Credit Card,Quarterly,Senior,High
1539,56,Male,65,Illinois,L,Charcoal,Fall,3.2,No,Yes,22,Venmo,Bi-Weekly,Senior,Medium
3657,35,Female,67,North Dakota,XL,Cyan,Spring,3.7,No,No,18,Credit Card,Monthly,Young Adult,Medium
463,59,Male,81,Illinois,M,White,Fall,3.3,Yes,Yes,48,Venmo,Every 3 Months,Senior,High
1891,36,Male,57,Hawaii,M,Lavender,Spring,3.4,No,No,5,Credit Card,Weekly,Adult,Medium
4612,62,Other,1294.07,Houston,XL,White,Spring,,No,Yes,39,Debit Card,Weekly,Senior,High
2480,37,Male,98,Kansas,S,Olive,Fall,4.2,No,No,26,Credit Card,Every 3 Months,Adult,High
1430,24,Male,38,Maryland,L,Gold,Fall,4.7,No,Yes,6,Credit Card,Every 3 Months,Young Adult,Medium
2,19,Male,64,Maine,L,Maroon,Winter,3.1,Yes,Yes,2,Cash,Fortnightly,Teen,Medium
4356,33,Female,,Houston,XL,Blue,Autumn,5,Yes,No,2,PayPal,Weekly,Young Adult,High
4614,56,Female,,Chicago,,Red,Spring,,No,Yes,,Debit Card,Quarterly,Senior,High
1072,61,Male,81,Pennsylvania,M,Beige,Summer,2.6,No,Yes,46,Credit Card,Monthly,Senior,High
1319,52,Male,93,Connecticut,M,Maroon,Spring,2.7,No,Yes,19,Credit Card,Bi-Weekly,Senior,High
3496,24,Female,33,Georgia,XL,Gray,Spring,2.8,No,No,14,Cash,Weekly,Young Adult,Medium
2396,62,Male,83,Connecticut,M,Cyan,Winter,3.5,No,No,47,PayPal,Bi-Weekly,Senior,High
2166,29,Male,55,Idaho,M,Turquoise,Summer,4.2,No,No,42,Credit Card,Every 3 Months,Young Adult,Medium
993,46,Male,99,Louisiana,M,Gray,Winter,4.6,Yes,Yes,50,Debit Card,Weekly,Adult,High
2177,24,Male,91,Vermont,S,Red,Winter,3.4,No,No,44,Debit Card,Quarterly,Young Adult,High
2025,62,Male,23,Arkansas,L,Silver,Fall,3.7,No,No,39,PayPal,Weekly,Senior,Low
4885,51,Male,1459.71,New York,,Blue,Summer,5,Yes,No,,PayPal,Quarterly,Senior,High
2379,26,Male,71,New Hampshire,L,Teal,Summer,2.7,No,No,37,PayPal,Bi-Weekly,Young Adult,High
770,52,Male,100,Delaware,M,Silver,Spring,4.3,Yes,Yes,8,PayPal,Monthly,Senior,High
1562,50,Male,38,Mississippi,M,Indigo,Summer,3.8,No,Yes,2,Bank Transfer,Quarterly,Adult,Medium
535,65,Male,72,Florida,L,Pink,Fall,4.5,Yes,Yes,4,PayPal,Quarterly,Senior,High
895,44,Male,60,Wyoming,L,Purple,Spring,3.8,Yes,Yes,3,Debit Card,Quarterly,Adult,Medium
5012,33,Other,509.47,Los Angeles,M,Green,Spring,4,No,No,11,Debit Card,Weekly,Young Adult,High
238,50,Male,90,Iowa,M,Beige,Summer,3,Yes,Yes,36,Debit Card,Fortnightly,Adult,High
1279,28,Male,98,Utah,M,Violet,Fall,2.8,No,Yes,31,Venmo,Fortnightly,Young Adult,High
94,37,Male,62,Florida,M,Purple,Fall,4.5,Yes,Yes,46,Credit Card,Weekly,Adult,Medium
4297,60,Other,379.18,New York,M,White,Spring,5,No,Yes,12,Cash,Quarterly,Senior,High
3394,60,Female,90,Arizona,M,Gold,Fall,3.1,No,No,50,Debit Card,Monthly,Senior,High
1436,45,Male,95,Oregon,XL,Black,Fall,4,No,Yes,41,Cash,Weekly,Adult,High
474,34,Male,42,West Virginia,L,Olive,Spring,3.9,Yes,Yes,29,PayPal,Every 3 Months,Young Adult,Medium
2148,47,Male,43,Missouri,S,Charcoal,Fall,4.8,No,No,4,Cash,Fortnightly,Adult,Medium
3570,35,Female,94,Alaska,M,Olive,Fall,3.3,No,No,9,Bank Transfer,Fortnightly,Young Adult,High
2669,59,Female,75,Texas,M,Black,Summer,4.8,No,No,9,PayPal,Quarterly,Senior,High
1414,51,Male,79,New Hampshire,S,Indigo,Fall,2.7,No,Yes,12,Bank Transfer,Quarterly,Senior,High
4928,62,Other,,Houston,M,White,Summer,,Yes,No,4,Credit Card,Weekly,Senior,High
488,41,Male,68,Iowa,L,Red,Winter,4.4,Yes,Yes,22,Credit Card,Quarterly,Adult,Medium
3370,47,Female,51,Maine,M,Indigo,Winter,3.8,No,No,42,Cash,Monthly,Adult,Medium
3124,57,Female,77,Iowa,XL,Red,Fall,3.3,No,No,40,Venmo,Bi-Weekly,Senior,High
1774,21,Male,92,West Virginia,M,Blue,Summer,2.7,No,No,17,PayPal,Annually,Young Adult,High
1282,29,Male,81,New Jersey,M,Olive,Spring,4.5,No,Yes,8,Venmo,Bi-Weekly,Young Adult,High
3445,53,Female,63,Rhode Island,S,Green,Summer,3.8,No,No,12,Bank Transfer,Bi-Weekly,Senior,Medium
3424,33,Female,71,Massachusetts,M,Brown,Spring,3.8,No,No,21,PayPal,Bi-Weekly,Young Adult,High
144,30,Male,48,Missouri,M,Beige,Fall,2.7,Yes,Yes,25,PayPal,Quarterly,Young Adult,Medium
2276,29,Male,24,Oklahoma,M,Gray,Winter,4.4,No,No,10,Debit Card,Weekly,Young Adult,Low
1473,39,Male,24,Indiana,L,Turquoise,Spring,3.5,No,Yes,11,Cash,Weekly,Adult,Low
459,47,Male,91,Arkansas,L,Black,Winter,4,Yes,Yes,48,PayPal,Monthly,Adult,High
3582,26,Female,95,Georgia,M,Orange,Fall,4.9,No,No,50,Credit Card,Weekly,Young Adult,High
1898,53,Male,97,Alaska,L,Teal,Winter,2.9,No,No,11,Debit Card,Fortnightly,Senior,High
1599,47,Male,85,California,M,Teal,Fall,4.1,No,Yes,21,Venmo,Bi-Weekly,Adult,High
4494,35,Female,372.79,Houston,L,Blue,Summer,,No,Yes,49,PayPal,Monthly,Young Adult,High
2501,59,Male,84,Massachusetts,M,Violet,Fall,2.9,No,No,32,Cash,Bi-Weekly,Senior,High
4107,48,Male,236.32,Houston,,Red,Spring,,Yes,No,,Debit Card,Monthly,Adult,High
4396,65,Other,,Phoenix,S,Blue,Summer,,Yes,Yes,,Cash,Quarterly,Senior,High
2299,40,Male,87,Montana,L,Cyan,Spring,2.9,No,No,10,Cash,Every 3 Months,Adult,High
2745,38,Female,66,Wyoming,M,Silver,Winter,3.3,No,No,40,Credit Card,Monthly,Adult,Medium
648,54,Male,70,Mississippi,XL,Charcoal,Summer,3.7,Yes,Yes,23,Credit Card,Fortnightly,Senior,High
4572,45,Male,1270.13,New York,,Red,Autumn,1,No,No,3,Debit Card,Weekly,Adult,High
1800,32,Male,48,California,M,Charcoal,Fall,3.9,No,No,47,Venmo,Weekly,Young Adult,Medium
1558,27,Male,34,South Dakota,L,Magenta,Fall,3.5,No,Yes,34,PayPal,Quarterly,Young Adult,Medium
178,21,Male,42,Kansas,L,Magenta,Fall,3.7,Yes,Yes,47,Bank Transfer,Monthly,Young Adult,Medium
2311,30,Male,68,Virginia,M,Cyan,Spring,4.6,No,No,15,PayPal,Monthly,Young Adult,Medium
4901,61,Male,,Houston,M,White,Autumn,4,No,Yes,2,PayPal,Weekly,Senior,High
5038,43,Other,851.29,Los Angeles,,Green,Winter,,No,No,0,PayPal,Weekly,Adult,High
624,19,Male,70,Nevada,M,White,Fall,4.7,Yes,Yes,48,PayPal,Bi-Weekly,Teen,High
1007,21,Male,83,Michigan,S,Lavender,Summer,4.5,Yes,Yes,50,Venmo,Quarterly,Young Adult,High
1071,50,Male,75,North Carolina,M,Magenta,Summer,3.3,No,Yes,50,Debit Card,Weekly,Adult,High
3454,31,Female,60,Alabama,L,Pink,Winter,4.3,No,No,48,Venmo,Bi-Weekly,Young Adult,Medium
3711,60,Female,40,Hawaii,M,Yellow,Summer,3.6,No,No,32,Bank Transfer,Fortnightly,Senior,Medium
2458,53,Male,37,Delaware,M,Maroon,Fall,3.6,No,No,23,Cash,Quarterly,Senior,Medium
4426,66,Male,,Chicago,M,Blue,Summer,4,Yes,Yes,0,Cash,Quarterly,Senior,High
1826,23,Male,75,South Dakota,M,Pink,Winter,4.9,No,No,41,Credit Card,Weekly,Young Adult,High
418,23,Male,81,Mississippi,L,Beige,Fall,4.5,Yes,Yes,48,Debit Card,Quarterly,Young Adult,High
458,25,Male,99,Rhode Island,M,Blue,Spring,4.9,Yes,Yes,48,Debit Card,Every 3 Months,Young Adult,High
2801,70,Female,76,Arkansas,L,Violet,Fall,3.4,No,No,14,Cash,Bi-Weekly,Senior,High
4517,40,Other,,Houston,L,White,Autumn,,Yes,No,45,Debit Card,Monthly,Adult,High
2243,18,Male,66,Nevada,M,Orange,Spring,3.8,No,No,5,Credit Card,Bi-Weekly,Teen,Medium
2427,70,Male,42,Florida,M,Olive,Fall,4.6,No,No,26,Debit Card,Every 3 Months,Senior,Medium
161,27,Male,23,Texas,M,Orange,Summer,4.6,Yes,Yes,34,Venmo,Monthly,Young Adult,Low
1079,37,Male,59,Arizona,M,Silver,Fall,4.4,No,Yes,49,Credit Card,Fortnightly,Adult,Medium
4480,59,Female,464.46,Houston,S,Red,Spring,5,No,No,,PayPal,Monthly,Senior,High
2016,57,Male,82,Virginia,S,Pink,Summer,4.5,No,No,8,Credit Card,Fortnightly,Senior,High
3426,38,Female,54,Michigan,M,Blue,Summer,4.3,No,No,3,Debit Card,Bi-Weekly,Adult,Medium
2319,69,Male,28,Wyoming,L,White,Spring,3.1,No,No,30,Credit Card,Annually,Senior,Low
2969,26,Female,48,South Carolina,S,Gray,Fall,4.9,No,No,25,Cash,Every 3 Months,Young Adult,Medium
2355,56,Male,78,Wisconsin,M,Blue,Summer,4.8,No,No,27,Venmo,Monthly,Senior,High
1527,41,Male,22,Oklahoma,L,White,Summer,3.1,No,Yes,27,PayPal,Monthly,Adult,Low
1066,59,Male,20,Alabama,XL,Blue,Spring,4.1,No,Yes,3,PayPal,Every 3 Months,Senior,Low
5069,25,Male,,New York,,Blue,Winter,4,No,No,,Credit Card,Weekly,Young Adult,High
2853,40,Female,71,New York,M,Magenta,Spring,3,No,No,30,Venmo,Weekly,Adult,High
4282,40,Male,,Houston,L,Green,Summer,4,Yes,No,,Credit Card,Quarterly,Adult,High
4109,64,Female,,New York,,White,Winter,1,No,Yes,,Debit Card,Monthly,Senior,High
876,37,Male,39,North Dakota,L,Gray,Summer,4.1,Yes,Yes,7,Bank Transfer,Every 3 Months,Adult,Medium
4341,57,Other,,Phoenix,,Black,Summer,,Yes,Yes,,Credit Card,Weekly,Senior,High
671,63,Male,41,Louisiana,XL,Purple,Spring,4.8,Yes,Yes,37,Cash,Bi-Weekly,Senior,Medium
261,38,Male,57,Montana,S,Red,Winter,3.2,Yes,Yes,11,Credit Card,Every 3 Months,Adult,Medium
26,18,Male,25,Texas,M,Silver,Summer,3.6,Yes,Yes,14,PayPal,Annually,Teen,Low
3891,35,Female,81,Nebraska,XL,Green,Winter,2.6,No,No,33,Debit Card,Annually,Young Adult,High
2291,37,Male,48,Kansas,L,Magenta,Winter,3.3,No,No,23,PayPal,Quarterly,Adult,Medium
4637,56,Other,,Los Angeles,S,Blue,Spring,2,Yes,No,50,PayPal,Quarterly,Senior,High
1846,51,Male,78,Delaware,M,Orange,Winter,2.8,No,No,39,Bank Transfer,Quarterly,Senior,High
3522,52,Female,50,Maryland,M,Pink,Winter,3.7,No,No,35,Venmo,Weekly,Senior,Medium
557,40,Male,90,Montana,L,Indigo,Winter,5,Yes,Yes,21,Cash,Fortnightly,Adult,High
3442,64,Female,96,Tennessee,XL,Charcoal,Fall,4.1,No,No,15,Credit Card,Annually,Senior,High
1600,48,Male,54,Delaware,M,Orange,Winter,2.8,No,Yes,22,Debit Card,Bi-Weekly,Adult,Medium
3530,55,Female,20,Montana,S,Maroon,Winter,3.9,No,No,43,Bank Transfer,Weekly,Senior,Low
1759,27,Male,56,Pennsylvania,M,Silver,Winter,4.3,No,No,17,Venmo,Bi-Weekly,Young Adult,Medium
2679,33,Female,91,Montana,M,Magenta,Spring,3.4,No,No,34,Credit Card,Bi-Weekly,Young Adult,High
1529,69,Male,75,Oregon,S,Red,Spring,4,No,Yes,47,Venmo,Bi-Weekly,Senior,High
3301,26,Female,80,Oklahoma,M,Charcoal,Spring,4,No,No,40,Bank Transfer,Bi-Weekly,Young Adult,High
3396,44,Female,43,Colorado,M,Silver,Winter,3.1,No,No,15,Debit Card,Every 3 Months,Adult,Medium
4338,29,Other,157.83,Chicago,L,Blue,Spring,4,No,No,19,Cash,Monthly,Young Adult,High
2871,47,Female,34,North Dakota,M,Blue,Winter,4.8,No,No,49,Debit Card,Every 3 Months,Adult,Medium
5033,46,Female,,New York,,Red,Winter,5,Yes,Yes,48,Credit Card,Monthly,Adult,High
4814,49,Female,1208.85,Los Angeles,L,Red,Winter,,No,Yes,,Cash,Quarterly,Adult,High
723,27,Male,32,Wyoming,S,Blue,Summer,4.3,Yes,Yes,50,Cash,Bi-Weekly,Young Adult,Medium
2799,52,Female,20,Rhode Island,XL,Red,Winter,4.8,No,No,37,PayPal,Weekly,Senior,Low
1490,24,Male,26,Missouri,XL,Magenta,Summer,4.1,No,Yes,42,Venmo,Quarterly,Young Adult,Low
391,25,Male,71,Indiana,M,Indigo,Winter,3.2,Yes,Yes,19,PayPal,Annually,Young Adult,High
4462,40,Other,,Chicago,M,Blue,Spring,3,No,No,,Debit Card,Weekly,Adult,High
2195,61,Male,29,Kentucky,M,Silver,Summer,3.5,No,No,48,Bank Transfer,Quarterly,Senior,Low
3847,57,Female,58,Pennsylvania,L,Orange,Summer,4,No,No,40,PayPal,Every 3 Months,Senior,Medium
705,34,Male,66,Idaho,S,Black,Spring,3.2,Yes,Yes,18,PayPal,Annually,Young Adult,Medium
1002,61,Male,60,Washington,M,Orange,Fall,3.6,Yes,Yes,4,Debit Card,Fortnightly,Senior,Medium
1020,32,Male,76,Kentucky,S,Beige,Winter,2.8,Yes,Yes,33,Venmo,Bi-Weekly,Young Adult,High
4899,60,Female,,Phoenix,S,Red,Autumn,2,No,No,,Credit Card,Weekly,Senior,High
1728,49,Male,53,Virginia,S,Violet,Spring,4,No,No,19,PayPal,Monthly,Adult,Medium
1853,41,Male,80,Pennsylvania,XL,Violet,Winter,3.8,No,No,32,Cash,Weekly,Adult,High
2809,49,Female,62,Tennessee,M,Beige,Spring,3.9,No,No,45,PayPal,Every 3 Months,Adult,Medium
1724,70,Male,20,New York,XL,Gold,Spring,3.3,No,No,39,PayPal,Annually,Senior,Low
3031,43,Female,24,Maryland,XL,Purple,Spring,2.6,No,No,23,Credit Card,Weekly,Adult,Low
4440,44,Male,,Chicago,M,Red,Winter,,No,Yes,36,Cash,Weekly,Adult,High
2084,41,Male,59,Mississippi,L,Orange,Fall,2.7,No,No,26,Credit Card,Fortnightly,Adult,Medium
3760,44,Female,61,Missouri,M,Pink,Spring,3.5,No,No,30,Venmo,Quarterly,Adult,Medium
3589,23,Female,55,Michigan,M,Magenta,Spring,3.5,No,No,40,Cash,Annually,Young Adult,Medium
3719,36,Female,50,Tennessee,L,Turquoise,Fall,2.9,No,No,44,Bank Transfer,Bi-Weekly,Adult,Medium
2916,26,Female,30,Oregon,M,Cyan,Fall,4.5,No,No,39,Debit Card,Bi-Weekly,Young Adult,Medium
4879,59,Other,,Chicago,,Blue,Autumn,,Yes,No,24,PayPal,Monthly,Senior,High
1076,57,Male,50,Missouri,L,Indigo,Summer,4.9,No,Yes,32,Debit Card,Bi-Weekly,Senior,Medium
2202,39,Male,25,Ohio,L,Peach,Spring,4.9,No,No,10,Venmo,Annually,Adult,Low
2290,70,Male,82,Nevada,M,Orange,Fall,4.1,No,No,47,Venmo,Weekly,Senior,High
541,49,Male,37,South Carolina,M,Lavender,Spring,3.1,Yes,Yes,33,Cash,Every 3 Months,Adult,Medium
861,26,Male,87,South Carolina,M,Maroon,Spring,4.1,Yes,Yes,3,Cash,Monthly,Young Adult,High
1639,68,Male,51,Tennessee,M,Black,Spring,4.6,No,Yes,18,Venmo,Weekly,Senior,Medium
322,41,Male,36,Vermont,L,Orange,Summer,4.7,Yes,Yes,48,Debit Card,Quarterly,Adult,Medium
4264,60,Male,,Houston,,Black,Summer,2,Yes,Yes,,Cash,Quarterly,Senior,High
2414,69,Male,95,Pennsylvania,XL,Violet,Fall,2.7,No,No,30,Bank Transfer,Weekly,Senior,High
931,26,Male,78,Hawaii,L,Green,Fall,4.5,Yes,Yes,20,Credit Card,Bi-Weekly,Young Adult,High
2303,36,Male,39,Montana,L,Pink,Summer,3.6,No,No,38,Venmo,Monthly,Adult,Medium
2674,67,Female,21,Nevada,M,Olive,Summer,2.6,No,No,4,Cash,Monthly,Senior,Low
597,23,Male,37,Montana,XL,White,Summer,4.5,Yes,Yes,36,Venmo,Annually,Young Adult,Medium
335,41,Male,46,Kansas,M,Lavender,Fall,2.6,Yes,Yes,30,Credit Card,Annually,Adult,Medium
3750,24,Female,95,Alaska,L,Yellow,Winter,2.9,No,No,38,Venmo,Every 3 Months,Young Adult,High
3183,50,Female,97,Georgia,L,Green,Fall,3.6,No,No,4,Credit Card,Annually,Adult,High
4950,19,Other,,Los Angeles,L,Red,Winter,,No,Yes,37,PayPal,Quarterly,Teen,High
3425,33,Female,64,Florida,L,Green,Summer,3.6,No,No,23,Credit Card,Monthly,Young Adult,Medium
4128,41,Female,,Houston,,Red,Autumn,,No,No,,Credit Card,Monthly,Adult,High
4190,46,Other,1224.96,New York,L,Black,Summer,,Yes,Yes,,PayPal,Quarterly,Adult,High
1200,49,Male,89,Maryland,M,Indigo,Fall,4.5,No,Yes,3,Debit Card,Weekly,Adult,High
5092,38,Male,,Phoenix,,Blue,Winter,,Yes,No,,Debit Card,Quarterly,Adult,High
1588,41,Male,99,Alabama,M,Beige,Summer,3.5,No,Yes,33,Credit Card,Fortnightly,Adult,High
1634,54,Male,80,North Dakota,M,Peach,Spring,4.4,No,Yes,33,Debit Card,Bi-Weekly,Senior,High
41,69,Male,76,Louisiana,L,Beige,Winter,4.6,Yes,Yes,31,Debit Card,Quarterly,Senior,High
4659,20,Female,,New York,,Blue,Autumn,,Yes,Yes,,Cash,Weekly,Teen,High
4457,68,Male,,New York,S,Black,Autumn,,Yes,Yes,42,Credit Card,Monthly,Senior,High
3415,27,Female,94,Connecticut,M,Maroon,Spring,4.9,No,No,3,Bank Transfer,Quarterly,Young Adult,High
1350,21,Male,36,South Carolina,XL,Black,Spring,3.2,No,Yes,23,Cash,Bi-Weekly,Young Adult,Medium
657,42,Male,23,Pennsylvania,M,Beige,Summer,3.9,Yes,Yes,6,PayPal,Quarterly,Adult,Low
3060,46,Female,71,Kentucky,L,Maroon,Spring,3.2,No,No,42,Credit Card,Quarterly,Adult,High
3167,19,Female,80,Georgia,M,Gold,Winter,2.7,No,No,37,Bank Transfer,Fortnightly,Teen,High
691,25,Male,68,Alaska,XL,Red,Spring,4.8,Yes,Yes,45,Bank Transfer,Weekly,Young Adult,Medium
1357,49,Male,61,Indiana,M,Cyan,Spring,4,No,Yes,34,Bank Transfer,Annually,Adult,Medium
3032,61,Female,74,Idaho,L,Teal,Summer,4.9,No,No,30,Credit Card,Monthly,Senior,High
3153,49,Female,90,North Carolina,M,Red,Fall,3.1,No,No,17,PayPal,Monthly,Adult,High
331,46,Male,51,North Dakota,M,Beige,Winter,,Yes,Yes,43,Venmo,Bi-Weekly,Adult,Medium
1749,34,Male,93,Montana,L,Teal,Winter,3.9,No,No,41,Bank Transfer,Annually,Young Adult,High
607,27,Male,90,Colorado,M,Blue,Spring,4.5,Yes,Yes,44,PayPal,Monthly,Young Adult,High
4726,65,Other,,Los Angeles,,White,Autumn,,Yes,Yes,35,Credit Card,Weekly,Senior,High
4150,40,Other,988.27,New York,L,White,Winter,,No,No,,Cash,Weekly,Adult,High
1673,18,Male,73,South Carolina,L,Gold,Fall,3.8,No,Yes,15,Venmo,Quarterly,Teen,High
1240,62,Male,37,New Jersey,XL,Magenta,Spring,4.8,No,Yes,32,Debit Card,Every 3 Months,Senior,Medium
3771,23,Female,42,Montana,L,Black,Summer,4,No,No,34,Bank Transfer,Weekly,Young Adult,Medium
715,26,Male,70,South Dakota,M,Magenta,Fall,4.4,Yes,Yes,40,Debit Card,Fortnightly,Young Adult,High
2764,28,Female,52,West Virginia,M,Green,Fall,2.9,No,No,35,Venmo,Quarterly,Young Adult,Medium
4498,18,Female,,Phoenix,,White,Autumn,5,No,No,15,Credit Card,Weekly,Teen,High
2040,35,Male,51,Minnesota,M,Olive,Spring,3.1,No,No,31,Debit Card,Bi-Weekly,Young Adult,Medium
3074,58,Female,63,Oregon,L,White,Winter,3.6,No,No,7,Debit Card,Bi-Weekly,Senior,Medium
3203,65,Female,37,Wisconsin,L,Green,Fall,4.5,No,No,38,Venmo,Annually,Senior,Medium
4270,55,Female,387.35,Los Angeles,,White,Winter,,No,No,9,Credit Card,Quarterly,Senior,High
2152,70,Male,58,Vermont,L,Brown,Fall,2.6,No,No,18,Venmo,Monthly,Senior,Medium
2081,29,Male,47,South Dakota,S,Gray,Fall,3.5,No,No,17,Debit Card,Bi-Weekly,Young Adult,Medium
2416,21,Male,34,Hawaii,XL,Lavender,Fall,4.3,No,No,30,Bank Transfer,Weekly,Young Adult,Medium
3359,56,Female,59,Tennessee,M,Magenta,Fall,3.4,No,No,26,Cash,Annually,Senior,Medium
2469,65,Male,21,Connecticut,L,Cyan,Winter,3.7,No,No,6,Venmo,Weekly,Senior,Low
2986,46,Female,36,Hawaii,S,Teal,Summer,3,No,No,21,Cash,Bi-Weekly,Adult,Medium
2165,42,Male,20,Iowa,S,Olive,Winter,4.8,No,No,46,PayPal,Bi-Weekly,Adult,Low
4957,54,Other,,New York,S,Green,Autumn,5,Yes,No,21,PayPal,Weekly,Senior,High
247,35,Male,86,Nevada,XL,Beige,Spring,3.2,Yes,Yes,20,Venmo,Bi-Weekly,Young Adult,High
62,55,Male,68,Texas,M,Orange,Winter,4.7,Yes,Yes,21,Credit Card,Every 3 Months,Senior,Medium
4000,33,Other,,Phoenix,,Red,Spring,5,Yes,Yes,47,PayPal,Quarterly,Young Adult,High
2638,20,Male,23,Alabama,M,Magenta,Spring,3.7,No,No,2,PayPal,Annually,Teen,Low
2112,41,Male,85,Missouri,XL,Pink,Spring,2.6,No,No,15,Bank Transfer,Annually,Adult,High
2362,44,Male,64,Alabama,M,Gray,Spring,4.3,No,No,30,Credit Card,Every 3 Months,Adult,Medium
3346,28,Female,91,Florida,M,Turquoise,Summer,4,No,No,3,Venmo,Bi-Weekly,Young Adult,High
4351,26,Other,1147.1,Chicago,,White,Winter,2,No,Yes,,Credit Card,Weekly,Young Adult,High
2003,31,Male,65,New York,M,Red,Summer,2.7,No,No,19,PayPal,Every 3 Months,Young Adult,Medium
2526,39,Male,72,Kentucky,M,Purple,Winter,4.2,No,No,20,PayPal,Weekly,Adult,High
4809,52,Male,,Los Angeles,M,White,Spring,,No,No,29,Credit Card,Monthly,Senior,High
3848,60,Female,34,Delaware,S,Blue,Fall,3.2,No,No,31,PayPal,Fortnightly,Senior,Medium
3066,49,Female,59,North Dakota,M,Beige,Fall,2.8,No,No,7,Venmo,Bi-Weekly,Adult,Medium
1202,27,Male,61,Illinois,XL,Black,Summer,3.1,No,Yes,46,Venmo,Fortnightly,Young Adult,Medium
4318,45,Female,335.78,New York,,White,Spring,2,No,Yes,6,Debit Card,Monthly,Adult,High
4135,32,Male,,Houston,XL,Red,Winter,5,No,Yes,41,Credit Card,Weekly,Young Adult,High
4722,47,Female,1151.72,Los Angeles,XL,Blue,Autumn,2,No,Yes,,Credit Card,Monthly,Adult,High
514,22,Male,65,New Mexico,M,Peach,Fall,3.6,Yes,Yes,45,Venmo,Annually,Young Adult,Medium
2766,64,Female,70,Colorado,M,Purple,Summer,4.3,No,No,24,Credit Card,Quarterly,Senior,High
875,25,Male,65,Maine,M,Magenta,Fall,4.4,Yes,Yes,10,Venmo,Every 3 Months,Young Adult,Medium
1472,31,Male,71,Alaska,S,Gray,Spring,2.8,No,Yes,48,Venmo,Every 3 Months,Young Adult,High
3687,59,Female,70,Louisiana,M,Charcoal,Spring,4.8,No,No,17,Cash,Bi-Weekly,Senior,High
1109,27,Male,25,Nebraska,M,Teal,Fall,2.8,No,Yes,50,Cash,Fortnightly,Young Adult,Low
2730,31,Female,71,Montana,S,Violet,Summer,4.1,No,No,32,Credit Card,Monthly,Young Adult,High
3384,27,Female,43,Delaware,M,Pink,Fall,2.6,No,No,39,Venmo,Bi-Weekly,Young Adult,Medium
3622,38,Female,32,New Jersey,XL,Silver,Summer,4,No,No,5,Cash,Fortnightly,Adult,Medium
4029,37,Female,,Phoenix,M,Blue,Spring,,No,No,,Credit Card,Monthly,Adult,High
2567,35,Male,38,Missouri,S,Yellow,Fall,3.3,No,No,43,PayPal,Quarterly,Young Adult,Medium
1030,29,Male,22,Ohio,M,Purple,Spring,3.6,Yes,Yes,33,Venmo,Bi-Weekly,Young Adult,Low
4215,70,Male,,New York,,Red,Summer,,No,Yes,25,PayPal,Quarterly,Senior,High
1189,68,Male,29,Mississippi,M,Magenta,Summer,3.3,No,Yes,11,Credit Card,Weekly,Senior,Low
850,23,Male,61,Missouri,S,Charcoal,Spring,4.3,Yes,Yes,24,PayPal,Quarterly,Young Adult,Medium
959,70,Male,53,Washington,XL,Beige,Winter,4.4,Yes,Yes,31,Credit Card,Bi-Weekly,Senior,Medium
1616,64,Male,62,New York,M,Indigo,Fall,3.2,No,Yes,45,Cash,Bi-Weekly,Senior,Medium
4705,28,Other,629.99,Los Angeles,S,White,Winter,,No,Yes,5,Credit Card,Monthly,Young Adult,High
1802,33,Male,57,New Jersey,M,Turquoise,Spring,3.9,No,No,48,Debit Card,Fortnightly,Young Adult,Medium
3082,64,Female,44,Vermont,L,Pink,Winter,4.9,No,No,11,Credit Card,Weekly,Senior,Medium
4281,48,Male,,Los Angeles,S,Green,Autumn,,No,Yes,,Credit Card,Quarterly,Adult,High
3805,37,Female,77,Florida,M,Olive,Fall,2.7,No,No,45,Cash,Annually,Adult,High
4134,39,Female,,Los Angeles,L,Black,Spring,,No,Yes,,PayPal,Weekly,Adult,High
1024,61,Male,71,Maine,S,Turquoise,Winter,3.5,Yes,Yes,29,Bank Transfer,Every 3 Months,Senior,High
838,25,Male,28,Illinois,L,Brown,Spring,4.9,Yes,Yes,33,Cash,Every 3 Months,Young Adult,Low
2124,54,Male,71,Nebraska,L,Cyan,Spring,3.7,No,No,22,Debit Card,Bi-Weekly,Senior,High
3137,58,Female,32,Minnesota,M,Gray,Fall,3.1,No,No,29,Cash,Bi-Weekly,Senior,Medium
3756,64,Female,93,Pennsylvania,M,Peach,Fall,3.4,No,No,26,Credit Card,Monthly,Senior,High
1754,25,Male,27,Colorado,L,Black,Fall,4.8,No,No,23,Credit Card,Fortnightly,Young Adult,Low
1465,33,Male,92,Montana,M,Peach,Winter,4.6,No,Yes,23,Bank Transfer,Quarterly,Young Adult,High
3705,68,Female,61,Missouri,L,Black,Winter,4,No,No,36,Credit Card,Quarterly,Senior,Medium
3772,21,Female,86,Oklahoma,M,Red,Winter,2.6,No,No,28,Venmo,Bi-Weekly,Young Adult,High
714,37,Male,90,Oregon,M,Lavender,Summer,2.6,Yes,Yes,39,Bank Transfer,Bi-Weekly,Adult,High
3787,31,Female,47,Tennessee,L,Yellow,Fall,3.6,No,No,22,Venmo,Weekly,Young Adult,Medium
4898,61,Female,,Chicago,S,Red,Spring,,No,No,,Cash,Quarterly,Senior,High
2985,45,Female,32,Texas,L,Red,Spring,4.3,No,No,36,Debit Card,Bi-Weekly,Adult,Medium
2164,52,Male,60,New York,L,Gray,Spring,4.5,No,No,44,Bank Transfer,Monthly,Senior,Medium
3261,39,Female,36,Wisconsin,M,Violet,Summer,4.5,No,No,7,Credit Card,Annually,Adult,Medium
3662,63,Female,39,Kansas,S,White,Winter,3.5,No,No,5,Credit Card,Fortnightly,Senior,Medium
4263,51,Female,,Houston,S,Red,Spring,4,No,No,17,Debit Card,Quarterly,Senior,High
4754,37,Male,,Chicago,,Black,Winter,,No,Yes,,Cash,Quarterly,Adult,High
2387,19,Male,33,Illinois,L,Blue,Summer,2.9,No,No,14,Venmo,Monthly,Teen,Medium
4224,46,Male,356.1,New York,M,Black,Autumn,,No,Yes,32,Debit Card,Monthly,Adult,High
270,68,Male,44,Georgia,M,Charcoal,Winter,3.3,Yes,Yes,9,Cash,Bi-Weekly,Senior,Medium
891,52,Male,51,New York,S,Purple,Spring,4.3,Yes,Yes,47,Credit Card,Monthly,Senior,Medium
1996,67,Male,80,Missouri,S,Teal,Spring,3,No,No,29,Debit Card,Quarterly,Senior,High
2126,57,Male,87,New Hampshire,M,Beige,Fall,4.8,No,No,31,PayPal,Quarterly,Senior,High
1714,49,Male,22,Missouri,M,Pink,Winter,4.6,No,No,37,PayPal,Quarterly,Adult,Low
4500,22,Female,,Phoenix,,Black,Winter,,No,Yes,39,Credit Card,Weekly,Young Adult,High
4332,31,Female,,Los Angeles,M,White,Autumn,4,Yes,No,,Credit Card,Quarterly,Young Adult,High
4165,53,Other,684.07,Chicago,L,Blue,Spring,5,Yes,Yes,,Cash,Quarterly,Senior,High
509,27,Male,20,Illinois,S,Yellow,Winter,3.7,Yes,Yes,31,PayPal,Quarterly,Young Adult,Low
2053,45,Male,48,New Hampshire,M,Gray,Winter,3.7,No,No,30,Bank Transfer,Annually,Adult,Medium
3536,68,Female,51,Mississippi,M,Red,Summer,5,No,No,20,Debit Card,Monthly,Senior,Medium
3037,50,Female,58,Vermont,S,Violet,Spring,4.3,No,No,7,Venmo,Fortnightly,Adult,Medium
4711,63,Male,722.83,Houston,M,Black,Winter,,No,Yes,,PayPal,Quarterly,Senior,High
4700,61,Other,1282.12,Chicago,M,Black,Autumn,,No,Yes,,Debit Card,Quarterly,Senior,High
4164,41,Female,,New York,,Red,Spring,,No,No,,PayPal,Monthly,Adult,High
3095,22,Female,59,Georgia,M,Gray,Summer,2.7,No,No,9,Cash,Weekly,Young Adult,Medium
4704,39,Female,,Phoenix,S,Black,Summer,,Yes,Yes,,Cash,Monthly,Adult,High
1560,43,Male,94,Oregon,L,Beige,Fall,4.5,No,Yes,23,PayPal,Fortnightly,Adult,High
3697,63,Female,48,Connecticut,L,Turquoise,Fall,3.4,No,No,26,Bank Transfer,Annually,Senior,Medium
1494,70,Male,44,North Dakota,S,Gold,Fall,2.7,No,Yes,44,Credit Card,Quarterly,Senior,Medium
860,47,Male,73,Wisconsin,M,Teal,Winter,4,Yes,Yes,7,Debit Card,Monthly,Adult,High
2220,33,Male,91,Minnesota,S,Purple,Fall,2.8,No,No,16,Bank Transfer,Fortnightly,Young Adult,High
845,59,Male,48,Missouri,L,Purple,Winter,4.4,Yes,Yes,44,Venmo,Bi-Weekly,Senior,Medium
1160,66,Male,55,New Hampshire,L,Blue,Fall,3.6,No,Yes,46,Venmo,Every 3 Months,Senior,Medium
3230,54,Female,67,Connecticut,M,Teal,Fall,2.7,No,No,24,Cash,Monthly,Senior,Medium
25,18,Male,22,Florida,M,Green,Fall,2.9,Yes,Yes,16,Debit Card,Weekly,Teen,Low
3726,18,Female,100,Oklahoma,S,Turquoise,Winter,4.4,No,No,2,PayPal,Annually,Teen,High
939,36,Male,97,Wisconsin,S,Teal,Fall,4.8,Yes,Yes,21,Debit Card,Fortnightly,Adult,High
1248,65,Male,99,Virginia,M,Charcoal,Spring,,No,Yes,18,Venmo,Bi-Weekly,Senior,High
3898,46,Female,33,New Jersey,L,Green,Spring,2.9,No,No,24,Venmo,Quarterly,Adult,Medium
562,65,Male,65,Alabama,M,Blue,Fall,2.6,Yes,Yes,25,PayPal,Fortnightly,Senior,Medium
183,38,Male,96,Alabama,XL,Purple,Summer,2.8,Yes,Yes,10,Debit Card,Annually,Adult,High
2677,43,Female,77,Kentucky,M,Maroon,Spring,3.6,No,No,3,Cash,Fortnightly,Adult,High
3376,51,Female,98,Connecticut,XL,Yellow,Fall,4.9,No,No,8,Credit Card,Annually,Senior,High
3761,65,Female,80,Connecticut,M,Peach,Fall,3.1,No,No,36,PayPal,Weekly,Senior,High
1973,54,Male,31,Louisiana,M,Silver,Summer,3.3,No,No,48,PayPal,Every 3 Months,Senior,Medium
420,53,Male,91,Utah,S,Teal,Winter,,Yes,Yes,14,Credit Card,Every 3 Months,Senior,High
2457,59,Male,83,Nebraska,M,Green,Winter,3.3,No,No,5,PayPal,Monthly,Senior,High
3543,62,Female,28,Idaho,S,Olive,Spring,4.2,No,No,5,Venmo,Weekly,Senior,Low
4955,20,Other,,Los Angeles,,Red,Winter,,No,No,3,Cash,Quarterly,Teen,High
2873,63,Female,48,Connecticut,L,Olive,Fall,2.6,No,No,5,Cash,Annually,Senior,Medium
631,41,Male,94,Mississippi,S,Silver,Fall,4.3,Yes,Yes,33,Debit Card,Annually,Adult,High
462,18,Male,93,Ohio,M,Yellow,Winter,3.9,Yes,Yes,20,Venmo,Weekly,Teen,High
669,49,Male,85,Hawaii,S,Turquoise,Fall,2.9,Yes,Yes,35,Bank Transfer,Monthly,Adult,High
3575,29,Female,70,New York,M,Cyan,Fall,4.9,No,No,39,Bank Transfer,Quarterly,Young Adult,High
3154,56,Female,88,Alabama,L,Red,Fall,3.1,No,No,46,Venmo,Fortnightly,Senior,High
3630,52,Female,43,Kansas,L,Lavender,Summer,4.5,No,No,44,Debit Card,Fortnightly,Senior,Medium
4709,63,Female,,Phoenix,XL,Green,Summer,2,Yes,Yes,,Credit Card,Monthly,Senior,High
2448,59,Male,47,South Dakota,L,Peach,Fall,3.2,No,No,10,Venmo,Fortnightly,Senior,Medium
1166,51,Male,64,Wisconsin,M,Silver,Winter,2.9,No,Yes,21,Venmo,Every 3 Months,Senior,Medium
1855,25,Male,61,Kentucky,M,Teal,Spring,3.8,No,No,49,Credit Card,Annually,Young Adult,Medium
1825,58,Male,47,Illinois,XL,Magenta,Winter,3.8,No,No,31,Cash,Monthly,Senior,Medium
1620,57,Male,78,Hawaii,L,Beige,Winter,3.5,No,Yes,50,Venmo,Bi-Weekly,Senior,High
2515,42,Male,37,Alaska,L,Teal,Spring,4.8,No,No,45,PayPal,Bi-Weekly,Adult,Medium
1368,60,Male,63,Iowa,S,Black,Fall,3.8,No,Yes,25,Cash,Quarterly,Senior,Medium
5026,66,Other,1311.16,Los Angeles,S,White,Autumn,5,No,Yes,22,Debit Card,Weekly,Senior,High
3106,48,Female,33,Oregon,M,Olive,Fall,2.7,No,No,17,Debit Card,Monthly,Adult,Medium
1220,19,Male,23,Vermont,M,Gold,Winter,2.5,No,Yes,35,Credit Card,Bi-Weekly,Teen,Low
2685,46,Female,45,Washington,M,Gray,Summer,4.7,No,No,42,Credit Card,Bi-Weekly,Adult,Medium
537,44,Male,84,Illinois,S,Maroon,Fall,4.4,Yes,Yes,16,Debit Card,Every 3 Months,Adult,High
4055,21,Other,1493.56,New York,S,Green,Autumn,,No,Yes,9,Credit Card,Quarterly,Young Adult,High
2083,41,Male,89,Arkansas,M,Yellow,Summer,2.9,No,No,28,Venmo,Every 3 Months,Adult,High
369,24,Male,39,Oklahoma,M,Charcoal,Spring,4.5,Yes,Yes,29,Cash,Monthly,Young Adult,Medium
4616,51,Female,336.09,New York,,White,Autumn,,No,Yes,,PayPal,Monthly,Senior,High
1067,49,Male,96,Mississippi,M,Red,Winter,4,No,Yes,11,PayPal,Bi-Weekly,Adult,High
1209,20,Male,100,Wisconsin,S,Red,Winter,,No,Yes,8,Debit Card,Annually,Teen,High
4716,70,Other,1352.6,New York,M,Black,Autumn,4,No,Yes,,Debit Card,Weekly,Senior,High
3279,59,Female,70,Montana,M,Black,Summer,3.3,No,No,18,Bank Transfer,Weekly,Senior,High
4391,20,Male,732.58,New York,M,Red,Autumn,,Yes,Yes,,Cash,Monthly,Teen,High
2222,25,Male,88,Kansas,XL,White,Fall,3,No,No,34,Credit Card,Annually,Young Adult,High
1901,65,Male,85,Iowa,S,Blue,Summer,3.3,No,No,34,Cash,Quarterly,Senior,High
3409,48,Female,72,Montana,L,Purple,Summer,4.4,No,No,11,Bank Transfer,Annually,Adult,High
456,54,Male,100,Utah,XL,Gold,Fall,3.6,Yes,Yes,50,Debit Card,Fortnightly,Senior,High
2545,46,Male,70,Delaware,M,Red,Spring,2.5,No,No,39,Venmo,Quarterly,Adult,High
4193,46,Male,991.93,New York,S,Red,Winter,,No,Yes,8,Debit Card,Monthly,Adult,High
2345,34,Male,92,Rhode Island,XL,Lavender,Fall,3.5,No,No,14,Venmo,Bi-Weekly,Young Adult,High
2614,58,Male,88,South Dakota,M,Gold,Fall,2.9,No,No,14,Bank Transfer,Monthly,Senior,High
573,56,Male,97,South Carolina,XL,Cyan,Summer,4.6,Yes,Yes,26,Bank Transfer,Annually,Senior,High
1883,44,Male,54,Tennessee,L,Blue,Winter,5,No,No,25,Bank Transfer,Quarterly,Adult,Medium
4337,31,Other,183.76,New York,M,Red,Autumn,2,No,No,26,Credit Card,Weekly,Young Adult,High
1743,51,Male,80,Kansas,XL,White,Spring,4.3,No,No,18,Venmo,Every 3 Months,Senior,High
3618,48,Female,47,Kentucky,M,Lavender,Fall,4.3,No,No,29,Debit Card,Monthly,Adult,Medium
1023,61,Male,41,Nebraska,M,Lavender,Winter,4.9,Yes,Yes,7,Cash,Annually,Senior,Medium
4662,25,Other,1459.59,Houston,L,Black,Spring,,Yes,Yes,,Debit Card,Monthly,Young Adult,High
678,60,Male,62,Washington,S,Turquoise,Summer,2.7,Yes,Yes,41,PayPal,Annually,Senior,Medium
3477,68,Female,99,South Carolina,XL,Orange,Summer,3.2,No,No,11,Cash,Weekly,Senior,High
4641,30,Female,822.03,Los Angeles,,Red,Summer,,No,Yes,,Debit Card,Weekly,Young Adult,High
1351,31,Male,71,Delaware,M,Orange,Fall,4.3,No,Yes,1,Cash,Every 3 Months,Young Adult,High
1044,28,Male,76,Hawaii,M,Green,Spring,3.3,Yes,Yes,28,Debit Card,Fortnightly,Young Adult,High
1786,47,Male,29,Iowa,S,Peach,Fall,4.1,No,No,22,Venmo,Monthly,Adult,Low
287,27,Male,51,Nebraska,L,Gray,Summer,2.6,Yes,Yes,6,Debit Card,Annually,Young Adult,Medium
2456,20,Male,98,Alaska,L,Lavender,Spring,3.4,No,No,25,Cash,Every 3 Months,Teen,High
3587,33,Female,28,Idaho,M,Yellow,Winter,4.6,No,No,12,PayPal,Bi-Weekly,Young Adult,Low
5049,43,Male,,Chicago,S,White,Summer,,No,No,13,Cash,Monthly,Adult,High
2790,28,Female,85,North Carolina,L,Orange,Fall,5,No,No,28,Credit Card,Bi-Weekly,Young Adult,High
3313,55,Female,75,Louisiana,L,Black,Summer,3.9,No,No,45,Cash,Quarterly,Senior,High
4931,59,Other,,Phoenix,L,Red,Spring,,Yes,No,,PayPal,Quarterly,Senior,High
2864,37,Female,56,Connecticut,M,Yellow,Fall,3.9,No,No,18,Venmo,Monthly,Adult,Medium
2645,25,Male,83,New Mexico,M,Turquoise,Spring,3.3,No,No,4,Bank Transfer,Every 3 Months,Young Adult,High
2783,41,Female,34,Idaho,S,Cyan,Spring,3.8,No,No,30,PayPal,Annually,Adult,Medium
2716,25,Female,92,Mississippi,XL,Pink,Winter,4.1,No,No,29,PayPal,Fortnightly,Young Adult,High
1943,63,Male,28,Alabama,M,Cyan,Fall,3.4,No,No,22,PayPal,Monthly,Senior,Low
2484,32,Male,96,Arizona,S,Teal,Fall,2.9,No,No,8,Debit Card,Monthly,Young Adult,High
2707,24,Female,40,Alabama,S,Blue,Spring,3.1,No,No,48,Debit Card,Quarterly,Young Adult,Medium
2394,58,Male,97,Louisiana,M,Brown,Winter,5,No,No,38,PayPal,Every 3 Months,Senior,High
4296,59,Female,591.76,New York,,White,Winter,3,No,No,4,Credit Card,Quarterly,Senior,High
1577,56,Male,75,Michigan,M,White,Spring,3.7,No,Yes,36,PayPal,Monthly,Senior,High
2305,26,Male,73,Louisiana,L,Silver,Winter,4.7,No,No,9,Debit Card,Fortnightly,Young Adult,High
1365,68,Male,75,Delaware,L,Yellow,Fall,4.7,No,Yes,5,Cash,Every 3 Months,Senior,High
1643,18,Male,70,Mississippi,M,Beige,Spring,4.2,No,Yes,16,PayPal,Fortnightly,Teen,High
3519,50,Female,97,Colorado,M,Black,Spring,4.2,No,No,30,PayPal,Quarterly,Adult,High
5016,45,Other,992.57,Phoenix,L,Black,Spring,,No,No,,PayPal,Weekly,Adult,High
2760,68,Female,59,Washington,M,Turquoise,Summer,3.9,No,No,42,Cash,Every 3 Months,Senior,Medium
2770,32,Female,89,Oklahoma,L,Lavender,Fall,3,No,No,13,Cash,Weekly,Young Adult,High
4080,28,Female,551.22,Los Angeles,,Blue,Winter,,Yes,Yes,32,Cash,Monthly,Young Adult,High
4041,66,Male,,Phoenix,M,Red,Autumn,3,No,No,,PayPal,Monthly,Senior,High
3338,23,Female,23,Arizona,L,Blue,Winter,4.4,No,No,45,Bank Transfer,Bi-Weekly,Young Adult,Low
920,41,Male,82,Massachusetts,L,Green,Winter,2.6,Yes,Yes,17,Debit Card,Bi-Weekly,Adult,High
5053,36,Male,949.74,Houston,L,White,Spring,4,Yes,No,,Cash,Quarterly,Adult,High
734,45,Male,36,Rhode Island,L,Cyan,Fall,2.7,Yes,Yes,20,Debit Card,Bi-Weekly,Adult,Medium
700,50,Male,46,Connecticut,M,Charcoal,Fall,2.6,Yes,Yes,5,PayPal,Weekly,Adult,Medium
1352,30,Male,31,Vermont,L,Maroon,Summer,2.8,No,Yes,28,Bank Transfer,Quarterly,Young Adult,Medium
4476,56,Male,,Phoenix,,White,Autumn,1,No,Yes,,Debit Card,Monthly,Senior,High
1987,62,Male,48,Arkansas,L,Green,Summer,3.4,No,No,14,Venmo,Quarterly,Senior,Medium
923,63,Male,60,Georgia,M,Cyan,Fall,4.2,Yes,Yes,13,Credit Card,Monthly,Senior,Medium
2921,33,Female,72,Texas,XL,Brown,Spring,4.9,No,No,3,Debit Card,Bi-Weekly,Young Adult,High
2007,58,Male,97,New Mexico,S,Pink,Fall,4.4,No,No,2,Credit Card,Annually,Senior,High
3201,67,Female,24,Missouri,L,Black,Spring,4.8,No,No,32,Credit Card,Monthly,Senior,Low
1000,50,Male,28,New Mexico,L,Brown,Spring,2.9,Yes,Yes,23,Debit Card,Monthly,Adult,Low
2433,59,Male,66,Hawaii,M,Peach,Winter,2.8,No,No,43,Venmo,Monthly,Senior,Medium
3597,28,Female,83,South Carolina,M,Charcoal,Spring,4.3,No,No,44,Cash,Fortnightly,Young Adult,High
2872,46,Female,43,Idaho,S,Black,Summer,2.7,No,No,40,Venmo,Bi-Weekly,Adult,Medium
4116,52,Male,,Los Angeles,L,Black,Winter,4,Yes,No,,Credit Card,Quarterly,Senior,High
330,70,Male,31,Nevada,S,White,Summer,2.9,Yes,Yes,34,Bank Transfer,Monthly,Senior,Medium
2150,38,Male,21,Hawaii,L,Orange,Winter,4,No,No,1,Bank Transfer,Weekly,Adult,Low
2822,35,Female,72,Georgia,L,Olive,Summer,4.5,No,No,37,Venmo,Monthly,Young Adult,High
2343,20,Male,89,Tennessee,M,Olive,Fall,4.9,No,No,16,Debit Card,Fortnightly,Teen,High
2723,23,Female,83,Maine,M,Green,Spring,2.8,No,No,22,PayPal,Fortnightly,Young Adult,High
2153,38,Male,48,New Jersey,L,Magenta,Summer,4.5,No,No,43,Bank Transfer,Bi-Weekly,Adult,Medium
1914,49,Male,48,Kentucky,M,Peach,Winter,3.6,No,No,29,Cash,Annually,Adult,Medium
4174,50,Male,,New York,L,Black,Winter,5,No,No,13,Cash,Monthly,Adult,High
563,53,Male,62,Missouri,M,Blue,Summer,3.5,Yes,Yes,40,Debit Card,Annually,Senior,Medium
2374,37,Male,20,Michigan,M,Gray,Spring,4.9,No,No,21,Debit Card,Every 3 Months,Adult,Low
104,54,Male,89,West Virginia,L,Red,Winter,4,Yes,Yes,22,Venmo,Bi-Weekly,Senior,High
2054,19,Male,60,Wyoming,S,Purple,Spring,4.5,No,No,16,Credit Card,Fortnightly,Teen,Medium
1099,49,Male,98,Idaho,S,Turquoise,Spring,3.6,No,Yes,27,Credit Card,Weekly,Adult,High
3148,45,Female,99,North Dakota,M,Pink,Winter,4.3,No,No,21,Credit Card,Weekly,Adult,High
2725,52,Female,91,Missouri,M,Brown,Spring,2.5,No,No,11,Debit Card,Fortnightly,Senior,High
1681,61,Male,37,Louisiana,M,Olive,Summer,3.4,No,No,6,Credit Card,Annually,Senior,Medium
4042,21,Other,1006.01,Los Angeles,S,Green,Winter,,No,Yes,50,Debit Card,Monthly,Young Adult,High
351,42,Male,68,Kentucky,M,Violet,Spring,2.6,Yes,Yes,47,Bank Transfer,Fortnightly,Adult,Medium
1163,47,Male,92,North Carolina,M,Blue,Winter,4.2,No,Yes,13,PayPal,Weekly,Adult,High
4606,33,Female,,Phoenix,L,White,Autumn,1,Yes,No,,Debit Card,Weekly,Young Adult,High
1947,59,Male,49,Louisiana,M,White,Summer,4.5,No,No,41,Credit Card,Quarterly,Senior,Medium
4470,60,Female,,Phoenix,,Red,Autumn,3,No,Yes,,Cash,Weekly,Senior,High
2653,23,Female,20,Maryland,L,Cyan,Summer,3.3,No,No,46,Credit Card,Monthly,Young Adult,Low
5039,61,Male,835.52,Los Angeles,,Blue,Autumn,5,No,No,5,Debit Card,Monthly,Senior,High
518,61,Male,49,North Dakota,L,Silver,Fall,2.7,Yes,Yes,44,Cash,Every 3 Months,Senior,Medium
425,66,Male,23,Illinois,M,Gold,Winter,4.3,Yes,Yes,42,PayPal,Fortnightly,Senior,Low
1190,64,Male,97,Arkansas,XL,Teal,Summer,,No,Yes,28,Debit Card,Annually,Senior,High
2906,58,Female,53,New York,L,Black,Winter,4.8,No,No,14,Debit Card,Fortnightly,Senior,Medium
2240,42,Male,96,Alabama,L,Indigo,Summer,3.8,No,No,41,Credit Card,Every 3 Months,Adult,High
2031,66,Male,67,New Mexico,S,Green,Summer,2.8,No,No,38,Credit Card,Monthly,Senior,Medium
478,42,Male,56,North Dakota,M,Green,Summer,3.7,Yes,Yes,49,Debit Card,Weekly,Adult,Medium
807,56,Male,56,Florida,L,Charcoal,Summer,2.7,Yes,Yes,46,PayPal,Quarterly,Senior,Medium
1949,54,Male,37,Connecticut,L,Brown,Winter,3.1,No,No,39,PayPal,Bi-Weekly,Senior,Medium
3456,49,Female,89,Ohio,M,Orange,Fall,4.7,No,No,13,Venmo,Annually,Adult,High
634,66,Male,33,Minnesota,M,Orange,Spring,2.9,Yes,Yes,50,Debit Card,Quarterly,Senior,Medium
2606,41,Male,93,Nevada,M,White,Spring,3.7,No,No,32,Venmo,Fortnightly,Adult,High
3490,48,Female,26,Idaho,L,Black,Summer,4.6,No,No,32,PayPal,Every 3 Months,Adult,Low
4436,59,Female,,Los Angeles,,Red,Summer,,Yes,Yes,39,PayPal,Monthly,Senior,High
2437,52,Male,24,Connecticut,M,Yellow,Fall,2.7,No,No,38,Credit Card,Quarterly,Senior,Low
1523,38,Male,72,Tennessee,L,Yellow,Spring,4.8,No,Yes,5,Debit Card,Monthly,Adult,High
3689,52,Female,91,West Virginia,L,White,Spring,3,No,No,8,Cash,Monthly,Senior,High
4994,45,Female,728.44,New York,L,Blue,Spring,,Yes,Yes,42,Cash,Monthly,Adult,High
3627,69,Female,98,Mississippi,L,Teal,Fall,3.5,No,No,32,Venmo,Quarterly,Senior,High
1611,20,Male,31,Tennessee,L,Purple,Spring,3.4,No,Yes,1,PayPal,Annually,Teen,Medium
528,21,Male,23,South Carolina,L,Yellow,Winter,4.3,Yes,Yes,47,Bank Transfer,Every 3 Months,Young Adult,Low
239,64,Male,34,Ohio,M,Peach,Fall,4.2,Yes,Yes,5,Cash,Annually,Senior,Medium
2587,20,Male,28,Maine,L,Yellow,Winter,4.6,No,No,1,Credit Card,Every 3 Months,Teen,Low
4438,37,Other,1025.56,Phoenix,S,Black,Spring,5,No,No,,Cash,Weekly,Adult,High
1048,31,Male,36,Utah,S,Olive,Fall,4.2,Yes,Yes,7,Credit Card,Fortnightly,Young Adult,Medium
4817,65,Male,598.48,Chicago,S,Black,Autumn,,No,No,38,Cash,Monthly,Senior,High
2951,22,Female,91,Iowa,S,Maroon,Winter,4.1,No,No,44,Debit Card,Every 3 Months,Young Adult,High
2216,25,Male,96,West Virginia,M,Indigo,Winter,2.7,No,No,28,Credit Card,Fortnightly,Young Adult,High
162,65,Male,49,North Dakota,M,Olive,Fall,3,Yes,Yes,29,Venmo,Fortnightly,Senior,Medium
220,32,Male,88,Nevada,M,Cyan,Spring,3,Yes,Yes,12,Cash,Fortnightly,Young Adult,High
5015,54,Male,1436.38,New York,S,Green,Autumn,,No,Yes,18,Cash,Quarterly,Senior,High
1686,33,Male,48,Minnesota,M,Pink,Winter,4.6,No,No,43,PayPal,Bi-Weekly,Young Adult,Medium
32,33,Male,79,West Virginia,L,Brown,Winter,4.7,Yes,Yes,45,Venmo,Monthly,Young Adult,High
2461,58,Male,36,Maine,S,Lavender,Winter,4,No,No,28,Credit Card,Annually,Senior,Medium
1593,56,Male,83,Iowa,M,Cyan,Summer,3.3,No,Yes,10,Bank Transfer,Every 3 Months,Senior,High
2492,63,Male,47,North Carolina,M,Magenta,Spring,2.5,No,No,15,Bank Transfer,Monthly,Senior,Medium
2876,24,Female,81,Kentucky,M,Pink,Fall,2.6,No,No,14,Debit Card,Weekly,Young Adult,High
779,29,Male,50,Massachusetts,M,Yellow,Summer,2.9,Yes,Yes,23,Debit Card,Annually,Young Adult,Medium
763,45,Male,46,New Mexico,M,Pink,Fall,3.9,Yes,Yes,43,Debit Card,Fortnightly,Adult,Medium
2613,55,Male,22,Louisiana,M,Turquoise,Winter,3.8,No,No,27,Venmo,Quarterly,Senior,Low
615,68,Male,85,Idaho,M,Lavender,Winter,4,Yes,Yes,21,Credit Card,Bi-Weekly,Senior,High
3515,25,Female,50,Georgia,XL,Gray,Winter,4.7,No,No,32,Cash,Monthly,Young Adult,Medium
2953,50,Female,24,Alabama,M,Peach,Spring,4.9,No,No,5,Debit Card,Monthly,Adult,Low
2869,45,Female,49,Colorado,M,Black,Winter,2.6,No,No,42,PayPal,Every 3 Months,Adult,Medium
419,18,Male,73,Illinois,L,Purple,Spring,3,Yes,Yes,27,Venmo,Bi-Weekly,Teen,High
803,38,Male,41,Delaware,M,Teal,Winter,3.5,Yes,Yes,2,Bank Transfer,Weekly,Adult,Medium
934,70,Male,84,Colorado,M,Magenta,Spring,2.7,Yes,Yes,33,Debit Card,Monthly,Senior,High
3859,30,Female,77,Missouri,M,Olive,Winter,3.5,No,No,26,Credit Card,Quarterly,Young Adult,High
4445,59,Male,,Houston,,Red,Summer,,Yes,No,46,Credit Card,Monthly,Senior,High
882,52,Male,61,South Carolina,M,Silver,Summer,2.7,Yes,Yes,18,Venmo,Annually,Senior,Medium
2687,40,Female,72,Georgia,M,Black,Winter,3.8,No,No,33,Cash,Fortnightly,Adult,High
519,24,Male,100,Oregon,M,Beige,Fall,2.9,Yes,Yes,16,Venmo,Every 3 Months,Young Adult,High
2599,64,Male,86,Nevada,XL,Olive,Fall,3.3,No,No,31,Debit Card,Annually,Senior,High
2972,30,Female,100,Utah,L,Yellow,Fall,3.9,No,No,9,PayPal,Every 3 Months,Young Adult,High
4598,37,Female,187.51,Phoenix,,Blue,Summer,,Yes,Yes,20,Credit Card,Weekly,Adult,High
3640,26,Female,44,Illinois,M,Brown,Summer,3.6,No,No,39,Venmo,Annually,Young Adult,Medium
3634,39,Female,51,Montana,M,Orange,Spring,2.8,No,No,1,Bank Transfer,Bi-Weekly,Adult,Medium
951,54,Male,37,New Mexico,XL,Turquoise,Winter,4.1,Yes,Yes,30,PayPal,Quarterly,Senior,Medium
4838,54,Male,,Phoenix,XL,Black,Spring,5,No,No,,Cash,Quarterly,Senior,High
3852,50,Female,83,Montana,M,Pink,Summer,3.9,No,No,24,Debit Card,Annually,Adult,High
929,67,Male,37,Arkansas,XL,Yellow,Winter,3.4,Yes,Yes,31,Cash,Every 3 Months,Senior,Medium
592,47,Male,37,Kentucky,L,Olive,Fall,4.2,Yes,Yes,6,Debit Card,Bi-Weekly,Adult,Medium
3418,54,Female,35,Massachusetts,M,Blue,Summer,2.9,No,No,22,Debit Card,Fortnightly,Senior,Medium
2970,36,Female,62,Vermont,S,Blue,Fall,4.3,No,No,20,Cash,Every 3 Months,Adult,Medium
795,69,Male,50,Kentucky,XL,Yellow,Winter,4.2,Yes,Yes,10,Debit Card,Fortnightly,Senior,Medium
4088,49,Female,,Chicago,,Blue,Spring,,No,No,37,Debit Card,Weekly,Adult,High
856,70,Male,76,Oregon,L,Gold,Spring,3,Yes,Yes,14,Credit Card,Quarterly,Senior,High
2096,36,Male,63,New Mexico,M,Gray,Fall,4,No,No,1,Bank Transfer,Fortnightly,Adult,Medium
4304,35,Female,469.48,Houston,,Red,Winter,,Yes,Yes,,Cash,Monthly,Young Adult,High
4510,56,Other,1403.73,Phoenix,M,Black,Spring,,No,Yes,,PayPal,Quarterly,Senior,High
5032,24,Male,,Los Angeles,XL,Black,Autumn,2,No,No,31,Cash,Monthly,Young Adult,High
3639,40,Female,20,Kansas,M,Olive,Spring,4.6,No,No,50,PayPal,Bi-Weekly,Adult,Low
3266,40,Female,100,Alabama,M,White,Winter,3.2,No,No,28,Credit Card,Fortnightly,Adult,High
2298,60,Male,83,California,M,Orange,Summer,4.7,No,No,1,Bank Transfer,Quarterly,Senior,High
4311,19,Female,873.21,Chicago,S,Red,Winter,5,Yes,No,33,Credit Card,Monthly,Teen,High
485,68,Male,73,Missouri,L,Lavender,Summer,4.7,Yes,Yes,28,Bank Transfer,Quarterly,Senior,High
736,61,Male,48,Montana,M,Orange,Fall,3.6,Yes,Yes,48,Cash,Bi-Weekly,Senior,Medium
2505,56,Male,94,Rhode Island,M,Turquoise,Winter,4,No,No,31,Cash,Bi-Weekly,Senior,High
323,41,Male,95,Tennessee,S,Cyan,Winter,3,Yes,Yes,47,Credit Card,Monthly,Adult,High
195,51,Male,94,Missouri,M,Olive,Spring,3.1,Yes,Yes,15,Debit Card,Quarterly,Senior,High
2135,55,Male,41,Virginia,XL,Maroon,Winter,2.9,No,No,35,Credit Card,Fortnightly,Senior,Medium
2474,57,Male,98,Arkansas,M,Red,Winter,2.6,No,No,28,Cash,Quarterly,Senior,High
3767,62,Female,59,Texas,M,Black,Fall,4.9,No,No,43,Debit Card,Annually,Senior,Medium
345,24,Male,71,Virginia,M,Charcoal,Winter,4,Yes,Yes,46,Debit Card,Monthly,Young Adult,High
1027,49,Male,95,Virginia,L,Turquoise,Winter,3,Yes,Yes,39,PayPal,Bi-Weekly,Adult,High
468,19,Male,51,Nebraska,S,Orange,Spring,4.5,Yes,Yes,37,Debit Card,Every 3 Months,Teen,Medium
3693,59,Female,34,Alabama,L,Turquoise,Spring,4.8,No,No,29,Cash,Fortnightly,Senior,Medium
1618,43,Male,64,Wisconsin,M,Peach,Winter,4.3,No,Yes,50,Credit Card,Fortnightly,Adult,Medium
1990,35,Male,42,Maryland,S,Charcoal,Spring,4,No,No,39,PayPal,Bi-Weekly,Young Adult,Medium
352,28,Male,90,New York,M,Teal,Winter,3.9,Yes,Yes,24,Debit Card,Bi-Weekly,Young Adult,High
2616,49,Male,62,Arizona,M,Maroon,Fall,3.1,No,No,6,Debit Card,Quarterly,Adult,Medium
1486,22,Male,56,Nebraska,L,Red,Spring,3.4,No,Yes,3,Cash,Fortnightly,Young Adult,Medium
3563,47,Female,36,Maryland,M,Cyan,Winter,3.4,No,No,7,Bank Transfer,Weekly,Adult,Medium
3318,21,Female,67,North Carolina,XL,Pink,Summer,4.7,No,No,30,Cash,Quarterly,Young Adult,Medium
151,35,Male,96,California,L,Cyan,Fall,4.9,Yes,Yes,17,Debit Card,Every 3 Months,Young Adult,High
1059,29,Male,33,New Mexico,L,Violet,Summer,3.1,No,Yes,49,Bank Transfer,Every 3 Months,Young Adult,Medium
2868,21,Female,55,Colorado,L,White,Summer,4.9,No,No,33,Cash,Fortnightly,Young Adult,Medium
2145,47,Male,23,Maryland,L,Orange,Winter,3.7,No,No,25,PayPal,Quarterly,Adult,Low
1008,58,Male,62,Georgia,XL,Turquoise,Spring,4.8,Yes,Yes,2,Credit Card,Annually,Senior,Medium
4670,41,Male,,Chicago,,Blue,Autumn,,No,Yes,,PayPal,Quarterly,Adult,High
2351,57,Male,26,Hawaii,M,Turquoise,Winter,4.2,No,No,21,Cash,Annually,Senior,Low
3590,31,Female,73,New Hampshire,M,Blue,Spring,4.8,No,No,38,Cash,Every 3 Months,Young Adult,High
506,61,Male,63,Maine,L,Gray,Spring,4.3,Yes,Yes,9,Cash,Bi-Weekly,Senior,Medium
11,53,Male,34,Arkansas,L,Purple,Fall,4.1,Yes,Yes,26,Bank Transfer,Bi-Weekly,Senior,Medium
783,28,Male,57,Hawaii,M,Green,Summer,4.5,Yes,Yes,15,Cash,Weekly,Young Adult,Medium
2236,40,Male,82,Illinois,M,Gray,Spring,4.5,No,No,44,Credit Card,Annually,Adult,High
2724,54,Female,49,Texas,XL,Brown,Summer,2.9,No,No,3,PayPal,Every 3 Months,Senior,Medium
5099,59,Female,736.01,Chicago,,White,Spring,1,No,Yes,,Cash,Weekly,Senior,High
3843,35,Female,84,Colorado,L,Lavender,Winter,4.2,No,No,42,Debit Card,Monthly,Young Adult,High
3,50,Male,73,Massachusetts,S,Maroon,Spring,3.1,Yes,Yes,23,Credit Card,Weekly,Adult,High
1208,62,Male,90,Washington,M,White,Summer,4.1,No,Yes,48,Credit Card,Every 3 Months,Senior,High
2759,32,Female,98,Illinois,M,Purple,Summer,3.2,No,No,8,Bank Transfer,Bi-Weekly,Young Adult,High
384,50,Male,77,West Virginia,S,Magenta,Fall,,Yes,Yes,6,PayPal,Quarterly,Adult,High
1866,56,Male,62,Missouri,S,Silver,Summer,3.8,No,No,12,Bank Transfer,Monthly,Senior,Medium
4739,29,Male,,New York,S,Green,Autumn,1,Yes,No,9,Cash,Weekly,Young Adult,High
2497,67,Male,79,Illinois,S,Yellow,Summer,3.2,No,No,37,Credit Card,Weekly,Senior,High
2573,54,Male,42,Washington,M,Silver,Fall,3.9,No,No,40,Bank Transfer,Quarterly,Senior,Medium
1284,69,Male,94,Oregon,M,Violet,Winter,3.9,No,Yes,23,Debit Card,Every 3 Months,Senior,High
171,52,Male,25,Wyoming,M,Maroon,Fall,2.6,Yes,Yes,46,Venmo,Bi-Weekly,Senior,Low
2980,31,Female,91,Louisiana,L,Olive,Fall,2.6,No,No,14,PayPal,Weekly,Young Adult,High
4803,70,Other,,Phoenix,L,Black,Summer,5,Yes,Yes,,Debit Card,Monthly,Senior,High
3077,66,Female,46,New Hampshire,M,Blue,Summer,3.6,No,No,13,Venmo,Bi-Weekly,Senior,Medium
609,41,Male,25,Delaware,S,Gold,Fall,3.3,Yes,Yes,21,Venmo,Every 3 Months,Adult,Low
3668,51,Female,45,Washington,L,Cyan,Fall,2.6,No,No,20,Venmo,Monthly,Senior,Medium
3123,23,Female,45,Georgia,M,Pink,Fall,3,No,No,34,Credit Card,Fortnightly,Young Adult,Medium
3098,48,Female,33,Delaware,M,Silver,Fall,3.7,No,No,39,Bank Transfer,Quarterly,Adult,Medium
2227,22,Male,72,Missouri,L,Blue,Spring,4.8,No,No,28,Cash,Annually,Young Adult,High
2383,39,Male,60,California,M,Turquoise,Spring,3.9,No,No,44,Debit Card,Weekly,Adult,Medium
4377,34,Female,,Chicago,,Green,Autumn,,No,No,3,Debit Card,Weekly,Young Adult,High
4512,42,Male,,Los Angeles,M,Red,Winter,,No,Yes,5,PayPal,Monthly,Adult,High
3839,47,Female,25,Rhode Island,L,Green,Summer,4.2,No,No,24,Venmo,Every 3 Months,Adult,Low
4938,47,Female,914.23,Chicago,M,Green,Summer,,No,No,,Debit Card,Weekly,Adult,High
1056,70,Male,27,Massachusetts,M,Orange,Spring,3.3,No,Yes,24,Debit Card,Annually,Senior,Low
2284,44,Male,45,Ohio,S,Black,Winter,4.1,No,No,34,Credit Card,Fortnightly,Adult,Medium
4594,46,Male,,Phoenix,L,White,Summer,,Yes,No,,Cash,Monthly,Adult,High
1113,69,Male,67,Washington,XL,Pink,Spring,4.6,No,Yes,32,PayPal,Quarterly,Senior,Medium
4205,45,Other,,Los Angeles,L,Red,Summer,5,No,No,26,Debit Card,Quarterly,Adult,High
4124,46,Other,,Houston,,Red,Winter,,No,Yes,,Credit Card,Monthly,Adult,High
3380,61,Female,51,Tennessee,L,Turquoise,Summer,5,No,No,40,Cash,Weekly,Senior,Medium
4347,65,Male,,Chicago,S,Black,Summer,4,Yes,Yes,,PayPal,Weekly,Senior,High
2091,51,Male,71,Massachusetts,S,Teal,Winter,3.4,No,No,21,Debit Card,Monthly,Senior,High
3010,62,Female,73,Louisiana,M,Silver,Winter,4.6,No,No,8,Venmo,Fortnightly,Senior,High
3845,30,Female,87,Montana,S,Cyan,Fall,5,No,No,40,Venmo,Quarterly,Young Adult,High
153,30,Male,85,South Carolina,S,Brown,Summer,4.3,Yes,Yes,42,Venmo,Annually,Young Adult,High
4269,56,Female,118.61,Los Angeles,,Green,Autumn,1,Yes,Yes,,PayPal,Quarterly,Senior,High
837,23,Male,90,West Virginia,L,Violet,Winter,3.9,Yes,Yes,22,Cash,Bi-Weekly,Young Adult,High
1971,28,Male,94,Maryland,M,Indigo,Spring,2.9,No,No,4,Credit Card,Bi-Weekly,Young Adult,High
227,29,Male,74,Texas,L,Violet,Spring,3.3,Yes,Yes,5,PayPal,Monthly,Young Adult,High
4989,61,Male,,Los Angeles,S,Red,Autumn,5,Yes,Yes,43,Cash,Weekly,Senior,High
1702,69,Male,41,Mississippi,XL,Blue,Winter,3.8,No,No,44,Debit Card,Every 3 Months,Senior,Medium
200,54,Male,73,Idaho,XL,Green,Summer,3.8,Yes,Yes,32,Cash,Weekly,Senior,High
2717,47,Female,40,Colorado,L,Black,Spring,2.7,No,No,21,Debit Card,Weekly,Adult,Medium
1506,46,Male,20,North Dakota,M,Teal,Summer,3,No,Yes,39,Cash,Monthly,Adult,Low
2419,22,Male,69,Michigan,S,Indigo,Fall,4,No,No,47,Cash,Every 3 Months,Young Adult,Medium
321,66,Male,72,Kansas,L,White,Summer,4.9,Yes,Yes,28,Debit Card,Quarterly,Senior,High
4163,28,Other,789.72,Los Angeles,S,White,Autumn,4,Yes,Yes,33,Credit Card,Quarterly,Young Adult,High
4900,41,Male,510.59,New York,L,White,Autumn,,No,No,36,Credit Card,Monthly,Adult,High
5088,57,Other,,Los Angeles,L,Red,Summer,,No,Yes,11,PayPal,Monthly,Senior,High
2102,49,Male,23,Oregon,M,Blue,Winter,3.6,No,No,12,Bank Transfer,Bi-Weekly,Adult,Low
1836,65,Male,75,Kentucky,M,Lavender,Fall,3.2,No,No,45,Credit Card,Quarterly,Senior,High
3702,46,Female,66,New Mexico,M,Charcoal,Spring,4.5,No,No,36,Cash,Annually,Adult,Medium
241,47,Male,45,Montana,XL,Turquoise,Winter,3.5,Yes,Yes,29,Bank Transfer,Fortnightly,Adult,Medium
2983,33,Female,45,Wisconsin,M,Orange,Summer,3.6,No,No,4,Credit Card,Weekly,Young Adult,Medium
897,69,Male,29,Arkansas,M,Lavender,Spring,4.7,Yes,Yes,38,Cash,Fortnightly,Senior,Low
4663,29,Male,627.73,Houston,XL,Red,Summer,,Yes,No,,Cash,Quarterly,Young Adult,High
3667,67,Female,50,Alabama,M,Olive,Winter,3,No,No,47,Cash,Every 3 Months,Senior,Medium
817,26,Male,24,Illinois,L,Cyan,Summer,3.9,Yes,Yes,24,Debit Card,Monthly,Young Adult,Low
16,64,Male,81,Rhode Island,M,Teal,Winter,2.8,Yes,Yes,8,PayPal,Monthly,Senior,High
2537,51,Male,39,Oklahoma,L,Gray,Spring,4.9,No,No,45,PayPal,Every 3 Months,Senior,Medium
3694,66,Female,46,South Dakota,M,Violet,Summer,4.7,No,No,10,Venmo,Weekly,Senior,Medium
2823,61,Female,37,New Jersey,S,Brown,Fall,4.1,No,No,33,PayPal,Quarterly,Senior,Medium
2896,56,Female,86,Montana,L,Green,Summer,4.6,No,No,29,Bank Transfer,Monthly,Senior,High
4945,59,Female,1343.37,Phoenix,,Red,Summer,2,No,Yes,,Credit Card,Weekly,Senior,High
2409,23,Male,55,Hawaii,XL,Black,Fall,4.2,No,No,44,Debit Card,Every 3 Months,Young Adult,Medium
1126,27,Male,90,North Dakota,M,Lavender,Summer,2.7,No,Yes,10,Bank Transfer,Weekly,Young Adult,High
2798,63,Female,42,Oklahoma,M,Green,Winter,3.5,No,No,10,Venmo,Every 3 Months,Senior,Medium
304,20,Male,60,Oregon,M,Turquoise,Summer,3.3,Yes,Yes,49,Venmo,Weekly,Teen,Medium
2450,26,Male,56,Alabama,S,Violet,Fall,4.1,No,No,31,Venmo,Fortnightly,Young Adult,Medium
2572,45,Male,27,Mississippi,L,Black,Winter,3.5,No,No,48,Cash,Fortnightly,Adult,Low
4390,59,Female,,Los Angeles,S,White,Winter,1,Yes,No,,Credit Card,Quarterly,Senior,High
1601,20,Male,26,Montana,S,Yellow,Spring,4.7,No,Yes,24,PayPal,Weekly,Teen,Low
774,29,Male,84,California,L,Indigo,Winter,2.6,Yes,Yes,14,Debit Card,Bi-Weekly,Young Adult,High
1025,28,Male,66,Pennsylvania,M,Purple,Summer,3.5,Yes,Yes,18,Venmo,Quarterly,Young Adult,Medium
2943,54,Female,63,Hawaii,M,Brown,Summer,2.6,No,No,37,Bank Transfer,Weekly,Senior,Medium
3658,58,Female,82,Alabama,L,Gold,Winter,3.7,No,No,1,Debit Card,Every 3 Months,Senior,High
766,54,Male,99,Alaska,M,Pink,Summer,3,Yes,Yes,13,Cash,Quarterly,Senior,High
554,63,Male,59,Florida,M,White,Winter,3.2,Yes,Yes,15,Credit Card,Quarterly,Senior,Medium
4007,33,Male,,New York,S,Blue,Spring,1,No,Yes,,PayPal,Monthly,Young Adult,High
3294,19,Female,91,West Virginia,M,Gold,Spring,3.5,No,No,47,Credit Card,Fortnightly,Teen,High
4631,44,Female,749.08,New York,L,Green,Spring,,No,Yes,25,PayPal,Monthly,Adult,High
2508,58,Male,36,Louisiana,M,Cyan,Fall,2.9,No,No,32,Credit Card,Every 3 Months,Senior,Medium
3339,29,Female,94,Minnesota,L,White,Winter,2.9,No,No,46,Credit Card,Monthly,Young Adult,High
2843,28,Female,100,Arizona,L,Green,Fall,4.3,No,No,48,Debit Card,Quarterly,Young Adult,High
796,39,Male,26,New York,M,Beige,Summer,4.6,Yes,Yes,34,Venmo,Annually,Adult,Low
1934,48,Male,67,Montana,L,Violet,Summer,4.1,No,No,28,Venmo,Annually,Adult,Medium
3220,57,Female,40,Kansas,L,White,Summer,3.5,No,No,39,Credit Card,Weekly,Senior,Medium
2067,64,Male,92,Illinois,M,Olive,Fall,4.7,No,No,44,Debit Card,Fortnightly,Senior,High
2245,35,Male,37,South Carolina,M,Gold,Summer,4.8,No,No,22,PayPal,Annually,Young Adult,Medium
632,55,Male,68,Washington,S,Violet,Summer,4.1,Yes,Yes,27,Cash,Fortnightly,Senior,Medium
1874,64,Male,44,Wisconsin,XL,Red,Fall,2.9,No,No,49,Bank Transfer,Weekly,Senior,Medium
4677,41,Female,,Los Angeles,L,White,Autumn,,No,No,9,Credit Card,Monthly,Adult,High
4437,28,Male,412.8,Phoenix,,Green,Autumn,,Yes,Yes,,Credit Card,Quarterly,Young Adult,High
4161,54,Other,,New York,XL,Blue,Spring,,No,No,,Debit Card,Weekly,Senior,High
1458,58,Male,57,Pennsylvania,S,Gray,Spring,4.7,No,Yes,47,Venmo,Fortnightly,Senior,Medium
4634,49,Female,,Chicago,,Red,Summer,,No,Yes,,Cash,Quarterly,Adult,High
4032,23,Female,213.14,Phoenix,L,White,Winter,,Yes,Yes,,Credit Card,Monthly,Young Adult,High
1939,46,Male,23,Kentucky,L,Blue,Spring,3.8,No,No,39,Debit Card,Bi-Weekly,Adult,Low
2692,43,Female,25,Nebraska,L,Blue,Winter,3.3,No,No,48,Cash,Monthly,Adult,Low
4384,22,Female,632.95,Houston,M,White,Summer,4,No,Yes,35,Cash,Quarterly,Young Adult,High
33,36,Male,67,Kansas,M,Silver,Summer,4.9,Yes,Yes,37,Venmo,Annually,Adult,Medium
4751,26,Female,,Houston,L,Black,Spring,4,Yes,Yes,14,Cash,Monthly,Young Adult,High
2192,26,Male,69,Pennsylvania,S,Maroon,Summer,3.8,No,No,46,Cash,Bi-Weekly,Young Adult,Medium
3692,63,Female,21,Michigan,XL,Orange,Summer,4.8,No,No,24,PayPal,Weekly,Senior,Low
2502,49,Male,94,West Virginia,M,Violet,Fall,4.6,No,No,30,Venmo,Bi-Weekly,Adult,High
2235,35,Male,66,New Hampshire,S,Yellow,Winter,4,No,No,26,Cash,Weekly,Young Adult,Medium
3373,56,Female,25,Pennsylvania,M,Maroon,Winter,4.6,No,No,14,Credit Card,Every 3 Months,Senior,Low
1976,53,Male,77,Illinois,L,Turquoise,Fall,2.9,No,No,4,Cash,Quarterly,Senior,High
2318,47,Male,34,New Jersey,M,Purple,Summer,4.7,No,No,28,Bank Transfer,Monthly,Adult,Medium
4484,70,Other,1104.47,Phoenix,L,Green,Spring,1,No,Yes,10,PayPal,Monthly,Senior,High
3014,41,Female,55,Arizona,L,Peach,Summer,4.2,No,No,13,Cash,Monthly,Adult,Medium
1760,68,Male,58,Louisiana,L,Green,Spring,4,No,No,1,PayPal,Weekly,Senior,Medium
946,38,Male,38,Minnesota,M,Violet,Summer,4.1,Yes,Yes,8,Venmo,Every 3 Months,Adult,Medium
1858,51,Male,85,Colorado,L,Maroon,Summer,4,No,No,33,Cash,Monthly,Senior,High
877,41,Male,51,Nebraska,L,Gray,Summer,3.8,Yes,Yes,1,Debit Card,Weekly,Adult,Medium
1784,42,Male,49,Ohio,L,Lavender,Winter,3.3,No,No,30,Credit Card,Monthly,Adult,Medium
3175,45,Female,52,Oklahoma,L,Orange,Winter,3.8,No,No,35,PayPal,Monthly,Adult,Medium
3004,51,Female,53,Oregon,M,Brown,Fall,2.8,No,No,13,Credit Card,Every 3 Months,Senior,Medium
4582,68,Female,784.97,Los Angeles,M,White,Summer,,Yes,No,7,PayPal,Weekly,Senior,High
3287,45,Female,67,Illinois,L,Pink,Winter,5,No,No,4,Venmo,Fortnightly,Adult,Medium
4808,30,Male,478.64,Houston,L,White,Summer,,No,Yes,,Cash,Weekly,Young Adult,High
4486,50,Female,,Houston,M,Blue,Winter,,No,No,21,Credit Card,Monthly,Adult,High
4586,23,Female,,Los Angeles,L,Red,Autumn,,No,No,,Credit Card,Monthly,Young Adult,High
1768,69,Male,89,Minnesota,L,Lavender,Fall,3.8,No,No,46,Debit Card,Fortnightly,Senior,High
4245,42,Female,454,New York,L,Red,Autumn,5,No,No,40,Debit Card,Monthly,Adult,High
2619,70,Male,77,Louisiana,L,Brown,Fall,4.1,No,No,12,Venmo,Monthly,Senior,High
2671,30,Female,44,Pennsylvania,M,Yellow,Fall,4.7,No,No,26,Bank Transfer,Bi-Weekly,Young Adult,Medium
3377,22,Female,46,Ohio,M,Green,Winter,4.1,No,No,24,Cash,Quarterly,Young Adult,Medium
4397,47,Other,,Chicago,L,White,Spring,,Yes,No,,Credit Card,Weekly,Adult,High
3329,42,Female,35,Wisconsin,M,Violet,Spring,3.2,No,No,11,Cash,Bi-Weekly,Adult,Medium
4276,53,Other,,Houston,M,Red,Spring,,Yes,No,28,Credit Card,Monthly,Senior,High
809,46,Male,96,Wisconsin,L,Lavender,Fall,4.6,Yes,Yes,38,Cash,Every 3 Months,Adult,High
4842,30,Female,,Phoenix,L,White,Summer,4,Yes,No,,Debit Card,Monthly,Young Adult,High
3879,60,Female,42,South Carolina,M,Pink,Summer,3.4,No,No,24,Credit Card,Annually,Senior,Medium
3836,58,Female,58,Pennsylvania,L,Silver,Winter,2.6,No,No,28,PayPal,Bi-Weekly,Senior,Medium
1906,47,Male,35,Idaho,M,Teal,Summer,4.9,No,No,14,Bank Transfer,Fortnightly,Adult,Medium
225,63,Male,83,South Dakota,S,Beige,Summer,2.9,Yes,Yes,12,Cash,Every 3 Months,Senior,High
1482,64,Male,33,Maryland,S,Gray,Spring,3.3,No,Yes,31,PayPal,Quarterly,Senior,Medium
4323,31,Male,,Phoenix,L,White,Winter,4,No,No,,Debit Card,Weekly,Young Adult,High
203,57,Male,38,Nebraska,L,Magenta,Spring,2.7,Yes,Yes,33,Venmo,Annually,Senior,Medium
259,61,Male,74,Alabama,S,Lavender,Spring,2.8,Yes,Yes,16,Cash,Quarterly,Senior,High
5075,69,Male,377.18,New York,M,Black,Spring,3,No,No,35,Credit Card,Monthly,Senior,High
3118,43,Female,50,Florida,M,Olive,Fall,3,No,No,4,PayPal,Bi-Weekly,Adult,Medium
2473,24,Male,73,Utah,M,Peach,Summer,4.1,No,No,31,Credit Card,Annually,Young Adult,High
2277,31,Male,82,Wyoming,L,Red,Summer,4.1,No,No,25,Debit Card,Weekly,Young Adult,High
2238,45,Male,34,Alabama,S,Black,Summer,3.8,No,No,31,Venmo,Every 3 Months,Adult,Medium
374,23,Male,27,North Dakota,L,White,Summer,4.6,Yes,Yes,11,Venmo,Bi-Weekly,Young Adult,Low
3567,28,Female,88,Alaska,S,Orange,Spring,3.1,No,No,14,Venmo,Monthly,Young Adult,High
4455,46,Female,,New York,,Blue,Spring,,No,No,23,Debit Card,Quarterly,Adult,High
1408,56,Male,61,Nevada,XL,Charcoal,Spring,4.5,No,Yes,11,Credit Card,Annually,Senior,Medium
1356,59,Male,91,Florida,M,Blue,Summer,3,No,Yes,50,PayPal,Bi-Weekly,Senior,High
2186,40,Male,32,North Carolina,M,Violet,Winter,2.5,No,No,50,Debit Card,Every 3 Months,Adult,Medium
290,49,Male,85,New York,M,Yellow,Fall,4.5,Yes,Yes,26,Credit Card,Monthly,Adult,High
1843,61,Male,78,Alabama,M,Black,Summer,4.4,No,No,1,Debit Card,Annually,Senior,High
84,36,Male,40,Texas,M,Turquoise,Summer,4.1,Yes,Yes,34,Bank Transfer,Weekly,Adult,Medium
231,66,Male,88,Utah,L,Olive,Fall,4.1,Yes,Yes,43,Credit Card,Annually,Senior,High
754,47,Male,54,Massachusetts,M,Teal,Fall,3.4,Yes,Yes,27,Venmo,Quarterly,Adult,Medium
1993,33,Male,98,New Jersey,L,Gold,Winter,4.9,No,No,28,Venmo,Monthly,Young Adult,High
4183,69,Female,,Phoenix,S,Black,Autumn,4,No,No,,PayPal,Weekly,Senior,High
1222,18,Male,69,Iowa,M,Red,Winter,4.5,No,Yes,3,Cash,Quarterly,Teen,Medium
4469,22,Female,639.97,Chicago,,Blue,Spring,1,No,Yes,,Cash,Monthly,Young Adult,High
2992,66,Female,71,Utah,L,Green,Summer,3.9,No,No,7,PayPal,Bi-Weekly,Senior,High
3231,49,Female,49,Kansas,M,Olive,Summer,2.5,No,No,38,Debit Card,Annually,Adult,Medium
2641,30,Male,75,Indiana,L,Olive,Summer,4,No,No,45,Venmo,Bi-Weekly,Young Adult,High
978,20,Male,20,Washington,M,Black,Spring,4.6,Yes,Yes,34,Cash,Bi-Weekly,Teen,Low
962,62,Male,72,Pennsylvania,L,Olive,Fall,3.7,Yes,Yes,37,Debit Card,Quarterly,Senior,High
1185,63,Male,73,South Carolina,S,Indigo,Fall,3.4,No,Yes,19,Credit Card,Annually,Senior,High
1449,64,Male,95,West Virginia,M,Black,Summer,3.6,No,Yes,11,Credit Card,Every 3 Months,Senior,High
1470,28,Male,98,Mississippi,M,Purple,Winter,4.4,No,Yes,31,PayPal,Every 3 Months,Young Adult,High
473,20,Male,39,Georgia,L,Gray,Winter,3.9,Yes,Yes,3,Bank Transfer,Quarterly,Teen,Medium
3614,58,Female,27,Minnesota,M,Magenta,Fall,3.5,No,No,40,Venmo,Annually,Senior,Low
3544,58,Female,83,Colorado,M,Blue,Winter,4.1,No,No,18,PayPal,Every 3 Months,Senior,High
2452,41,Male,60,Oklahoma,M,Purple,Fall,3.4,No,No,27,Venmo,Monthly,Adult,Medium
4273,64,Female,938.96,New York,XL,Red,Summer,5,No,No,42,Cash,Monthly,Senior,High
4025,68,Female,,Phoenix,XL,Red,Summer,,No,Yes,33,Debit Card,Quarterly,Senior,High
1817,26,Male,79,Virginia,M,Purple,Summer,4,No,No,4,Cash,Weekly,Young Adult,High
2487,61,Male,58,Texas,L,Magenta,Spring,4.4,No,No,6,Credit Card,Fortnightly,Senior,Medium
690,19,Male,91,Pennsylvania,M,Orange,Summer,4.7,Yes,Yes,35,Credit Card,Every 3 Months,Teen,High
2533,55,Male,86,Nebraska,S,Charcoal,Summer,2.6,No,No,4,Debit Card,Weekly,Senior,High
1292,69,Male,68,South Dakota,S,Beige,Spring,3.2,No,Yes,23,Debit Card,Fortnightly,Senior,Medium
3239,25,Female,84,Wyoming,XL,Teal,Fall,3.4,No,No,37,Cash,Quarterly,Young Adult,High
582,32,Male,100,Iowa,XL,Charcoal,Winter,2.7,Yes,Yes,12,Bank Transfer,Every 3 Months,Young Adult,High
2557,24,Male,88,Montana,XL,Magenta,Fall,3.1,No,No,4,Bank Transfer,Quarterly,Young Adult,High
1873,43,Male,64,Alaska,M,Lavender,Summer,4.6,No,No,24,Credit Card,Monthly,Adult,Medium
2893,22,Female,39,Nevada,M,Teal,Spring,3.2,No,No,47,Credit Card,Monthly,Young Adult,Medium
3458,64,Female,87,Maryland,M,Gray,Summer,3,No,No,29,Cash,Fortnightly,Senior,High
1960,46,Male,90,Colorado,M,White,Fall,3.1,No,No,7,Credit Card,Every 3 Months,Adult,High
4219,44,Male,1495.94,Houston,L,Green,Spring,5,No,No,,Credit Card,Weekly,Adult,High
3235,49,Female,96,Washington,M,Black,Winter,2.5,No,No,16,Debit Card,Quarterly,Adult,High
5081,37,Other,1103.56,Phoenix,,Green,Autumn,3,No,No,17,Debit Card,Weekly,Adult,High
1955,26,Male,77,Colorado,M,Pink,Winter,4.2,No,No,3,Venmo,Quarterly,Young Adult,High
848,53,Male,44,New Jersey,L,Blue,Fall,4.1,Yes,Yes,30,PayPal,Monthly,Senior,Medium
3278,59,Female,86,Texas,M,Blue,Spring,4.9,No,No,3,Credit Card,Monthly,Senior,High
1101,50,Male,28,Nevada,L,Gold,Spring,4.4,No,Yes,2,Credit Card,Weekly,Adult,Low
2331,60,Male,63,Arizona,L,Orange,Summer,2.9,No,No,47,PayPal,Every 3 Months,Senior,Medium
553,24,Male,94,Missouri,M,Peach,Fall,3.5,Yes,Yes,18,Bank Transfer,Weekly,Young Adult,High
5005,60,Male,,Chicago,,Black,Spring,,No,No,,Cash,Weekly,Senior,High
3325,37,Female,32,Missouri,S,Red,Fall,3.3,No,No,41,Venmo,Weekly,Adult,Medium
1756,56,Male,20,Delaware,XL,Charcoal,Spring,4.6,No,No,45,Cash,Monthly,Senior,Low
4737,61,Other,,New York,XL,Red,Winter,5,Yes,Yes,33,Debit Card,Quarterly,Senior,High
168,33,Male,27,Arkansas,M,Green,Fall,4,Yes,Yes,14,Credit Card,Every 3 Months,Young Adult,Low
692,60,Male,21,Massachusetts,L,Silver,Summer,2.9,Yes,Yes,37,PayPal,Bi-Weekly,Senior,Low
511,21,Male,87,West Virginia,M,Teal,Fall,3.9,Yes,Yes,22,Venmo,Annually,Young Adult,High
2376,60,Male,63,Virginia,L,Peach,Fall,2.9,No,No,18,Credit Card,Quarterly,Senior,Medium
4322,54,Other,,Los Angeles,,Green,Spring,5,No,Yes,43,Debit Card,Weekly,Senior,High
3069,32,Female,40,California,M,Indigo,Winter,4.2,No,No,4,Debit Card,Weekly,Young Adult,Medium
2988,63,Female,36,Louisiana,L,Black,Winter,2.5,No,No,42,Cash,Monthly,Senior,Medium
3331,38,Female,96,Missouri,M,Black,Spring,3.2,No,No,41,Bank Transfer,Quarterly,Adult,High
4974,49,Other,1080.39,New York,L,Blue,Autumn,2,Yes,No,,Credit Card,Monthly,Adult,High
599,21,Male,66,California,L,Green,Winter,3.2,Yes,Yes,30,Cash,Every 3 Months,Young Adult,Medium
4923,67,Male,,Phoenix,,Blue,Summer,,Yes,No,,Cash,Weekly,Senior,High
2266,36,Male,94,Montana,XL,Yellow,Fall,3.9,No,No,10,PayPal,Quarterly,Adult,High
295,70,Male,20,New Jersey,M,Gold,Spring,4.6,Yes,Yes,19,Credit Card,Every 3 Months,Senior,Low
4721,54,Male,726.15,Chicago,,Green,Summer,,Yes,Yes,,Cash,Quarterly,Senior,High
5067,18,Male,1310.4,Phoenix,S,Black,Spring,,Yes,No,41,Cash,Monthly,Teen,High
4760,41,Other,,Chicago,,White,Summer,5,Yes,Yes,,Debit Card,Weekly,Adult,High
1334,29,Male,69,Idaho,M,Lavender,Winter,2.7,No,Yes,9,Bank Transfer,Quarterly,Young Adult,Medium
3321,66,Female,44,Illinois,XL,Silver,Fall,4.2,No,No,45,Cash,Every 3 Months,Senior,Medium
1321,56,Male,31,California,XL,Teal,Fall,3.1,No,Yes,19,Debit Card,Annually,Senior,Medium
180,64,Male,31,Illinois,M,Violet,Fall,4.9,Yes,Yes,9,Bank Transfer,Fortnightly,Senior,Medium
1710,45,Male,83,Indiana,M,Pink,Winter,3.8,No,No,19,Bank Transfer,Annually,Adult,High
3023,58,Female,26,Georgia,M,Lavender,Fall,4,No,No,23,PayPal,Weekly,Senior,Low
385,70,Male,33,California,M,Beige,Fall,4.5,Yes,Yes,6,Venmo,Annually,Senior,Medium
2316,69,Male,79,Vermont,M,Indigo,Winter,3.5,No,No,49,Debit Card,Quarterly,Senior,High
13,61,Male,72,Delaware,M,Gold,Winter,4.5,Yes,Yes,37,Venmo,Fortnightly,Senior,High
668,34,Male,76,Arizona,S,Blue,Winter,2.6,Yes,Yes,32,Bank Transfer,Quarterly,Young Adult,High
4123,26,Female,1131.2,New York,XL,White,Summer,2,No,Yes,,Credit Card,Quarterly,Young Adult,High
1879,34,Male,29,Oklahoma,L,Magenta,Summer,3.4,No,No,5,Credit Card,Monthly,Young Adult,Low
2048,58,Male,82,Connecticut,M,Silver,Summer,3.1,No,No,32,Cash,Annually,Senior,High
935,45,Male,47,Oregon,S,Yellow,Spring,3.7,Yes,Yes,21,Bank Transfer,Monthly,Adult,Medium
2018,70,Male,32,Massachusetts,S,Green,Winter,4.1,No,No,42,Bank Transfer,Every 3 Months,Senior,Medium
3647,69,Female,68,Nevada,M,Maroon,Spring,5,No,No,39,Debit Card,Fortnightly,Senior,Medium
5071,66,Other,,Chicago,S,Red,Winter,3,Yes,Yes,29,Debit Card,Monthly,Senior,High
2997,70,Female,91,Utah,M,White,Spring,2.9,No,No,6,Venmo,Every 3 Months,Senior,High
969,57,Male,67,North Carolina,L,Gray,Summer,3.1,Yes,Yes,48,Bank Transfer,Quarterly,Senior,Medium
4998,69,Other,,Chicago,S,Red,Summer,3,Yes,Yes,,Cash,Weekly,Senior,High
3151,55,Female,25,Georgia,M,Peach,Spring,2.6,No,No,7,Bank Transfer,Bi-Weekly,Senior,Low
3269,22,Female,97,Arkansas,M,Cyan,Fall,2.8,No,No,5,Bank Transfer,Every 3 Months,Young Adult,High
164,54,Male,67,Virginia,M,Purple,Summer,3.4,Yes,Yes,8,Debit Card,Weekly,Senior,Medium
5054,42,Male,1106.69,Los Angeles,S,Green,Spring,3,No,Yes,,Cash,Weekly,Adult,High
448,60,Male,82,Washington,S,Turquoise,Spring,3.6,Yes,Yes,7,Bank Transfer,Every 3 Months,Senior,High
1471,43,Male,27,California,M,Silver,Spring,3.9,No,Yes,15,Cash,Every 3 Months,Adult,Low
4024,55,Female,,Chicago,S,Green,Autumn,,No,No,,PayPal,Quarterly,Senior,High
2032,21,Male,51,North Carolina,L,Charcoal,Spring,4,No,No,2,Credit Card,Monthly,Young Adult,Medium
776,49,Male,53,Kentucky,S,Gold,Winter,3,Yes,Yes,8,PayPal,Monthly,Adult,Medium
2856,29,Female,95,Mississippi,S,Maroon,Winter,3.8,No,No,33,PayPal,Quarterly,Young Adult,High
757,62,Male,99,Montana,S,Orange,Summer,4.8,Yes,Yes,24,Cash,Fortnightly,Senior,High
1796,68,Male,20,Wisconsin,S,Violet,Fall,4,No,No,9,Debit Card,Fortnightly,Senior,Low
2629,25,Male,51,Wyoming,M,Silver,Summer,3.8,No,No,42,Credit Card,Bi-Weekly,Young Adult,Medium
4969,57,Female,1384.26,Phoenix,L,Blue,Winter,,Yes,No,42,Credit Card,Weekly,Senior,High
2661,24,Female,85,South Carolina,L,Yellow,Spring,4.9,No,No,44,Venmo,Annually,Young Adult,High
2774,39,Female,98,Arizona,S,Maroon,Spring,4.6,No,No,45,Bank Transfer,Quarterly,Adult,High
1777,56,Male,64,Arizona,L,Cyan,Summer,3.4,No,No,10,Venmo,Every 3 Months,Senior,Medium
466,54,Male,88,Oklahoma,M,Pink,Summer,2.8,Yes,Yes,25,Cash,Quarterly,Senior,High
2377,21,Male,94,Tennessee,XL,Cyan,Spring,4.1,No,No,5,Cash,Weekly,Young Adult,High
2292,28,Male,30,Ohio,M,Indigo,Spring,5,No,No,13,Credit Card,Quarterly,Young Adult,Medium
3040,59,Female,48,Alabama,L,Blue,Spring,3.2,No,No,31,PayPal,Bi-Weekly,Senior,Medium
2565,42,Male,90,Kentucky,L,Indigo,Winter,3,No,No,27,Bank Transfer,Weekly,Adult,High
1780,29,Male,62,Virginia,M,Charcoal,Winter,4.3,No,No,41,Venmo,Weekly,Young Adult,Medium
1074,22,Male,96,California,XL,Purple,Spring,4,No,Yes,33,Credit Card,Monthly,Young Adult,High
2678,45,Female,43,Connecticut,L,Olive,Spring,3.8,No,No,6,PayPal,Every 3 Months,Adult,Medium
4431,25,Male,716.34,New York,,Blue,Summer,5,No,Yes,33,PayPal,Weekly,Young Adult,High
2923,45,Female,68,Kentucky,L,Beige,Winter,3.5,No,No,16,PayPal,Quarterly,Adult,Medium
407,52,Male,55,Maryland,M,Peach,Spring,4.6,Yes,Yes,13,Cash,Monthly,Senior,Medium
4466,33,Female,,Phoenix,S,Green,Winter,,Yes,Yes,,PayPal,Weekly,Young Adult,High
3271,59,Female,25,Illinois,M,Indigo,Winter,4.7,No,No,48,PayPal,Annually,Senior,Low
2001,26,Male,27,California,M,Lavender,Winter,3.6,No,No,25,Cash,Bi-Weekly,Young Adult,Low
253,32,Male,41,Delaware,M,Violet,Summer,3.9,Yes,Yes,33,Venmo,Fortnightly,Young Adult,Medium
1407,32,Male,46,Washington,L,Turquoise,Spring,3.6,No,Yes,15,Debit Card,Monthly,Young Adult,Medium
3224,68,Female,65,Montana,S,Gray,Spring,3.9,No,No,36,Venmo,Bi-Weekly,Senior,Medium
4288,39,Other,993.53,Chicago,M,Black,Summer,4,Yes,No,19,Credit Card,Monthly,Adult,High
1935,34,Male,43,Michigan,L,Gold,Winter,2.7,No,No,23,Bank Transfer,Annually,Young Adult,Medium
3512,69,Female,81,Mississippi,M,Blue,Summer,3.9,No,No,21,Credit Card,Every 3 Months,Senior,High
3297,20,Female,23,Alaska,M,Green,Spring,4.2,No,No,47,Venmo,Quarterly,Teen,Low
2055,65,Male,56,New Jersey,XL,Gold,Spring,2.9,No,No,14,PayPal,Annually,Senior,Medium
1367,45,Male,40,Iowa,M,Magenta,Fall,3.1,No,Yes,10,Credit Card,Fortnightly,Adult,Medium
2059,29,Male,98,Washington,M,Brown,Winter,3.3,No,No,17,Bank Transfer,Quarterly,Young Adult,High
3701,28,Female,84,North Dakota,XL,Charcoal,Summer,3.4,No,No,2,Bank Transfer,Every 3 Months,Young Adult,High
85,52,Male,32,Arizona,S,Peach,Spring,4.4,Yes,Yes,42,Bank Transfer,Every 3 Months,Senior,Medium
57,41,Male,73,Mississippi,XL,Brown,Summer,4.7,Yes,Yes,46,Credit Card,Weekly,Adult,High
2649,51,Male,84,Illinois,M,Gray,Spring,3.9,No,No,14,PayPal,Bi-Weekly,Senior,High
2021,41,Male,23,Pennsylvania,M,Beige,Winter,4.8,No,No,26,Cash,Quarterly,Adult,Low
1139,18,Male,36,Iowa,M,Purple,Summer,4.7,No,Yes,32,Venmo,Fortnightly,Teen,Medium
1019,50,Male,70,Georgia,XL,Charcoal,Spring,4.9,Yes,Yes,46,Cash,Weekly,Adult,High
3595,19,Female,87,Alabama,L,Charcoal,Summer,2.6,No,No,29,Venmo,Quarterly,Teen,High
5028,51,Female,,Chicago,S,Black,Summer,,No,Yes,11,PayPal,Monthly,Senior,High
606,40,Male,32,California,XL,Charcoal,Winter,4.2,Yes,Yes,17,Bank Transfer,Weekly,Adult,Medium
1614,26,Male,31,Illinois,S,Black,Summer,4,No,Yes,6,Credit Card,Fortnightly,Young Adult,Medium
658,48,Male,80,Arizona,M,White,Winter,4.3,Yes,Yes,6,PayPal,Quarterly,Adult,High
2155,46,Male,74,Wyoming,M,Violet,Spring,3.4,No,No,33,Cash,Every 3 Months,Adult,High
1559,35,Male,75,New Mexico,XL,Teal,Fall,3.5,No,Yes,24,Credit Card,Every 3 Months,Young Adult,High
2485,60,Male,97,New Hampshire,M,Green,Summer,4.8,No,No,50,Cash,Every 3 Months,Senior,High
1175,42,Male,31,Michigan,M,Black,Winter,4.3,No,Yes,19,Bank Transfer,Bi-Weekly,Adult,Medium
3388,53,Female,78,New Jersey,S,Pink,Spring,3.4,No,No,2,Credit Card,Bi-Weekly,Senior,High
30,31,Male,48,Wyoming,S,Black,Fall,4.1,Yes,Yes,14,Credit Card,Weekly,Young Adult,Medium
924,55,Male,24,Arkansas,M,Silver,Spring,4.2,Yes,Yes,7,PayPal,Weekly,Senior,Low
5085,36,Other,,New York,S,Blue,Summer,,Yes,Yes,,PayPal,Monthly,Adult,High
2859,34,Female,87,Maryland,L,Teal,Summer,3.8,No,No,46,Bank Transfer,Monthly,Young Adult,High
1210,41,Male,62,Pennsylvania,M,Blue,Winter,3.8,No,Yes,16,Bank Transfer,Monthly,Adult,Medium
3147,21,Female,83,Virginia,S,Yellow,Winter,4.9,No,No,19,PayPal,Annually,Young Adult,High
198,59,Male,78,South Carolina,M,Black,Fall,3.2,Yes,Yes,41,Credit Card,Monthly,Senior,High
1638,35,Male,21,Massachusetts,M,Peach,Spring,3.5,No,Yes,32,Venmo,Fortnightly,Young Adult,Low
2146,38,Male,73,Connecticut,S,White,Winter,4.8,No,No,32,PayPal,Annually,Adult,High
68,45,Male,33,Connecticut,L,Gray,Winter,4.4,Yes,Yes,49,Debit Card,Monthly,Adult,Medium
966,43,Male,55,Delaware,L,Black,Spring,5,Yes,Yes,10,Credit Card,Annually,Adult,Medium
2261,38,Male,82,Missouri,M,Blue,Fall,4.9,No,No,16,PayPal,Quarterly,Adult,High
2445,47,Male,65,West Virginia,S,Gold,Fall,3.7,No,No,15,Debit Card,Bi-Weekly,Adult,Medium
2913,48,Female,37,Oregon,M,Yellow,Winter,4,No,No,27,Cash,Bi-Weekly,Adult,Medium
1456,60,Male,79,Alabama,L,Silver,Fall,4.9,No,Yes,1,PayPal,Every 3 Months,Senior,High
4198,42,Female,,Phoenix,M,Red,Summer,,Yes,Yes,31,Cash,Weekly,Adult,High
3319,45,Female,46,North Dakota,M,Olive,Summer,3.9,No,No,15,PayPal,Monthly,Adult,Medium
5070,37,Other,,Los Angeles,,Black,Autumn,2,No,No,5,Debit Card,Quarterly,Adult,High
944,32,Male,63,Oklahoma,L,Cyan,Winter,3.8,Yes,Yes,13,Venmo,Fortnightly,Young Adult,Medium
3476,48,Female,88,South Carolina,M,Orange,Spring,4.4,No,No,9,Cash,Quarterly,Adult,High
2968,34,Female,36,Indiana,L,Silver,Summer,3.4,No,No,40,Venmo,Annually,Young Adult,Medium
2004,68,Male,72,Maine,S,Blue,Spring,3.1,No,No,32,Cash,Quarterly,Senior,High
644,18,Male,57,Oregon,XL,Green,Winter,3.2,Yes,Yes,10,Bank Transfer,Every 3 Months,Teen,Medium
4781,62,Male,,New York,S,Black,Winter,5,No,Yes,,Cash,Quarterly,Senior,High
3581,51,Female,83,New Hampshire,M,Magenta,Summer,3.2,No,No,3,Cash,Bi-Weekly,Senior,High
3789,43,Female,65,Kansas,XL,Teal,Spring,3.2,No,No,27,Debit Card,Monthly,Adult,Medium
1911,29,Male,38,New York,S,Yellow,Fall,3.8,No,No,13,Debit Card,Quarterly,Young Adult,Medium
4666,35,Female,,Chicago,M,Red,Autumn,5,No,No,41,Debit Card,Monthly,Young Adult,High
2340,25,Male,65,Illinois,L,Maroon,Spring,3.4,No,No,24,Bank Transfer,Quarterly,Young Adult,Medium
2481,61,Male,91,Ohio,XL,Maroon,Summer,2.9,No,No,7,Credit Card,Fortnightly,Senior,High
5048,23,Female,1200.24,Chicago,S,White,Spring,,No,Yes,16,Debit Card,Quarterly,Young Adult,High
871,66,Male,66,West Virginia,M,Blue,Fall,2.5,Yes,Yes,6,Bank Transfer,Bi-Weekly,Senior,Medium
328,61,Male,42,Iowa,M,Teal,Summer,3.1,Yes,Yes,36,PayPal,Weekly,Senior,Medium
1219,55,Male,79,Pennsylvania,M,Cyan,Spring,3.1,No,Yes,43,Cash,Every 3 Months,Senior,High
4133,54,Other,,Los Angeles,S,Red,Spring,2,Yes,Yes,,Debit Card,Monthly,Senior,High
4683,46,Female,,Los Angeles,M,Green,Spring,,No,Yes,,Debit Card,Weekly,Adult,High
2676,24,Female,38,Virginia,M,Peach,Winter,3.4,No,No,38,Cash,Bi-Weekly,Young Adult,Medium
2278,25,Male,56,Alabama,M,Beige,Summer,4.6,No,No,18,Credit Card,Quarterly,Young Adult,Medium
2365,62,Male,60,Mississippi,L,Maroon,Winter,4.2,No,No,4,PayPal,Quarterly,Senior,Medium
986,32,Male,80,West Virginia,M,Gray,Fall,5,Yes,Yes,12,Bank Transfer,Annually,Young Adult,High
2283,18,Male,97,Idaho,S,Red,Fall,4.2,No,No,8,Credit Card,Annually,Teen,High
1757,49,Male,55,New Hampshire,S,Cyan,Fall,2.8,No,No,14,Bank Transfer,Weekly,Adult,Medium
5007,56,Male,705.99,Houston,L,Red,Autumn,3,Yes,No,34,Debit Card,Quarterly,Senior,High
4359,32,Female,,Houston,S,Green,Spring,5,Yes,No,29,PayPal,Monthly,Young Adult,High
3085,46,Female,37,Idaho,S,Indigo,Spring,3.2,No,No,43,PayPal,Monthly,Adult,Medium
4985,25,Other,,Houston,S,Black,Winter,,Yes,No,,Debit Card,Monthly,Young Adult,High
2389,21,Male,68,Alabama,M,Peach,Fall,4.1,No,No,10,Debit Card,Annually,Young Adult,Medium
3227,57,Female,71,Minnesota,XL,Beige,Spring,3.3,No,No,38,Bank Transfer,Fortnightly,Senior,High
531,48,Male,37,Montana,XL,Magenta,Winter,3.2,Yes,Yes,25,Credit Card,Bi-Weekly,Adult,Medium
2739,50,Female,81,Ohio,M,Charcoal,Summer,4.3,No,No,39,Venmo,Every 3 Months,Adult,High
4757,51,Other,337.04,Chicago,L,Blue,Summer,,Yes,Yes,,Credit Card,Quarterly,Senior,High
4543,22,Female,,Phoenix,L,Red,Winter,5,No,Yes,,PayPal,Weekly,Young Adult,High
3382,57,Female,66,Minnesota,L,Turquoise,Winter,4.7,No,No,27,Credit Card,Quarterly,Senior,Medium
1294,23,Male,74,Florida,XL,Yellow,Fall,4.1,No,Yes,30,Debit Card,Annually,Young Adult,High
88,52,Male,53,Ohio,M,Green,Fall,3.7,Yes,Yes,44,Debit Card,Fortnightly,Senior,Medium
4714,55,Female,,Houston,,Black,Autumn,,No,No,,Credit Card,Monthly,Senior,High
1235,38,Male,99,New Jersey,M,Indigo,Fall,4.1,No,Yes,2,Bank Transfer,Bi-Weekly,Adult,High
996,44,Male,80,Idaho,M,Magenta,Spring,3,Yes,Yes,10,Venmo,Weekly,Adult,High
1108,69,Male,62,Texas,M,Peach,Fall,2.8,No,Yes,26,Bank Transfer,Weekly,Senior,Medium
4535,26,Male,,Chicago,S,Blue,Winter,,Yes,No,,Cash,Weekly,Young Adult,High
1579,62,Male,97,California,S,Maroon,Winter,4.9,No,Yes,2,PayPal,Quarterly,Senior,High
2403,45,Male,89,Utah,M,Brown,Winter,3.8,No,No,31,Cash,Weekly,Adult,High
1215,30,Male,81,Vermont,M,Blue,Fall,3.8,No,Yes,5,Cash,Every 3 Months,Young Adult,High
3818,66,Female,91,Missouri,M,Magenta,Fall,2.6,No,No,40,PayPal,Annually,Senior,High
3542,59,Female,66,Virginia,M,Olive,Winter,4,No,No,22,PayPal,Annually,Senior,Medium
3109,50,Female,69,Oregon,M,Purple,Fall,3.2,No,No,7,PayPal,Monthly,Adult,Medium
105,55,Male,24,New Hampshire,L,Pink,Spring,4.4,Yes,Yes,1,PayPal,Monthly,Senior,Low
3752,36,Female,97,Alabama,S,Silver,Fall,4.2,No,No,8,Credit Card,Every 3 Months,Adult,High
4400,58,Other,418.38,Houston,S,Blue,Winter,,Yes,Yes,25,Debit Card,Weekly,Senior,High
1262,20,Male,29,Connecticut,L,Maroon,Summer,2.8,No,Yes,2,Credit Card,Fortnightly,Teen,Low
1538,68,Male,89,Alaska,L,Black,Spring,3.2,No,Yes,50,Venmo,Annually,Senior,High
1404,26,Male,20,Georgia,M,Peach,Spring,3.6,No,Yes,20,Credit Card,Bi-Weekly,Young Adult,Low
5077,34,Other,1352.9,Houston,L,Green,Autumn,,Yes,Yes,39,Debit Card,Quarterly,Young Adult,High
915,43,Male,67,Washington,L,Purple,Summer,4.1,Yes,Yes,27,Venmo,Every 3 Months,Adult,Medium
2301,18,Male,88,Pennsylvania,XL,Lavender,Summer,4.4,No,No,38,Credit Card,Monthly,Teen,High
2051,35,Male,96,Mississippi,M,Teal,Summer,3.4,No,No,10,Debit Card,Annually,Young Adult,High
142,56,Male,46,Virginia,M,Turquoise,Fall,4.9,Yes,Yes,45,PayPal,Weekly,Senior,Medium
3427,47,Female,35,Oregon,XL,Magenta,Fall,4.8,No,No,31,Credit Card,Annually,Adult,Medium
2562,32,Male,20,New York,L,Magenta,Spring,2.7,No,No,22,Debit Card,Quarterly,Young Adult,Low
3592,48,Female,89,South Dakota,M,Gold,Winter,3.2,No,No,38,Bank Transfer,Quarterly,Adult,High
4546,64,Other,1200.04,Los Angeles,L,Blue,Winter,3,Yes,Yes,,Cash,Quarterly,Senior,High
2636,59,Male,80,Colorado,XL,Peach,Spring,2.9,No,No,34,PayPal,Fortnightly,Senior,High
2079,49,Male,42,Hawaii,M,Blue,Spring,3.2,No,No,40,Debit Card,Weekly,Adult,Medium
916,31,Male,22,Rhode Island,L,Purple,Winter,2.9,Yes,Yes,33,Credit Card,Fortnightly,Young Adult,Low
3420,23,Female,26,West Virginia,L,Indigo,Winter,3.1,No,No,5,Venmo,Bi-Weekly,Young Adult,Low
1518,57,Male,41,New Hampshire,M,Violet,Spring,3.4,No,Yes,12,Cash,Quarterly,Senior,Medium
1918,38,Male,71,Hawaii,L,Black,Winter,3.4,No,No,35,PayPal,Bi-Weekly,Adult,High
491,57,Male,42,Colorado,M,Silver,Winter,4.2,Yes,Yes,47,Cash,Monthly,Senior,Medium
4155,22,Male,,Chicago,XL,Blue,Summer,3,No,Yes,,Credit Card,Weekly,Young Adult,High
1324,58,Male,62,New York,M,Yellow,Spring,4.6,No,Yes,15,Debit Card,Every 3 Months,Senior,Medium
1659,32,Male,66,Alaska,S,Pink,Spring,4.1,No,Yes,47,Cash,Weekly,Young Adult,Medium
3051,31,Female,76,Kentucky,S,Green,Spring,3.6,No,No,28,Venmo,Every 3 Months,Young Adult,High
4420,43,Male,,Chicago,S,Blue,Autumn,3,Yes,No,19,Credit Card,Quarterly,Adult,High
3259,31,Female,51,New Jersey,M,Magenta,Spring,4.3,No,No,11,Credit Card,Bi-Weekly,Young Adult,Medium
1041,68,Male,22,North Carolina,S,Magenta,Fall,4,Yes,Yes,7,Cash,Fortnightly,Senior,Low
2525,60,Male,59,Kansas,M,Purple,Spring,3.7,No,No,23,Credit Card,Quarterly,Senior,Medium
653,64,Male,27,Minnesota,M,Beige,Winter,3.1,Yes,Yes,27,Venmo,Weekly,Senior,Low
2264,44,Male,40,Indiana,XL,Green,Winter,3.5,No,No,42,Cash,Quarterly,Adult,Medium
2590,52,Male,53,North Dakota,M,Silver,Winter,4.9,No,No,31,PayPal,Annually,Senior,Medium
2914,43,Female,83,Wyoming,L,Cyan,Winter,3.5,No,No,12,Cash,Every 3 Months,Adult,High
1224,69,Male,24,Kansas,L,Red,Winter,3.9,No,Yes,21,Bank Transfer,Weekly,Senior,Low
4619,28,Other,,Los Angeles,,Black,Autumn,,No,No,,Debit Card,Monthly,Young Adult,High
2304,51,Male,71,New Jersey,S,Beige,Spring,4.8,No,No,31,Credit Card,Fortnightly,Senior,High
1265,52,Male,92,Vermont,S,Blue,Winter,2.5,No,Yes,1,Venmo,Bi-Weekly,Senior,High
1478,24,Male,32,Oregon,XL,Silver,Summer,4.3,No,Yes,1,PayPal,Every 3 Months,Young Adult,Medium
1912,65,Male,81,Arizona,M,Gray,Spring,4.9,No,No,32,Debit Card,Bi-Weekly,Senior,High
953,36,Male,71,Idaho,S,Red,Fall,3.1,Yes,Yes,28,PayPal,Monthly,Adult,High
3190,25,Female,87,Kansas,M,Beige,Summer,4.2,No,No,30,PayPal,Bi-Weekly,Young Adult,High
1848,46,Male,100,Arizona,XL,Cyan,Summer,4.4,No,No,49,Credit Card,Weekly,Adult,High
2848,68,Female,21,Connecticut,L,Charcoal,Winter,2.8,No,No,3,PayPal,Every 3 Months,Senior,Low
1664,43,Male,22,Maine,XL,Gold,Summer,3.5,No,Yes,1,Cash,Bi-Weekly,Adult,Low
4027,68,Other,1416.19,Los Angeles,XL,Blue,Summer,5,No,No,34,Debit Card,Weekly,Senior,High
3624,39,Female,89,Arkansas,M,Violet,Winter,2.7,No,No,4,PayPal,Weekly,Adult,High
1807,58,Male,67,Rhode Island,M,Green,Fall,3.9,No,No,24,Venmo,Annually,Senior,Medium
2838,65,Female,88,Alabama,M,Brown,Summer,4.5,No,No,44,PayPal,Weekly,Senior,High
2549,42,Male,63,Texas,L,Pink,Winter,3.8,No,No,34,Credit Card,Monthly,Adult,Medium
3144,68,Female,22,Arizona,M,Purple,Summer,2.9,No,No,26,Cash,Quarterly,Senior,Low
1831,50,Male,80,Kansas,M,Blue,Winter,4.8,No,No,7,Venmo,Annually,Adult,High
4867,23,Female,1391.62,New York,,Red,Winter,,Yes,No,4,Credit Card,Quarterly,Young Adult,High
4687,44,Other,,Chicago,,Blue,Autumn,,Yes,No,9,Debit Card,Monthly,Adult,High
4599,31,Male,,New York,,Black,Winter,,Yes,No,,Debit Card,Quarterly,Young Adult,High
1805,30,Male,42,Louisiana,L,Peach,Winter,4.4,No,No,39,Credit Card,Weekly,Young Adult,Medium
3149,37,Female,35,West Virginia,L,Purple,Fall,4.3,No,No,15,Venmo,Weekly,Adult,Medium
4801,62,Other,907.87,Houston,S,White,Winter,2,No,No,,Debit Card,Weekly,Senior,High
1787,45,Male,34,Maryland,M,Brown,Spring,4.6,No,No,22,Venmo,Monthly,Adult,Medium
3177,36,Female,37,Arkansas,XL,Turquoise,Spring,4.6,No,No,39,Credit Card,Monthly,Adult,Medium
3799,63,Female,72,Rhode Island,S,Brown,Winter,3.2,No,No,23,Credit Card,Annually,Senior,High
2348,37,Male,64,California,S,Gray,Fall,4.2,No,No,46,Cash,Every 3 Months,Adult,Medium
3856,40,Female,61,Illinois,XL,Lavender,Summer,4.4,No,No,36,Cash,Quarterly,Adult,Medium
4329,31,Other,1380.81,Phoenix,,White,Autumn,,No,Yes,37,Credit Card,Monthly,Young Adult,High
2342,56,Male,31,Connecticut,L,Teal,Summer,4.5,No,No,22,Venmo,Every 3 Months,Senior,Medium
5043,38,Other,,Houston,XL,Black,Winter,,No,No,,Debit Card,Quarterly,Adult,High
2440,55,Male,44,Arkansas,M,Maroon,Summer,2.8,No,No,45,Bank Transfer,Annually,Senior,Medium
1881,34,Male,33,New Jersey,L,Yellow,Fall,3.1,No,No,8,Debit Card,Monthly,Young Adult,Medium
3405,69,Female,34,South Carolina,L,Olive,Fall,3.9,No,No,34,Credit Card,Annually,Senior,Medium
601,22,Male,63,South Carolina,M,Charcoal,Spring,5,Yes,Yes,25,Venmo,Monthly,Young Adult,Medium
4208,36,Female,178.86,Houston,,White,Winter,3,Yes,No,,Credit Card,Monthly,Adult,High
3716,63,Female,34,Nebraska,S,Orange,Fall,3.4,No,No,2,Bank Transfer,Monthly,Senior,Medium
1464,54,Male,49,Oklahoma,M,Beige,Summer,4.9,No,Yes,1,Bank Transfer,Monthly,Senior,Medium
4880,47,Female,990.54,New York,S,White,Autumn,,Yes,Yes,,Debit Card,Monthly,Adult,High
1184,23,Male,39,Louisiana,M,Yellow,Spring,4.5,No,Yes,4,Credit Card,Weekly,Young Adult,Medium
4703,21,Other,784.8,Los Angeles,,White,Winter,,No,Yes,,Debit Card,Quarterly,Young Adult,High
4026,58,Other,,Houston,,White,Spring,,No,No,,Debit Card,Weekly,Senior,High
5068,68,Female,,Los Angeles,,Black,Winter,,Yes,Yes,,Debit Card,Quarterly,Senior,High
2651,20,Male,35,Oregon,L,Maroon,Summer,4.2,No,No,46,Credit Card,Every 3 Months,Teen,Medium
1624,64,Male,58,Indiana,M,Cyan,Summer,3.5,No,Yes,50,Debit Card,Annually,Senior,Medium
1769,25,Male,45,Nebraska,M,Indigo,Summer,3.9,No,No,2,PayPal,Every 3 Months,Young Adult,Medium
816,30,Male,84,West Virginia,L,Teal,Spring,3,Yes,Yes,27,Venmo,Bi-Weekly,Young Adult,High
4895,26,Female,1090.76,New York,L,Black,Spring,4,No,Yes,,PayPal,Weekly,Young Adult,High
279,57,Male,95,Hawaii,M,Orange,Spring,3.7,Yes,Yes,23,Debit Card,Annually,Senior,High
4911,48,Female,1171.81,Houston,S,White,Spring,1,Yes,Yes,12,Cash,Quarterly,Adult,High
3138,34,Female,44,Louisiana,M,Turquoise,Spring,2.7,No,No,14,Bank Transfer,Monthly,Young Adult,Medium
2831,63,Female,90,Oregon,L,Cyan,Spring,2.9,No,No,13,Venmo,Every 3 Months,Senior,High
1701,62,Male,70,West Virginia,L,Black,Fall,4.1,No,No,36,Bank Transfer,Monthly,Senior,High
2883,59,Female,51,Oklahoma,L,Gold,Winter,2.6,No,No,23,Credit Card,Bi-Weekly,Senior,Medium
2024,46,Male,68,Idaho,S,Teal,Winter,4.1,No,No,28,Cash,Bi-Weekly,Adult,Medium
4097,29,Female,,Los Angeles,S,Black,Summer,3,Yes,Yes,18,Debit Card,Monthly,Young Adult,High
1584,37,Male,92,Maryland,XL,Yellow,Summer,4.3,No,Yes,8,Venmo,Annually,Adult,High
4832,19,Female,322.81,Houston,,Green,Winter,1,Yes,No,11,PayPal,Quarterly,Teen,High
566,59,Male,43,Idaho,L,Lavender,Fall,4.2,Yes,Yes,10,Venmo,Weekly,Senior,Medium
4240,39,Male,,Phoenix,M,Green,Winter,,Yes,Yes,20,Credit Card,Weekly,Adult,High
515,64,Male,62,Indiana,S,Olive,Winter,4.3,Yes,Yes,47,PayPal,Quarterly,Senior,Medium
1569,51,Male,76,Washington,L,Yellow,Spring,4.6,No,Yes,8,Debit Card,Monthly,Senior,High
159,25,Male,73,Connecticut,XL,Teal,Fall,4.1,Yes,Yes,50,Bank Transfer,Monthly,Young Adult,High
4632,39,Male,71.87,Chicago,,White,Spring,4,Yes,No,10,Cash,Quarterly,Adult,High
4997,64,Other,349.89,Houston,S,Black,Winter,,No,No,,Debit Card,Quarterly,Senior,High
1827,45,Male,60,Indiana,M,Turquoise,Winter,4.2,No,No,44,Debit Card,Annually,Adult,Medium
2257,31,Male,22,California,M,Turquoise,Fall,5,No,No,33,Credit Card,Quarterly,Young Adult,Low
867,67,Male,69,New Mexico,M,Lavender,Summer,2.7,Yes,Yes,11,PayPal,Bi-Weekly,Senior,Medium
150,38,Male,76,Delaware,M,White,Summer,3.2,Yes,Yes,14,PayPal,Monthly,Adult,High
2309,49,Male,81,North Dakota,M,Teal,Winter,3.4,No,No,22,Bank Transfer,Quarterly,Adult,High
4882,35,Other,1183.94,New York,,Blue,Autumn,,Yes,Yes,13,Credit Card,Quarterly,Young Adult,High
3623,46,Female,41,Wisconsin,M,Purple,Fall,4.3,No,No,12,Credit Card,Annually,Adult,Medium
4004,22,Female,,Houston,XL,Black,Spring,5,Yes,No,,Debit Card,Monthly,Young Adult,High
5023,63,Female,511.14,Phoenix,M,Blue,Autumn,5,No,No,14,Debit Card,Weekly,Senior,High
4767,34,Male,,Los Angeles,M,White,Autumn,5,Yes,Yes,,Credit Card,Monthly,Young Adult,High
967,58,Male,55,Kentucky,M,Brown,Spring,4.9,Yes,Yes,19,Cash,Annually,Senior,Medium
4180,50,Male,,New York,,Green,Winter,,No,No,42,PayPal,Quarterly,Adult,High
713,42,Male,81,New Hampshire,XL,Black,Summer,3.8,Yes,Yes,36,Bank Transfer,Quarterly,Adult,High
1942,55,Male,99,Vermont,XL,Peach,Winter,3.3,No,No,46,Credit Card,Quarterly,Senior,High
455,37,Male,97,New Jersey,S,Gold,Summer,3.2,Yes,Yes,14,Cash,Bi-Weekly,Adult,High
2787,54,Female,51,Colorado,M,Violet,Spring,3.8,No,No,41,Debit Card,Every 3 Months,Senior,Medium
3474,63,Female,40,Kansas,M,Cyan,Spring,2.5,No,No,11,Cash,Weekly,Senior,Medium
4603,38,Other,1068.26,Los Angeles,M,Blue,Summer,,Yes,Yes,23,Cash,Weekly,Adult,High
2911,32,Female,32,Mississippi,M,Blue,Summer,2.9,No,No,41,Credit Card,Monthly,Young Adult,Medium
3580,34,Female,66,Arizona,L,Olive,Fall,4.8,No,No,19,Credit Card,Every 3 Months,Young Adult,Medium
3362,47,Female,26,Florida,M,Silver,Spring,4.1,No,No,47,Credit Card,Bi-Weekly,Adult,Low
4821,54,Other,,New York,,White,Autumn,1,Yes,Yes,,Cash,Quarterly,Senior,High
301,29,Male,98,Iowa,M,Teal,Spring,4.4,Yes,Yes,24,PayPal,Weekly,Young Adult,High
4917,58,Female,120.83,Houston,L,Black,Autumn,3,Yes,No,3,Debit Card,Weekly,Senior,High
4753,48,Other,136.29,New York,,White,Autumn,,Yes,No,,Credit Card,Quarterly,Adult,High
3169,31,Female,24,Montana,M,Orange,Spring,2.9,No,No,14,PayPal,Fortnightly,Young Adult,Low
2807,45,Female,39,South Carolina,L,Purple,Spring,2.7,No,No,50,Credit Card,Annually,Adult,Medium
1674,21,Male,62,Hawaii,M,Violet,Fall,3.4,No,Yes,49,Venmo,Bi-Weekly,Young Adult,Medium
4414,65,Male,,New York,M,Blue,Summer,,No,No,,Cash,Quarterly,Senior,High
130,24,Male,67,Pennsylvania,XL,Olive,Summer,4.2,Yes,Yes,49,PayPal,Bi-Weekly,Young Adult,Medium
2233,65,Male,64,North Carolina,L,Lavender,Spring,4,No,No,14,Cash,Fortnightly,Senior,Medium
709,37,Male,50,Kentucky,L,Beige,Summer,3.4,Yes,Yes,19,Cash,Fortnightly,Adult,Medium
1338,37,Male,86,Tennessee,L,Silver,Spring,3.4,No,Yes,19,Credit Card,Bi-Weekly,Adult,High
141,63,Male,28,North Carolina,L,Yellow,Fall,3.9,Yes,Yes,50,Credit Card,Weekly,Senior,Low
4872,56,Female,,Chicago,,Red,Autumn,3,No,No,46,Credit Card,Monthly,Senior,High
1274,41,Male,29,Mississippi,L,Silver,Spring,4.1,No,Yes,32,Credit Card,Every 3 Months,Adult,Low
526,51,Male,37,Iowa,M,Cyan,Spring,3.2,Yes,Yes,41,Debit Card,Monthly,Senior,Medium
697,44,Male,42,Utah,L,Green,Fall,2.8,Yes,Yes,49,Cash,Monthly,Adult,Medium
3768,59,Female,51,New York,XL,Black,Summer,3.1,No,No,10,Bank Transfer,Fortnightly,Senior,Medium
4782,61,Female,651.6,Chicago,XL,Black,Spring,,No,Yes,50,Cash,Quarterly,Senior,High
4142,22,Other,,Los Angeles,S,Green,Autumn,,Yes,No,,Credit Card,Monthly,Young Adult,High
2285,32,Male,63,Iowa,XL,Black,Fall,4.1,No,No,20,Venmo,Annually,Young Adult,Medium
3126,33,Female,26,Oregon,L,Lavender,Spring,4,No,No,3,Cash,Quarterly,Young Adult,Low
4695,61,Other,,New York,S,Red,Summer,,No,Yes,45,PayPal,Weekly,Senior,High
1269,23,Male,88,Idaho,XL,Charcoal,Winter,2.9,No,Yes,25,Debit Card,Bi-Weekly,Young Adult,High
5073,34,Female,,New York,,Blue,Autumn,,Yes,No,,PayPal,Monthly,Young Adult,High
277,25,Male,30,South Dakota,XL,Turquoise,Fall,3.5,Yes,Yes,11,Bank Transfer,Fortnightly,Young Adult,Medium
529,34,Male,88,Maryland,S,Beige,Winter,3.2,Yes,Yes,40,Cash,Annually,Young Adult,High
72,36,Male,48,Virginia,L,Gold,Summer,2.9,Yes,Yes,34,Bank Transfer,Annually,Adult,Medium
2840,70,Female,80,South Dakota,L,Teal,Summer,2.8,No,No,30,Bank Transfer,Monthly,Senior,High
1317,28,Male,32,Arkansas,S,Lavender,Spring,4.6,No,Yes,14,Debit Card,Bi-Weekly,Young Adult,Medium
4628,46,Female,31.37,Phoenix,M,Black,Autumn,,Yes,No,32,Credit Card,Monthly,Adult,Medium
2521,64,Male,56,Illinois,L,Magenta,Summer,3.1,No,No,16,Cash,Every 3 Months,Senior,Medium
3003,70,Female,29,Louisiana,M,Maroon,Fall,3.6,No,No,19,Bank Transfer,Quarterly,Senior,Low
1723,46,Male,51,Massachusetts,L,Violet,Summer,3.3,No,No,14,Cash,Fortnightly,Adult,Medium
3099,66,Female,64,New Mexico,L,Cyan,Summer,3.3,No,No,50,Bank Transfer,Quarterly,Senior,Medium
65,65,Male,83,Alabama,S,Green,Fall,4.8,Yes,Yes,18,Debit Card,Fortnightly,Senior,High
737,18,Male,58,Colorado,L,Maroon,Spring,2.9,Yes,Yes,32,Credit Card,Every 3 Months,Teen,Medium
3347,30,Female,99,Oklahoma,M,Black,Summer,3.4,No,No,30,Venmo,Quarterly,Young Adult,High
1011,54,Male,24,South Dakota,XL,Gray,Spring,4.7,Yes,Yes,37,Credit Card,Fortnightly,Senior,Low
23,56,Male,37,California,M,Peach,Summer,3.2,Yes,Yes,32,Debit Card,Annually,Senior,Medium
2037,37,Male,63,Minnesota,S,Lavender,Winter,3.1,No,No,46,Cash,Weekly,Adult,Medium
4730,70,Male,,Chicago,,Green,Winter,,Yes,No,,Cash,Quarterly,Senior,High
1738,42,Male,98,Ohio,L,Gray,Summer,4.2,No,No,50,Venmo,Bi-Weekly,Adult,High
1355,64,Male,42,Maryland,M,Gray,Spring,3.6,No,Yes,21,Bank Transfer,Quarterly,Senior,Medium
4106,40,Other,,Phoenix,M,Green,Autumn,2,No,Yes,16,PayPal,Weekly,Adult,High
4014,21,Female,1336.18,Phoenix,L,Blue,Spring,,Yes,Yes,,Credit Card,Monthly,Young Adult,High
1531,59,Male,21,New Mexico,M,Teal,Spring,3.9,No,Yes,22,Bank Transfer,Quarterly,Senior,Low
3506,48,Female,42,Indiana,L,Red,Winter,3.7,No,No,40,Bank Transfer,Every 3 Months,Adult,Medium
3393,53,Female,74,New Jersey,XL,Blue,Winter,4.4,No,No,6,Venmo,Bi-Weekly,Senior,High
1792,62,Male,98,Montana,S,Purple,Winter,4,No,No,38,Cash,Annually,Senior,High
992,20,Male,97,Wisconsin,XL,White,Spring,2.7,Yes,Yes,40,Bank Transfer,Bi-Weekly,Teen,High
823,35,Male,59,Mississippi,L,Magenta,Winter,3.4,Yes,Yes,23,Bank Transfer,Annually,Young Adult,Medium
217,43,Male,61,Massachusetts,L,Yellow,Spring,3.7,Yes,Yes,21,Venmo,Weekly,Adult,Medium
2574,54,Male,90,New Mexico,M,Red,Summer,4.4,No,No,1,Bank Transfer,Annually,Senior,High
135,43,Male,94,Texas,L,Gray,Fall,4.9,Yes,Yes,25,Cash,Monthly,Adult,High
614,61,Male,51,Pennsylvania,L,Lavender,Fall,2.6,Yes,Yes,46,Cash,Bi-Weekly,Senior,Medium
1585,41,Male,95,Hawaii,S,Silver,Spring,3.1,No,Yes,46,Credit Card,Quarterly,Adult,High
4618,19,Female,,New York,L,Green,Summer,,Yes,Yes,30,PayPal,Quarterly,Teen,High
4964,43,Other,,Phoenix,XL,Blue,Winter,,No,Yes,,Debit Card,Weekly,Adult,High
4368,37,Other,,Phoenix,M,Red,Spring,,Yes,Yes,,PayPal,Weekly,Adult,High
1410,34,Male,50,Idaho,M,Blue,Spring,4.2,No,Yes,41,Cash,Fortnightly,Young Adult,Medium
3092,68,Female,81,Nevada,L,Orange,Winter,3.4,No,No,46,Credit Card,Annually,Senior,High
4806,70,Male,830.82,Houston,M,Green,Summer,5,Yes,Yes,43,Cash,Weekly,Senior,High
4850,18,Female,1078.85,New York,XL,Green,Summer,2,Yes,No,,Credit Card,Weekly,Teen,High
1381,51,Male,35,Massachusetts,S,Beige,Winter,4.6,No,Yes,41,Cash,Fortnightly,Senior,Medium
1409,58,Male,58,Maine,M,Yellow,Winter,4.1,No,Yes,38,Venmo,Weekly,Senior,Medium
3434,62,Female,93,Alaska,M,Yellow,Spring,4.5,No,No,28,PayPal,Annually,Senior,High
3002,29,Female,29,Montana,L,Charcoal,Summer,4.7,No,No,28,Credit Card,Quarterly,Young Adult,Low
4415,20,Female,347.82,Phoenix,,Black,Winter,,Yes,Yes,39,Debit Card,Monthly,Teen,High
2875,36,Female,29,Colorado,L,Silver,Summer,3.1,No,No,2,Debit Card,Annually,Adult,Low
50,68,Male,30,New Jersey,S,Indigo,Spring,4.6,Yes,Yes,34,Debit Card,Bi-Weekly,Senior,Medium
3046,42,Female,37,Florida,L,Black,Winter,4.6,No,No,4,PayPal,Bi-Weekly,Adult,Medium
4501,69,Other,,New York,M,Black,Autumn,4,Yes,No,25,Cash,Quarterly,Senior,High
813,64,Male,56,Alaska,M,Olive,Summer,3.2,Yes,Yes,32,Credit Card,Weekly,Senior,Medium
4186,54,Other,,New York,,Black,Autumn,5,No,Yes,23,PayPal,Monthly,Senior,High
3773,44,Female,26,New Hampshire,L,Yellow,Fall,3.1,No,No,35,Cash,Annually,Adult,Low
2756,59,Female,97,Nevada,M,Indigo,Winter,3.3,No,No,18,Credit Card,Annually,Senior,High
744,21,Male,84,North Carolina,L,Gray,Fall,4.9,Yes,Yes,36,Cash,Weekly,Young Adult,High
2103,23,Male,25,Idaho,M,Brown,Spring,4.5,No,No,23,Cash,Monthly,Young Adult,Low
245,53,Male,42,Oregon,S,Indigo,Spring,4.9,Yes,Yes,39,PayPal,Weekly,Senior,Medium
1092,44,Male,80,North Carolina,L,Lavender,Spring,4.7,No,Yes,6,Credit Card,Fortnightly,Adult,High
1925,30,Male,63,Michigan,M,Gray,Fall,4.8,No,No,42,PayPal,Quarterly,Young Adult,Medium
4013,60,Female,,Phoenix,L,Black,Autumn,2,No,No,12,Cash,Quarterly,Senior,High
3298,67,Female,82,West Virginia,M,Violet,Fall,4.1,No,No,47,PayPal,Monthly,Senior,High
3422,57,Female,30,New Jersey,M,Maroon,Summer,2.9,No,No,27,PayPal,Weekly,Senior,Medium
1868,45,Male,52,Delaware,M,Brown,Fall,3.4,No,No,20,Venmo,Quarterly,Adult,Medium
54,29,Male,24,Mississippi,S,Peach,Winter,3.9,Yes,Yes,35,Credit Card,Weekly,Young Adult,Low
2090,37,Male,57,Maryland,L,Gold,Spring,3.6,No,No,41,Credit Card,Every 3 Months,Adult,Medium
1257,45,Male,48,West Virginia,S,Olive,Winter,3.6,No,Yes,4,Cash,Fortnightly,Adult,Medium
952,47,Male,51,Alaska,M,Cyan,Summer,2.9,Yes,Yes,34,Bank Transfer,Monthly,Adult,Medium
3537,55,Female,21,Minnesota,L,Peach,Spring,4.5,No,No,10,Venmo,Monthly,Senior,Low
4464,52,Female,,Chicago,,Blue,Summer,,No,Yes,1,Debit Card,Weekly,Senior,High
3484,19,Female,37,Texas,L,White,Winter,3.9,No,No,21,Credit Card,Every 3 Months,Teen,Medium
3038,51,Female,44,Iowa,L,Charcoal,Summer,4.8,No,No,2,Cash,Annually,Senior,Medium
903,43,Male,44,Kentucky,M,Beige,Summer,2.8,Yes,Yes,5,Cash,Monthly,Adult,Medium
4940,27,Other,1439.75,Phoenix,L,Red,Autumn,4,Yes,Yes,38,PayPal,Weekly,Young Adult,High
4835,49,Female,813.93,Houston,S,White,Autumn,5,No,No,49,Credit Card,Monthly,Adult,High
3562,63,Female,29,North Carolina,L,Black,Spring,3.4,No,No,39,Credit Card,Fortnightly,Senior,Low
4148,65,Female,371.47,Chicago,XL,Red,Spring,4,Yes,No,23,Credit Card,Monthly,Senior,High
344,27,Male,39,Nebraska,M,Purple,Summer,4.4,Yes,Yes,26,Venmo,Monthly,Young Adult,Medium
4044,40,Other,,Phoenix,XL,White,Summer,,No,Yes,,Cash,Quarterly,Adult,High
302,46,Male,95,Pennsylvania,M,Green,Spring,3.8,Yes,Yes,25,Credit Card,Every 3 Months,Adult,High
767,57,Male,48,Nevada,M,Cyan,Winter,3.6,Yes,Yes,13,PayPal,Monthly,Senior,Medium
886,41,Male,99,Ohio,L,Purple,Fall,4.4,Yes,Yes,49,Debit Card,Every 3 Months,Adult,High
1134,36,Male,36,Connecticut,XL,Magenta,Winter,4.1,No,Yes,29,Cash,Weekly,Adult,Medium
3464,27,Female,27,Maine,M,Yellow,Fall,2.8,No,No,45,PayPal,Fortnightly,Young Adult,Low
507,28,Male,40,Georgia,M,Olive,Fall,2.7,Yes,Yes,48,Debit Card,Annually,Young Adult,Medium
1256,30,Male,68,Indiana,M,Peach,Fall,4.1,No,Yes,38,Cash,Fortnightly,Young Adult,Medium
4094,36,Female,630.4,Houston,,White,Spring,5,No,No,34,PayPal,Weekly,Adult,High
3185,61,Female,53,Hawaii,L,Green,Spring,4.2,No,No,30,Venmo,Quarterly,Senior,Medium
2890,64,Female,43,Minnesota,M,Charcoal,Fall,3.3,No,No,21,Venmo,Annually,Senior,Medium
4353,60,Male,,Los Angeles,L,Black,Autumn,,Yes,Yes,,PayPal,Quarterly,Senior,High
4344,31,Female,23.3,Los Angeles,,Red,Spring,,Yes,No,39,PayPal,Quarterly,Young Adult,Low
1867,31,Male,44,Alaska,XL,Gold,Winter,4.2,No,No,9,Credit Card,Fortnightly,Young Adult,Medium
3826,49,Female,35,Hawaii,L,Green,Fall,4.1,No,No,47,Debit Card,Fortnightly,Adult,Medium
4272,67,Female,,Chicago,XL,Green,Autumn,2,No,Yes,,Credit Card,Quarterly,Senior,High
872,47,Male,42,Hawaii,M,Charcoal,Spring,2.6,Yes,Yes,45,Debit Card,Quarterly,Adult,Medium
3353,55,Female,96,Washington,M,Teal,Summer,2.9,No,No,7,Bank Transfer,Bi-Weekly,Senior,High
3263,42,Female,35,Indiana,M,Violet,Spring,2.7,No,No,21,Cash,Every 3 Months,Adult,Medium
1140,58,Male,53,Alabama,L,Purple,Spring,3.9,No,Yes,42,Debit Card,Bi-Weekly,Senior,Medium
4441,65,Female,707.83,Los Angeles,S,Red,Summer,3,No,Yes,30,Debit Card,Weekly,Senior,High
3636,52,Female,32,Colorado,L,Cyan,Fall,3.3,No,No,17,Credit Card,Fortnightly,Senior,Medium
359,48,Male,25,Minnesota,XL,Magenta,Summer,3.6,Yes,Yes,36,Credit Card,Every 3 Months,Adult,Low
4889,60,Male,,Phoenix,M,Blue,Summer,,No,No,3,Debit Card,Monthly,Senior,High
1735,31,Male,98,Missouri,L,Brown,Spring,3.1,No,No,16,PayPal,Quarterly,Young Adult,High
2393,40,Male,62,Missouri,L,Silver,Spring,2.6,No,No,36,Cash,Annually,Adult,Medium
83,19,Male,28,Georgia,S,Olive,Spring,4,Yes,Yes,21,Credit Card,Every 3 Months,Teen,Low
928,28,Male,78,New Mexico,L,Black,Summer,4.4,Yes,Yes,8,Venmo,Bi-Weekly,Young Adult,High
1576,52,Male,28,California,M,Turquoise,Spring,3.6,No,Yes,28,Cash,Fortnightly,Senior,Low
4777,41,Male,,Chicago,,White,Winter,,Yes,Yes,,Credit Card,Monthly,Adult,High
4789,20,Female,,Chicago,XL,White,Winter,2,No,Yes,,PayPal,Weekly,Teen,High
1666,40,Male,41,New Mexico,L,Pink,Fall,3.4,No,Yes,49,Venmo,Monthly,Adult,Medium
443,29,Male,69,Michigan,M,Olive,Fall,,Yes,Yes,31,Credit Card,Quarterly,Young Adult,Medium
1578,68,Male,34,Delaware,S,Olive,Spring,4,No,Yes,7,Venmo,Fortnightly,Senior,Medium
4825,66,Other,526.52,Houston,L,Black,Summer,,No,No,,Debit Card,Weekly,Senior,High
211,45,Male,22,Vermont,L,Teal,Fall,3,Yes,Yes,6,PayPal,Fortnightly,Adult,Low
3579,46,Female,22,Georgia,L,Olive,Winter,2.6,No,No,22,Bank Transfer,Quarterly,Adult,Low
4303,23,Male,443.37,Chicago,L,Red,Spring,3,No,No,28,PayPal,Quarterly,Young Adult,High
280,23,Male,69,Arkansas,L,Turquoise,Summer,4,Yes,Yes,37,Bank Transfer,Monthly,Young Adult,Medium
4921,26,Male,1072.05,Los Angeles,M,White,Winter,,Yes,No,,PayPal,Monthly,Young Adult,High
2320,56,Male,38,Maine,XL,Turquoise,Winter,5,No,No,29,PayPal,Monthly,Senior,Medium
4912,60,Male,948.69,Phoenix,S,Black,Autumn,,Yes,No,23,Debit Card,Weekly,Senior,High
476,21,Male,66,Ohio,L,Magenta,Summer,2.7,Yes,Yes,18,Debit Card,Annually,Young Adult,Medium
348,36,Male,41,Oregon,L,Red,Fall,3.9,Yes,Yes,43,PayPal,Fortnightly,Adult,Medium
2189,41,Male,54,California,M,Brown,Winter,4.7,No,No,9,Credit Card,Weekly,Adult,Medium
4968,27,Male,897.39,New York,,Black,Summer,1,No,No,,PayPal,Monthly,Young Adult,High
4246,57,Male,,Houston,,Blue,Winter,5,No,Yes,,Debit Card,Quarterly,Senior,High
4314,42,Female,866.03,Los Angeles,,Black,Autumn,3,Yes,No,,Debit Card,Weekly,Adult,High
2060,56,Male,50,California,XL,Beige,Spring,3.7,No,No,50,PayPal,Weekly,Senior,Medium
3255,21,Female,31,Indiana,S,Magenta,Winter,4.9,No,No,11,Bank Transfer,Every 3 Months,Young Adult,Medium
416,67,Male,31,Connecticut,M,Lavender,Winter,2.6,Yes,Yes,40,Bank Transfer,Monthly,Senior,Medium
3459,68,Female,37,West Virginia,L,Violet,Spring,3.4,No,No,24,Venmo,Quarterly,Senior,Medium
3197,24,Female,59,Wisconsin,L,Maroon,Winter,2.8,No,No,21,Debit Card,Fortnightly,Young Adult,Medium
3721,21,Female,56,South Carolina,M,Peach,Fall,3.6,No,No,13,Credit Card,Quarterly,Young Adult,Medium
1400,19,Male,81,Nebraska,M,Olive,Winter,3.1,No,Yes,48,Venmo,Annually,Teen,High
558,18,Male,60,Alaska,M,White,Spring,2.9,Yes,Yes,31,Debit Card,Weekly,Teen,Medium
2965,44,Female,25,Ohio,S,White,Fall,3.8,No,No,13,Venmo,Fortnightly,Adult,Low
2173,28,Male,89,Rhode Island,S,Lavender,Fall,2.8,No,No,6,PayPal,Fortnightly,Young Adult,High
4608,67,Female,,New York,L,Red,Autumn,,Yes,Yes,32,Debit Card,Monthly,Senior,High
4252,67,Female,1009.61,Los Angeles,S,Green,Winter,3,Yes,No,1,PayPal,Quarterly,Senior,High
1133,50,Male,98,North Carolina,S,Teal,Spring,4.3,No,Yes,25,Cash,Fortnightly,Adult,High
4761,63,Female,,New York,S,Black,Spring,1,No,No,,Cash,Quarterly,Senior,High
3342,55,Female,50,Connecticut,XL,Olive,Summer,4.5,No,No,35,Credit Card,Monthly,Senior,Medium
4698,42,Other,643,New York,,White,Autumn,2,Yes,Yes,,PayPal,Weekly,Adult,High
2575,27,Male,63,Florida,M,Brown,Summer,4.6,No,No,26,Credit Card,Fortnightly,Young Adult,Medium
4813,66,Other,,New York,,White,Autumn,,No,Yes,47,Debit Card,Quarterly,Senior,High
2179,21,Male,98,Florida,M,Gold,Summer,4.7,No,No,32,Venmo,Annually,Young Adult,High
4602,34,Other,,Los Angeles,L,White,Autumn,,Yes,No,35,Debit Card,Weekly,Young Adult,High
1103,52,Male,83,Texas,M,Peach,Fall,2.9,No,Yes,24,Cash,Fortnightly,Senior,High
2280,53,Male,67,West Virginia,L,Indigo,Spring,2.9,No,No,35,Bank Transfer,Quarterly,Senior,Medium
3893,35,Female,86,Michigan,L,Indigo,Summer,3.5,No,No,5,PayPal,Fortnightly,Young Adult,High
172,29,Male,35,Virginia,M,Blue,Summer,3.6,Yes,Yes,4,Credit Card,Weekly,Young Adult,Medium
957,29,Male,99,Mississippi,XL,Cyan,Spring,2.9,Yes,Yes,42,Debit Card,Quarterly,Young Adult,High
175,41,Male,35,Vermont,L,Brown,Winter,3.5,Yes,Yes,37,Venmo,Annually,Adult,Medium
4173,53,Other,257.44,Chicago,L,Green,Summer,5,No,No,,Cash,Quarterly,Senior,High
2706,65,Female,81,Washington,S,Turquoise,Spring,5,No,No,1,Credit Card,Bi-Weekly,Senior,High
4334,29,Female,837.03,Houston,M,Black,Winter,,No,Yes,,Debit Card,Weekly,Young Adult,High
2494,21,Male,23,Maine,S,Beige,Fall,4.8,No,No,6,Venmo,Every 3 Months,Young Adult,Low
499,43,Male,78,Iowa,M,Lavender,Spring,3.6,Yes,Yes,27,Bank Transfer,Monthly,Adult,High
2683,59,Female,65,North Carolina,L,Maroon,Winter,3.9,No,No,5,Venmo,Every 3 Months,Senior,Medium
1917,26,Male,50,Connecticut,S,Beige,Winter,3,No,No,3,Debit Card,Bi-Weekly,Young Adult,Medium
4114,58,Other,1264.53,Los Angeles,S,Red,Winter,,Yes,Yes,,Cash,Quarterly,Senior,High
1441,27,Male,76,Arizona,M,Pink,Spring,4.4,No,Yes,13,Venmo,Monthly,Young Adult,High
4600,60,Other,1460.51,Chicago,,White,Summer,2,No,Yes,20,Cash,Quarterly,Senior,High
3364,58,Female,23,California,M,Turquoise,Winter,3,No,No,46,Bank Transfer,Bi-Weekly,Senior,Low
3133,33,Female,97,Michigan,M,Yellow,Summer,4.2,No,No,26,Cash,Quarterly,Young Adult,High
4864,25,Female,,Houston,,Red,Autumn,,Yes,Yes,37,Debit Card,Quarterly,Young Adult,High
2962,33,Female,43,New Hampshire,S,Gold,Fall,2.8,No,No,21,Debit Card,Bi-Weekly,Young Adult,Medium
2185,38,Male,34,Nevada,S,Gold,Spring,3.2,No,No,16,PayPal,Every 3 Months,Adult,Medium
4525,60,Female,967.77,Phoenix,M,White,Autumn,,Yes,No,3,Debit Card,Quarterly,Senior,High
3775,57,Female,83,Alaska,S,Cyan,Winter,3.9,No,No,48,PayPal,Fortnightly,Senior,High
758,41,Male,32,Minnesota,M,Red,Fall,3.8,Yes,Yes,18,Debit Card,Quarterly,Adult,Medium
800,55,Male,55,Nevada,L,Brown,Summer,,Yes,Yes,31,PayPal,Annually,Senior,Medium
725,37,Male,79,New Hampshire,XL,Green,Fall,4.7,Yes,Yes,36,Venmo,Every 3 Months,Adult,High
4471,35,Other,,Los Angeles,,Blue,Autumn,3,No,Yes,,Cash,Quarterly,Young Adult,High
2551,53,Male,52,New Hampshire,XL,Peach,Fall,3,No,No,30,Debit Card,Fortnightly,Senior,Medium
1635,28,Male,23,South Carolina,S,Orange,Summer,3.6,No,Yes,30,Cash,Every 3 Months,Young Adult,Low
1886,26,Male,53,Nevada,S,Maroon,Winter,4.4,No,No,35,Cash,Monthly,Young Adult,Medium
3872,55,Female,97,Minnesota,M,Black,Fall,4.1,No,No,20,Bank Transfer,Every 3 Months,Senior,High
2517,46,Male,73,Utah,XL,Brown,Spring,4.6,No,No,36,Debit Card,Quarterly,Adult,High
3176,35,Female,42,Connecticut,M,Maroon,Fall,3.4,No,No,26,Debit Card,Every 3 Months,Young Adult,Medium
4852,33,Female,464.15,Los Angeles,L,Blue,Autumn,2,No,Yes,34,Credit Card,Monthly,Young Adult,High
4833,46,Female,,Chicago,,Black,Spring,,Yes,No,31,Debit Card,Weekly,Adult,High
3498,35,Female,48,Colorado,M,Red,Spring,4.3,No,No,16,Venmo,Every 3 Months,Young Adult,Medium
2335,49,Male,79,Kansas,L,Green,Summer,4.2,No,No,7,Credit Card,Monthly,Adult,High
559,50,Male,77,Iowa,L,Teal,Fall,3.2,Yes,Yes,43,Debit Card,Every 3 Months,Adult,High
3006,18,Female,65,Alaska,XL,Brown,Spring,3.5,No,No,5,Venmo,Weekly,Teen,Medium
3207,36,Female,52,California,M,Brown,Winter,3,No,No,49,PayPal,Monthly,Adult,Medium
4083,31,Other,,New York,S,Blue,Winter,,Yes,No,23,PayPal,Quarterly,Young Adult,High
3159,30,Female,77,Mississippi,M,Gray,Winter,4.9,No,No,44,Credit Card,Monthly,Young Adult,High
446,42,Male,29,Iowa,M,Olive,Fall,4.9,Yes,Yes,18,Venmo,Annually,Adult,Low
2213,59,Male,77,Nebraska,M,Brown,Winter,3.3,No,No,22,Bank Transfer,Quarterly,Senior,High
4939,65,Other,585.59,Chicago,L,White,Spring,3,No,Yes,5,Debit Card,Monthly,Senior,High
1214,68,Male,52,Kentucky,XL,Black,Spring,3.7,No,Yes,14,Debit Card,Every 3 Months,Senior,Medium
1740,21,Male,98,Minnesota,L,Silver,Winter,4.2,No,No,23,Cash,Weekly,Young Adult,High
1322,59,Male,84,Missouri,L,Orange,Winter,3.7,No,Yes,45,Bank Transfer,Every 3 Months,Senior,High
1394,46,Male,58,Idaho,L,Yellow,Spring,3.9,No,Yes,14,PayPal,Fortnightly,Adult,Medium
1499,59,Male,32,Illinois,M,Teal,Summer,3.1,No,Yes,46,Venmo,Fortnightly,Senior,Medium
4522,51,Male,750.93,Houston,,Red,Autumn,,No,No,35,Debit Card,Monthly,Senior,High
4862,37,Other,,New York,M,Black,Summer,3,Yes,Yes,,Credit Card,Monthly,Adult,High
2267,20,Male,44,Missouri,M,Yellow,Fall,4.3,No,No,32,Debit Card,Weekly,Teen,Medium
3862,64,Female,57,Wyoming,M,Yellow,Spring,4.9,No,No,49,Credit Card,Monthly,Senior,Medium
1389,62,Male,23,Arkansas,M,Lavender,Spring,3.9,No,Yes,40,Cash,Quarterly,Senior,Low
3763,65,Female,94,New York,L,Green,Fall,2.9,No,No,13,PayPal,Annually,Senior,High
3802,26,Female,84,Kentucky,M,Peach,Spring,5,No,No,36,PayPal,Fortnightly,Young Adult,High
1450,18,Male,41,New York,L,Lavender,Winter,2.5,No,Yes,20,Cash,Every 3 Months,Teen,Medium
571,65,Male,99,Iowa,XL,Purple,Fall,4.1,Yes,Yes,20,Cash,Annually,Senior,High
1406,33,Male,100,New Hampshire,M,Peach,Winter,2.7,No,Yes,39,Credit Card,Monthly,Young Adult,High
381,39,Male,69,New Hampshire,XL,Beige,Fall,3,Yes,Yes,19,Bank Transfer,Weekly,Adult,Medium
1766,68,Male,88,New Mexico,M,Orange,Spring,4.1,No,No,41,Venmo,Quarterly,Senior,High
4037,23,Female,109.58,Houston,,Black,Summer,,Yes,No,,PayPal,Weekly,Young Adult,High
4039,35,Female,,Los Angeles,,Green,Spring,3,Yes,Yes,24,Cash,Monthly,Young Adult,High
2816,33,Female,67,Idaho,L,Black,Fall,3.9,No,No,40,Venmo,Every 3 Months,Young Adult,Medium
2937,31,Female,34,Washington,M,White,Spring,3.6,No,No,46,PayPal,Weekly,Young Adult,Medium
3110,60,Female,92,Illinois,M,Gray,Winter,4.3,No,No,47,Bank Transfer,Fortnightly,Senior,High
4068,42,Male,357.92,Phoenix,,Green,Winter,,No,Yes,0,Cash,Monthly,Adult,High
3240,33,Female,32,Colorado,M,Charcoal,Fall,2.7,No,No,30,Cash,Monthly,Young Adult,Medium
1854,29,Male,67,North Dakota,XL,Olive,Spring,2.9,No,No,11,PayPal,Fortnightly,Young Adult,Medium
516,28,Male,67,Kentucky,L,Charcoal,Spring,4.5,Yes,Yes,7,Cash,Monthly,Young Adult,Medium
282,38,Male,61,Oklahoma,XL,Charcoal,Spring,2.5,Yes,Yes,22,Debit Card,Bi-Weekly,Adult,Medium
1667,51,Male,64,Arkansas,M,Blue,Summer,3.1,No,Yes,47,PayPal,Annually,Senior,Medium
2749,24,Female,98,Virginia,L,Turquoise,Spring,3,No,No,16,Venmo,Annually,Young Adult,High
2446,63,Male,96,Tennessee,M,Brown,Summer,4.1,No,No,50,Cash,Weekly,Senior,High
2129,62,Male,47,New Mexico,L,Cyan,Fall,2.7,No,No,21,PayPal,Weekly,Senior,Medium
1424,51,Male,60,Michigan,S,Black,Fall,3.5,No,Yes,12,Venmo,Every 3 Months,Senior,Medium
4147,56,Other,752.44,Phoenix,,Black,Summer,1,No,Yes,14,Cash,Quarterly,Senior,High
3828,62,Female,73,Montana,M,Red,Summer,4.1,No,No,47,Cash,Fortnightly,Senior,High
3840,66,Female,29,Connecticut,M,Peach,Spring,3.9,No,No,14,Venmo,Quarterly,Senior,Low
3122,63,Female,38,Louisiana,L,Black,Fall,2.6,No,No,16,Venmo,Weekly,Senior,Medium
2127,63,Male,38,Alabama,XL,Magenta,Winter,4.1,No,No,28,Credit Card,Monthly,Senior,Medium
3367,38,Female,65,North Carolina,M,Red,Spring,3.6,No,No,47,Debit Card,Quarterly,Adult,Medium
3312,29,Female,52,Florida,L,Blue,Summer,4,No,No,18,Bank Transfer,Annually,Young Adult,Medium
137,39,Male,86,South Carolina,M,White,Winter,3.3,Yes,Yes,4,Debit Card,Quarterly,Adult,High
3628,39,Female,54,Delaware,M,Silver,Winter,3.3,No,No,48,Cash,Every 3 Months,Adult,Medium
4378,22,Other,,Chicago,L,Green,Spring,,No,Yes,7,Cash,Monthly,Young Adult,High
4059,27,Male,,Chicago,,White,Autumn,,Yes,Yes,36,PayPal,Quarterly,Young Adult,High
2488,57,Male,21,Montana,L,Violet,Spring,3,No,No,16,PayPal,Bi-Weekly,Senior,Low
201,25,Male,61,Pennsylvania,S,Teal,Summer,3.3,Yes,Yes,29,Venmo,Monthly,Young Adult,Medium
3804,48,Female,55,Connecticut,M,Violet,Spring,3.6,No,No,14,Debit Card,Weekly,Adult,Medium
4491,38,Other,,Houston,S,Red,Autumn,2,Yes,Yes,11,PayPal,Weekly,Adult,High
427,43,Male,71,Louisiana,M,Violet,Winter,4.7,Yes,Yes,19,Credit Card,Quarterly,Adult,High
3672,62,Female,66,Illinois,L,Pink,Summer,4.8,No,No,20,Venmo,Quarterly,Senior,Medium
3529,38,Female,67,Maine,L,Gray,Summer,4.5,No,No,33,PayPal,Annually,Adult,Medium
3198,27,Female,71,Maine,M,Teal,Spring,3.2,No,No,29,Credit Card,Every 3 Months,Young Adult,High
4651,47,Male,,New York,XL,Blue,Winter,3,No,Yes,,Cash,Quarterly,Adult,High
4121,38,Other,917.62,Houston,L,White,Summer,4,Yes,Yes,,Cash,Monthly,Adult,High
2137,47,Male,93,New York,M,Red,Summer,2.8,No,No,25,Bank Transfer,Fortnightly,Adult,High
4765,67,Male,,Houston,XL,Blue,Autumn,1,No,No,50,Cash,Monthly,Senior,High
3228,28,Female,69,Alaska,XL,White,Fall,2.7,No,No,42,Debit Card,Quarterly,Young Adult,Medium
2936,58,Female,27,North Carolina,XL,Gray,Spring,4.6,No,No,11,Venmo,Weekly,Senior,Low
2255,24,Male,79,North Dakota,M,Gold,Winter,4.2,No,No,44,PayPal,Every 3 Months,Young Adult,High
1297,48,Male,29,South Dakota,S,Teal,Spring,2.8,No,Yes,16,Cash,Bi-Weekly,Adult,Low
4866,23,Other,,Houston,S,Black,Winter,3,No,Yes,,Cash,Quarterly,Young Adult,High
479,35,Male,43,Kansas,XL,Turquoise,Winter,3.2,Yes,Yes,48,Venmo,Annually,Young Adult,Medium
76,64,Male,85,Utah,M,Blue,Summer,2.7,Yes,Yes,21,Credit Card,Annually,Senior,High
117,55,Male,86,Virginia,S,Blue,Spring,3.4,Yes,Yes,12,Venmo,Annually,Senior,High
1566,58,Male,93,Idaho,L,Peach,Fall,4.2,No,Yes,48,PayPal,Annually,Senior,High
706,25,Male,90,Arkansas,XL,Indigo,Summer,4.5,Yes,Yes,49,Cash,Quarterly,Young Adult,High
2014,39,Male,70,Virginia,M,Peach,Winter,4.9,No,No,25,Debit Card,Quarterly,Adult,High
3487,51,Female,89,North Carolina,L,Charcoal,Winter,4.9,No,No,6,PayPal,Weekly,Senior,High
1753,34,Male,29,South Dakota,L,Blue,Winter,3.3,No,No,14,Venmo,Quarterly,Young Adult,Low
3660,27,Female,77,Illinois,S,Gray,Fall,4.9,No,No,46,Bank Transfer,Annually,Young Adult,High
2591,57,Male,66,California,M,Turquoise,Summer,5,No,No,35,Venmo,Annually,Senior,Medium
5045,60,Male,476.36,Houston,M,Black,Spring,4,No,No,2,Cash,Monthly,Senior,High
1435,59,Male,64,New York,L,Maroon,Summer,4.6,No,Yes,21,Debit Card,Bi-Weekly,Senior,Medium
4158,24,Female,,Chicago,L,Red,Autumn,,No,Yes,,Debit Card,Monthly,Young Adult,High
2563,57,Male,62,Arizona,XL,Yellow,Spring,4.7,No,No,27,Cash,Fortnightly,Senior,Medium
2307,27,Male,78,Florida,L,Silver,Winter,3.4,No,No,8,Cash,Bi-Weekly,Young Adult,High
1707,37,Male,87,North Dakota,M,Brown,Spring,3,No,No,25,Venmo,Fortnightly,Adult,High
2688,61,Female,75,Delaware,M,White,Fall,3.6,No,No,12,Debit Card,Bi-Weekly,Senior,High
1428,31,Male,90,South Dakota,S,Orange,Summer,4.9,No,Yes,8,Credit Card,Annually,Young Adult,High
2503,46,Male,47,Idaho,L,Pink,Spring,4.1,No,No,17,PayPal,Every 3 Months,Adult,Medium
1821,19,Male,94,Washington,XL,Gold,Fall,5,No,No,31,PayPal,Monthly,Teen,High
724,35,Male,53,Missouri,L,Cyan,Fall,3.5,Yes,Yes,43,PayPal,Monthly,Young Adult,Medium
1111,28,Male,61,Texas,L,Cyan,Fall,3,No,Yes,31,Cash,Bi-Weekly,Young Adult,Medium
1286,64,Male,99,North Carolina,M,Charcoal,Fall,3.5,No,Yes,45,Bank Transfer,Fortnightly,Senior,High
3722,62,Female,60,Connecticut,L,Pink,Fall,4,No,No,10,Cash,Annually,Senior,Medium
2111,52,Male,93,Montana,L,Cyan,Spring,3.9,No,No,36,Debit Card,Every 3 Months,Senior,High
4958,28,Female,,New York,L,Red,Winter,2,No,Yes,,PayPal,Monthly,Young Adult,High
4345,43,Male,95.29,New York,M,Blue,Summer,,Yes,Yes,50,Credit Card,Monthly,Adult,High
3059,41,Female,74,West Virginia,S,Orange,Winter,3.8,No,No,3,Bank Transfer,Fortnightly,Adult,High
1672,31,Male,22,Utah,M,Olive,Winter,4,No,Yes,25,Bank Transfer,Weekly,Young Adult,Low
2247,49,Male,96,Hawaii,M,Cyan,Fall,4.3,No,No,39,PayPal,Every 3 Months,Adult,High
1382,30,Male,86,Illinois,L,Green,Winter,2.9,No,Yes,48,Venmo,Quarterly,Young Adult,High
3604,45,Female,51,Louisiana,M,Gold,Spring,2.7,No,No,5,Cash,Weekly,Adult,Medium
3188,67,Female,72,Texas,L,Indigo,Winter,3.2,No,No,28,Debit Card,Weekly,Senior,High
1640,41,Male,65,Missouri,L,Blue,Summer,3.3,No,Yes,50,PayPal,Annually,Adult,Medium
1255,54,Male,56,California,XL,Black,Spring,3.3,No,Yes,2,Credit Card,Bi-Weekly,Senior,Medium
2550,41,Male,60,Virginia,M,Red,Fall,2.7,No,No,11,Debit Card,Every 3 Months,Adult,Medium
3571,23,Female,97,Louisiana,XL,Teal,Winter,4.7,No,No,32,Debit Card,Annually,Young Adult,High
500,36,Male,99,Rhode Island,L,Silver,Winter,4.8,Yes,Yes,24,PayPal,Monthly,Adult,High
561,25,Male,48,Louisiana,L,Red,Fall,,Yes,Yes,12,Debit Card,Annually,Young Adult,Medium
4770,65,Male,1273.35,Chicago,L,White,Spring,,No,Yes,,Debit Card,Monthly,Senior,High
3039,56,Female,39,Georgia,M,Brown,Summer,4.2,No,No,36,Debit Card,Annually,Senior,Medium
4615,29,Female,,Los Angeles,,Black,Spring,4,No,No,,Debit Card,Weekly,Young Adult,High
4212,45,Other,,Chicago,L,Black,Winter,,Yes,No,30,PayPal,Weekly,Adult,High
430,42,Male,94,Washington,M,Gold,Winter,4.1,Yes,Yes,21,Cash,Fortnightly,Adult,High
899,54,Male,70,Nevada,L,Red,Spring,3.5,Yes,Yes,19,Bank Transfer,Every 3 Months,Senior,High
4327,68,Other,,Phoenix,L,Green,Autumn,5,No,Yes,,PayPal,Quarterly,Senior,High
1308,23,Male,32,Missouri,L,Black,Summer,3.1,No,Yes,43,PayPal,Annually,Young Adult,Medium
2624,49,Male,76,Massachusetts,M,Gold,Fall,4.8,No,No,38,Cash,Annually,Adult,High
256,43,Male,20,Maryland,M,Charcoal,Spring,4.2,Yes,Yes,25,Debit Card,Annually,Adult,Low
4172,55,Male,187.11,Phoenix,M,Red,Summer,1,No,Yes,,Credit Card,Monthly,Senior,High
2395,40,Male,47,Connecticut,L,Peach,Fall,2.9,No,No,23,Debit Card,Fortnightly,Adult,Medium
2509,23,Male,90,California,XL,Indigo,Spring,3.1,No,No,5,Debit Card,Bi-Weekly,Young Adult,High
4175,46,Other,1233.29,Houston,S,Blue,Spring,,No,Yes,8,Credit Card,Monthly,Adult,High
4692,57,Other,,Houston,,White,Summer,5,Yes,No,18,Debit Card,Weekly,Senior,High
242,36,Male,88,Delaware,M,Peach,Winter,4.1,Yes,Yes,43,Venmo,Bi-Weekly,Adult,High
2169,23,Male,74,Connecticut,M,Beige,Spring,4.1,No,No,32,Cash,Quarterly,Young Adult,High
3729,62,Female,31,Vermont,L,Red,Winter,3,No,No,1,Debit Card,Annually,Senior,Medium
3863,56,Female,49,Idaho,L,Turquoise,Winter,2.8,No,No,9,Venmo,Monthly,Senior,Medium
4452,28,Female,765.68,Los Angeles,,Red,Autumn,,Yes,Yes,,Credit Card,Monthly,Young Adult,High
3470,36,Female,85,North Dakota,L,Magenta,Fall,3.3,No,No,12,Cash,Annually,Adult,High
4819,41,Male,,Chicago,,Red,Autumn,4,No,Yes,,Debit Card,Monthly,Adult,High
3337,39,Female,45,Montana,M,Brown,Fall,4,No,No,24,Debit Card,Annually,Adult,Medium
1162,63,Male,52,Oklahoma,S,Orange,Fall,3.1,No,Yes,37,PayPal,Monthly,Senior,Medium
71,22,Male,29,Alabama,M,Magenta,Fall,4.2,Yes,Yes,32,Debit Card,Every 3 Months,Young Adult,Low
4816,70,Other,,Los Angeles,S,Black,Winter,3,Yes,No,10,Credit Card,Quarterly,Senior,High
662,57,Male,68,Iowa,XL,Green,Fall,4.1,Yes,Yes,39,Credit Card,Quarterly,Senior,Medium
1343,57,Male,43,Arizona,XL,Yellow,Summer,3.4,No,Yes,11,Bank Transfer,Monthly,Senior,Medium
4807,39,Female,614.56,Los Angeles,M,Black,Autumn,,Yes,Yes,,Debit Card,Quarterly,Adult,High
4159,59,Male,,Los Angeles,XL,White,Autumn,,Yes,No,,Cash,Monthly,Senior,High
649,22,Male,31,Michigan,M,Brown,Winter,4.1,Yes,Yes,35,Credit Card,Weekly,Young Adult,Medium
1231,25,Male,80,Illinois,L,Brown,Spring,,No,Yes,49,Venmo,Monthly,Young Adult,High
4371,67,Other,617.37,Houston,L,Black,Winter,3,No,Yes,0,Debit Card,Quarterly,Senior,High
3308,18,Female,36,Pennsylvania,S,Green,Winter,4,No,No,1,Cash,Monthly,Teen,Medium
212,69,Male,92,South Dakota,L,Maroon,Fall,4.2,Yes,Yes,45,Debit Card,Fortnightly,Senior,High
58,21,Male,64,West Virginia,M,White,Summer,4.4,Yes,Yes,17,Debit Card,Fortnightly,Young Adult,Medium
2888,23,Female,28,Kentucky,L,Blue,Winter,2.8,No,No,12,Cash,Bi-Weekly,Young Adult,Low
3117,50,Female,66,Montana,L,Gray,Spring,3.7,No,No,1,Venmo,Weekly,Adult,Medium
3114,46,Female,93,Nebraska,L,Green,Summer,2.6,No,No,2,Debit Card,Weekly,Adult,High
138,68,Male,43,Colorado,M,Turquoise,Spring,4.7,Yes,Yes,38,PayPal,Weekly,Senior,Medium
424,46,Male,26,New York,L,Teal,Spring,3,Yes,Yes,21,Credit Card,Bi-Weekly,Adult,Low
1829,33,Male,80,New Hampshire,L,Gray,Spring,3.9,No,No,45,Cash,Every 3 Months,Young Adult,High
4548,66,Female,1342.17,New York,L,Black,Summer,,No,Yes,11,Credit Card,Monthly,Senior,High
3643,47,Female,71,Arizona,L,Maroon,Summer,4.4,No,No,5,PayPal,Annually,Adult,High
2942,38,Female,86,Pennsylvania,L,Purple,Spring,3.7,No,No,27,PayPal,Monthly,Adult,High
48,55,Male,54,Montana,M,Charcoal,Winter,4.5,Yes,Yes,36,Cash,Weekly,Senior,Medium
2265,51,Male,92,North Dakota,M,Turquoise,Summer,3.9,No,No,50,PayPal,Monthly,Senior,High
4976,32,Female,1171.49,New York,L,Black,Autumn,,No,Yes,49,Debit Card,Weekly,Young Adult,High
1741,69,Male,21,Wisconsin,L,Charcoal,Fall,3.3,No,No,10,Bank Transfer,Every 3 Months,Senior,Low
3020,19,Female,44,Utah,M,Yellow,Winter,3.9,No,No,15,PayPal,Annually,Teen,Medium
1945,30,Male,45,Arkansas,M,Gold,Winter,2.7,No,No,49,Cash,Every 3 Months,Young Adult,Medium
661,50,Male,79,Montana,M,Olive,Fall,5,Yes,Yes,39,Credit Card,Quarterly,Adult,High
2561,58,Male,62,California,M,Violet,Spring,2.7,No,No,17,Debit Card,Bi-Weekly,Senior,Medium
1929,25,Male,92,Mississippi,S,Lavender,Summer,3.7,No,No,10,PayPal,Weekly,Young Adult,High
4416,32,Male,540.78,New York,,Black,Spring,1,No,No,,Credit Card,Monthly,Young Adult,High
1340,36,Male,56,Indiana,L,Olive,Winter,5,No,Yes,5,Bank Transfer,Every 3 Months,Adult,Medium
972,47,Male,67,Indiana,M,Cyan,Summer,4.3,Yes,Yes,15,Credit Card,Weekly,Adult,Medium
3510,50,Female,22,Ohio,L,Brown,Winter,4.3,No,No,43,Venmo,Bi-Weekly,Adult,Low
3324,54,Female,78,North Dakota,M,Yellow,Winter,3.8,No,No,4,Credit Card,Monthly,Senior,High
3397,29,Female,37,Tennessee,XL,Black,Winter,5,No,No,5,PayPal,Quarterly,Young Adult,Medium
1904,59,Male,63,North Carolina,M,Gold,Summer,3.3,No,No,37,Bank Transfer,Weekly,Senior,Medium
1583,28,Male,41,Hawaii,L,Red,Spring,2.5,No,Yes,39,Cash,Monthly,Young Adult,Medium
1717,69,Male,47,Connecticut,,Cyan,Winter,4.7,No,No,30,Cash,Every 3 Months,Senior,Medium
4907,67,Female,1258.57,Chicago,L,White,Winter,4,No,No,,Credit Card,Quarterly,Senior,High
339,69,Male,79,Massachusetts,M,Silver,Winter,3.5,Yes,Yes,16,Cash,Weekly,Senior,High
604,31,Male,46,Massachusetts,L,Green,Winter,3.4,Yes,Yes,26,PayPal,Every 3 Months,Young Adult,Medium
556,63,Male,,Maine,M,White,Fall,4.8,Yes,Yes,37,Venmo,Annually,Senior,High
1555,64,Male,48,Utah,S,Lavender,Winter,2.7,No,Yes,18,Cash,Bi-Weekly,Senior,Medium
4952,27,Male,139.43,Phoenix,L,Black,Autumn,,Yes,No,4,PayPal,Weekly,Young Adult,High
2542,33,Male,58,Washington,M,Silver,Spring,2.7,No,No,13,Venmo,Every 3 Months,Young Adult,Medium
1206,52,Male,99,California,M,Olive,Spring,3.5,No,Yes,38,Bank Transfer,Fortnightly,Senior,High
3472,43,Female,66,North Carolina,S,Blue,Spring,3.1,No,No,31,Cash,Bi-Weekly,Adult,Medium
2459,66,Male,85,Texas,L,Turquoise,Fall,4.6,No,No,17,Bank Transfer,Weekly,Senior,High
1117,67,Male,96,Hawaii,M,Charcoal,Winter,4.2,No,Yes,39,PayPal,Fortnightly,Senior,High
3300,45,Female,32,South Dakota,L,Teal,Spring,4,No,No,18,Venmo,Monthly,Adult,Medium
1830,30,Male,96,Oregon,M,White,Spring,4.9,No,No,50,Credit Card,Quarterly,Young Adult,High
759,66,Male,71,Massachusetts,L,Peach,Summer,4.6,Yes,Yes,39,Bank Transfer,Every 3 Months,Senior,High
1963,40,Male,45,Iowa,M,Silver,Fall,4.4,No,No,20,PayPal,Fortnightly,Adult,Medium
376,59,Male,32,Oklahoma,M,Olive,Summer,4.4,Yes,Yes,6,Debit Card,Quarterly,Senior,Medium
1770,32,Male,75,Alaska,L,Brown,Winter,4.3,No,No,45,Cash,Monthly,Young Adult,High
2268,32,Male,49,Kentucky,S,Blue,Spring,3.8,No,No,37,Venmo,Weekly,Young Adult,Medium
1090,40,Male,61,Arizona,M,Silver,Spring,3.8,No,Yes,33,PayPal,Bi-Weekly,Adult,Medium
265,36,Male,78,Colorado,S,Charcoal,Fall,3.9,Yes,Yes,15,Cash,Annually,Adult,High
3718,45,Female,85,Maryland,XL,White,Summer,4.2,No,No,47,Bank Transfer,Every 3 Months,Adult,High
4987,67,Female,,Chicago,S,Green,Summer,4,No,Yes,,Cash,Weekly,Senior,High
4255,68,Male,,Phoenix,S,Blue,Summer,1,Yes,No,49,PayPal,Quarterly,Senior,High
4020,60,Female,1247.31,Houston,S,White,Winter,,No,Yes,20,PayPal,Quarterly,Senior,High
2170,31,Male,42,Florida,M,Brown,Fall,2.9,No,No,32,Bank Transfer,Bi-Weekly,Young Adult,Medium
3406,28,Female,87,Washington,M,White,Summer,4.2,No,No,47,Bank Transfer,Bi-Weekly,Young Adult,High
3659,28,Female,72,Mississippi,M,Magenta,Fall,4.6,No,No,18,PayPal,Fortnightly,Young Adult,High
3460,68,Female,37,Ohio,L,Green,Fall,3.8,No,No,21,PayPal,Annually,Senior,Medium
2215,50,Male,100,Idaho,L,Gold,Fall,4.1,No,No,20,Debit Card,Weekly,Adult,High
408,45,Male,76,North Carolina,XL,Teal,Spring,3.1,Yes,Yes,5,Credit Card,Bi-Weekly,Adult,High
2076,46,Male,28,South Carolina,S,Turquoise,Fall,4.7,No,No,49,Debit Card,Monthly,Adult,Low
469,34,Male,38,Georgia,S,Peach,Fall,5,Yes,Yes,16,Cash,Quarterly,Young Adult,Medium
4321,70,Female,384.3,Chicago,,Blue,Winter,5,Yes,Yes,8,Debit Card,Monthly,Senior,High
2034,57,Male,55,Illinois,L,Olive,Summer,3.6,No,No,33,Venmo,Annually,Senior,Medium
2172,39,Male,98,Missouri,M,Yellow,Summer,4.6,No,No,9,Cash,Fortnightly,Adult,High
1668,51,Male,40,Oklahoma,L,Brown,Winter,3.4,No,Yes,24,Bank Transfer,Every 3 Months,Senior,Medium
673,59,Male,53,Washington,M,Peach,Winter,3.3,Yes,Yes,29,Cash,Quarterly,Senior,Medium
2144,53,Male,66,Arkansas,L,Red,Fall,3.8,No,No,48,Venmo,Bi-Weekly,Senior,Medium
4538,42,Female,763,Phoenix,L,Black,Autumn,,No,No,,Credit Card,Monthly,Adult,High
4818,23,Male,,Chicago,,White,Spring,1,Yes,No,,Debit Card,Weekly,Young Adult,High
2322,50,Male,31,Colorado,M,Beige,Winter,3,No,No,27,Debit Card,Fortnightly,Adult,Medium
2121,53,Male,98,Missouri,S,Red,Fall,3.1,No,No,38,PayPal,Quarterly,Senior,High
3160,62,Female,89,Louisiana,L,Pink,Winter,2.9,No,No,4,Bank Transfer,Quarterly,Senior,High
3350,35,Female,79,Georgia,M,Red,Fall,2.8,No,No,29,PayPal,Quarterly,Young Adult,High
2738,57,Female,76,North Carolina,S,Indigo,Spring,4.4,No,No,35,Cash,Every 3 Months,Senior,High
1755,66,Male,93,Massachusetts,S,Beige,Fall,3.8,No,No,18,Credit Card,Fortnightly,Senior,High
4325,56,Male,1396.89,New York,M,White,Summer,,Yes,Yes,,Credit Card,Weekly,Senior,High
4505,67,Female,,Chicago,M,Green,Summer,3,No,No,24,Debit Card,Weekly,Senior,High
271,33,Male,52,North Dakota,XL,Orange,Fall,4.6,Yes,Yes,16,Bank Transfer,Annually,Young Adult,Medium
3749,34,Female,25,Delaware,M,Violet,Fall,3.9,No,No,3,Venmo,Annually,Young Adult,Low
2711,69,Female,51,Wisconsin,L,Purple,Summer,4.7,No,No,3,Bank Transfer,Fortnightly,Senior,Medium
2259,24,Male,71,Ohio,L,Cyan,Winter,4.3,No,No,44,Credit Card,Every 3 Months,Young Adult,High
1778,18,Male,44,Minnesota,L,Purple,Winter,4.7,No,No,4,Cash,Fortnightly,Teen,Medium
3241,56,Female,37,West Virginia,M,Violet,Fall,3.8,No,No,37,Bank Transfer,Monthly,Senior,Medium
4856,65,Female,,Los Angeles,M,Blue,Spring,,Yes,Yes,46,Debit Card,Weekly,Senior,High
613,67,Male,43,New Hampshire,L,Lavender,Fall,4.6,Yes,Yes,33,Credit Card,Quarterly,Senior,Medium
4710,39,Other,1298.66,Phoenix,L,Black,Autumn,4,Yes,No,19,Debit Card,Monthly,Adult,High
4673,19,Other,,Houston,,White,Winter,,Yes,No,38,Cash,Quarterly,Teen,High
4488,48,Other,1375.93,Chicago,L,Green,Spring,,Yes,No,,Cash,Monthly,Adult,High
3428,39,Female,38,Michigan,XL,Turquoise,Winter,2.5,No,No,44,Cash,Annually,Adult,Medium
576,58,Male,86,Nebraska,M,Peach,Fall,4.8,Yes,Yes,38,PayPal,Monthly,Senior,High
1690,32,Male,73,North Carolina,L,Turquoise,Winter,4.6,No,No,32,Bank Transfer,Monthly,Young Adult,High
4035,67,Male,163.69,Houston,M,Red,Summer,,Yes,No,,Cash,Monthly,Senior,High
4280,54,Male,,Houston,,Black,Winter,4,No,No,2,PayPal,Weekly,Senior,High
4259,69,Male,,New York,M,Black,Spring,,Yes,No,,PayPal,Weekly,Senior,High
4293,27,Other,,Houston,M,White,Summer,4,Yes,Yes,,PayPal,Quarterly,Young Adult,High
19,52,Male,48,Montana,S,Black,Summer,4.6,Yes,Yes,17,Cash,Weekly,Senior,Medium
731,48,Male,25,Massachusetts,M,Indigo,Summer,3.9,Yes,Yes,28,Venmo,Fortnightly,Adult,Low
786,46,Male,62,Louisiana,S,Purple,Spring,4,Yes,Yes,37,PayPal,Fortnightly,Adult,Medium
1742,41,Male,51,Delaware,XL,Teal,Winter,3.6,No,No,20,Bank Transfer,Monthly,Adult,Medium
4672,53,Other,620,Chicago,XL,Green,Autumn,1,Yes,Yes,11,Cash,Monthly,Senior,High
3029,62,Female,100,California,L,Charcoal,Summer,3,No,No,7,PayPal,Every 3 Months,Senior,High
3314,55,Female,30,Kansas,XL,Black,Fall,3.9,No,No,45,Credit Card,Monthly,Senior,Medium
4769,28,Male,,Houston,L,Black,Summer,,No,No,,Cash,Quarterly,Young Adult,High
2108,46,Male,75,Delaware,M,Black,Winter,3.3,No,No,35,PayPal,Quarterly,Adult,High
1031,58,Male,89,Kentucky,L,Blue,Winter,3.3,Yes,Yes,37,Debit Card,Quarterly,Senior,High
689,25,Male,59,Michigan,S,Peach,Summer,4.7,Yes,Yes,44,Venmo,Monthly,Young Adult,Medium
311,56,Male,85,Montana,M,Charcoal,Winter,4.6,Yes,Yes,50,Cash,Fortnightly,Senior,High
2359,53,Male,93,Texas,L,Pink,Spring,3.8,No,No,38,Credit Card,Quarterly,Senior,High
15,64,Male,53,New York,L,Teal,Winter,4.7,Yes,Yes,34,Debit Card,Weekly,Senior,Medium
1709,35,Male,58,Florida,L,Cyan,Spring,3.2,No,No,1,Credit Card,Quarterly,Young Adult,Medium
1299,29,Male,81,Indiana,S,Indigo,Summer,3,No,Yes,14,Bank Transfer,Fortnightly,Young Adult,High
388,45,Male,93,Georgia,L,Silver,Summer,4.6,Yes,Yes,38,PayPal,Fortnightly,Adult,High
4629,57,Male,1370.64,Chicago,,Green,Autumn,,Yes,Yes,,Cash,Weekly,Senior,High
4678,70,Female,1250.57,Houston,L,Red,Summer,,No,Yes,,Cash,Weekly,Senior,High
3558,52,Female,26,Nevada,M,Peach,Summer,4.9,No,No,1,PayPal,Every 3 Months,Senior,Low
2404,64,Male,22,Missouri,M,Magenta,Fall,4.4,No,No,40,Debit Card,Weekly,Senior,Low
3613,47,Female,29,Michigan,M,Teal,Summer,3.6,No,No,26,Cash,Every 3 Months,Adult,Low
334,39,Male,64,Alaska,M,Teal,Winter,4.5,Yes,Yes,15,Bank Transfer,Bi-Weekly,Adult,Medium
4326,44,Other,,Houston,,Green,Summer,1,No,Yes,31,Credit Card,Weekly,Adult,High
2926,54,Female,91,Illinois,M,Maroon,Spring,2.8,No,No,43,Credit Card,Every 3 Months,Senior,High
465,23,Male,52,Alabama,M,Silver,Winter,4.7,Yes,Yes,45,PayPal,Monthly,Young Adult,Medium
2370,24,Male,23,Vermont,M,Cyan,Winter,4.6,No,No,24,PayPal,Monthly,Young Adult,Low
2406,69,Male,97,California,XL,Silver,Fall,5,No,No,5,Debit Card,Quarterly,Senior,High
3651,51,Female,60,Ohio,M,Silver,Summer,3.5,No,No,3,PayPal,Annually,Senior,Medium
233,54,Male,27,Hawaii,L,Purple,Winter,4.2,Yes,Yes,32,Bank Transfer,Bi-Weekly,Senior,Low
2601,21,Male,83,New York,M,Gray,Fall,3.9,No,No,6,Bank Transfer,Bi-Weekly,Young Adult,High
735,65,Male,69,New Jersey,S,Violet,Winter,3.1,Yes,Yes,39,Bank Transfer,Every 3 Months,Senior,Medium
4194,46,Female,707.33,Houston,L,Blue,Spring,5,No,No,49,Debit Card,Weekly,Adult,High
3334,55,Female,35,Minnesota,M,Violet,Spring,4.2,No,No,3,PayPal,Monthly,Senior,Medium
3421,19,Female,60,Kentucky,M,Purple,Winter,3.4,No,No,35,PayPal,Bi-Weekly,Teen,Medium
5086,22,Male,1156.06,New York,L,Blue,Winter,3,No,No,18,Cash,Weekly,Young Adult,High
3452,32,Female,73,Nevada,XL,Silver,Fall,3,No,No,13,Credit Card,Annually,Young Adult,High
2421,41,Male,87,North Carolina,S,Green,Winter,4.2,No,No,28,PayPal,Annually,Adult,High
2621,27,Male,23,Ohio,S,Lavender,Winter,3,No,No,28,Debit Card,Annually,Young Adult,Low
2555,51,Male,68,Kansas,M,Gray,Summer,4.3,No,No,49,Debit Card,Bi-Weekly,Senior,Medium
4497,63,Female,1127.02,New York,L,Black,Winter,4,No,Yes,,Credit Card,Quarterly,Senior,High
4385,59,Female,,Houston,L,White,Spring,,Yes,Yes,18,Cash,Quarterly,Senior,High
1736,58,Male,34,Texas,M,Purple,Winter,3.6,No,No,31,Venmo,Annually,Senior,Medium
1495,43,Male,76,Montana,M,Gray,Spring,3,No,Yes,23,Bank Transfer,Fortnightly,Adult,High
1545,30,Male,24,Arkansas,M,Maroon,Spring,3.9,No,Yes,17,Debit Card,Bi-Weekly,Young Adult,Low
4477,40,Male,,Phoenix,S,Blue,Autumn,3,Yes,Yes,7,PayPal,Monthly,Adult,High
2792,43,Female,60,Iowa,M,Yellow,Fall,2.8,No,No,14,Venmo,Fortnightly,Adult,Medium
4897,51,Male,,Houston,S,White,Spring,,Yes,No,,Cash,Monthly,Senior,High
1123,70,Male,62,North Carolina,S,Charcoal,Spring,4.3,No,Yes,12,Credit Card,Annually,Senior,Medium
4398,62,Other,722.19,Chicago,M,Black,Winter,2,Yes,No,,Credit Card,Monthly,Senior,High
5094,19,Male,1009.06,Los Angeles,,White,Winter,1,No,No,,Cash,Weekly,Teen,High
4551,64,Other,,New York,,Red,Autumn,,Yes,No,37,Debit Card,Quarterly,Senior,High
637,41,Male,30,Wisconsin,M,Indigo,Summer,2.8,Yes,Yes,14,Bank Transfer,Every 3 Months,Adult,Medium
2991,69,Female,91,Illinois,M,Teal,Fall,4.2,No,No,24,Venmo,Monthly,Senior,High
1026,60,Male,84,Nebraska,M,Olive,Winter,4.9,Yes,Yes,15,Credit Card,Annually,Senior,High
437,40,Male,46,Tennessee,L,Cyan,Summer,4.6,Yes,Yes,41,Bank Transfer,Weekly,Adult,Medium
1680,60,Male,52,Massachusetts,S,Black,Fall,4.5,No,No,24,Debit Card,Bi-Weekly,Senior,Medium
4823,40,Male,147.41,Houston,L,White,Spring,3,No,No,,PayPal,Weekly,Adult,High
4922,27,Male,,Houston,,Black,Winter,,Yes,Yes,,Credit Card,Monthly,Young Adult,High
4519,39,Female,294.87,New York,L,Black,Summer,1,No,Yes,,Credit Card,Quarterly,Adult,High
4758,45,Female,,Houston,M,Green,Summer,3,No,No,,Cash,Weekly,Adult,High
3280,59,Female,50,Wyoming,S,Red,Fall,3,No,No,1,Debit Card,Fortnightly,Senior,Medium
3527,20,Female,99,Massachusetts,M,Olive,Spring,3.8,No,No,1,PayPal,Every 3 Months,Teen,High
4010,49,Female,371.9,New York,S,White,Autumn,,No,No,7,Credit Card,Quarterly,Adult,High
4307,57,Male,,Los Angeles,M,Red,Summer,,Yes,No,36,PayPal,Weekly,Senior,High
2269,66,Male,26,Georgia,L,Charcoal,Spring,2.7,No,No,15,Bank Transfer,Monthly,Senior,Low
4836,66,Male,,Houston,L,Red,Winter,5,Yes,Yes,,Credit Card,Monthly,Senior,High
326,70,Male,70,Vermont,M,Charcoal,Winter,4.3,Yes,Yes,38,Debit Card,Annually,Senior,High
4001,28,Other,484.3,Los Angeles,,Green,Spring,,No,Yes,,PayPal,Monthly,Young Adult,High
1985,26,Male,58,West Virginia,M,Black,Summer,3.4,No,No,26,PayPal,Fortnightly,Young Adult,Medium
4954,18,Male,1445.84,Houston,,Green,Autumn,1,No,No,41,Credit Card,Monthly,Teen,High
3449,18,Female,28,Kentucky,S,Yellow,Winter,4.1,No,No,32,Bank Transfer,Fortnightly,Teen,Low
1795,60,Male,40,Ohio,L,Indigo,Spring,3.7,No,No,21,Debit Card,Fortnightly,Senior,Medium
4362,64,Male,,Chicago,,Red,Winter,1,Yes,Yes,,Cash,Quarterly,Senior,High
1467,58,Male,71,Alabama,M,Green,Summer,4.5,No,Yes,3,PayPal,Annually,Senior,High
3186,52,Female,71,Ohio,L,Gold,Fall,4.7,No,No,6,PayPal,Annually,Senior,High
4453,24,Female,,Houston,M,Green,Summer,,Yes,Yes,47,Cash,Monthly,Young Adult,High
69,57,Male,46,Utah,L,Silver,Summer,3.9,Yes,Yes,21,Cash,Every 3 Months,Senior,Medium
863,19,Male,84,Arkansas,M,Charcoal,Winter,4.9,Yes,Yes,13,PayPal,Fortnightly,Teen,High
2887,42,Female,33,Utah,L,Blue,Spring,4.2,No,No,29,PayPal,Weekly,Adult,Medium
1197,30,Male,88,North Dakota,M,Maroon,Winter,3.2,No,Yes,13,Bank Transfer,Bi-Weekly,Young Adult,High
56,40,Male,28,South Carolina,M,Lavender,Winter,3,Yes,Yes,49,Credit Card,Annually,Adult,Low
618,50,Male,57,Colorado,M,Maroon,Fall,2.6,Yes,Yes,2,Bank Transfer,Quarterly,Adult,Medium
4451,20,Female,,Chicago,L,Red,Summer,3,No,No,,Debit Card,Monthly,Teen,High
4802,58,Female,178.72,Phoenix,S,White,Summer,3,No,No,,PayPal,Quarterly,Senior,High
1142,39,Male,33,Ohio,S,Silver,Winter,4.7,No,Yes,23,PayPal,Fortnightly,Adult,Medium
1237,42,Male,68,New Mexico,M,White,Summer,4.4,No,Yes,35,Debit Card,Every 3 Months,Adult,Medium
2987,62,Female,85,Arizona,S,Silver,Summer,3.3,No,No,16,Credit Card,Monthly,Senior,High
2341,63,Male,24,Delaware,M,Cyan,Summer,2.6,No,No,37,Credit Card,Fortnightly,Senior,Low
480,39,Male,84,Iowa,L,Yellow,Winter,3.3,Yes,Yes,43,Venmo,Monthly,Adult,High
1088,45,Male,71,West Virginia,S,White,Winter,3.4,No,Yes,7,Bank Transfer,Monthly,Adult,High
120,38,Male,76,Wyoming,M,Orange,Fall,4.3,Yes,Yes,44,Cash,Annually,Adult,High
398,22,Male,46,Mississippi,M,Indigo,Fall,3,Yes,Yes,26,Cash,Annually,Young Adult,Medium
2101,68,Male,31,Michigan,M,Silver,Spring,4.4,No,No,36,Cash,Fortnightly,Senior,Medium
1336,56,Male,49,Nevada,M,Lavender,Fall,4.8,No,Yes,26,Credit Card,Weekly,Senior,Medium
4154,54,Male,956.35,Los Angeles,,Red,Spring,1,Yes,Yes,,Credit Card,Monthly,Senior,High
2522,29,Male,33,Minnesota,M,Magenta,Fall,4.4,No,No,18,PayPal,Every 3 Months,Young Adult,Medium
4736,46,Other,1163.75,Phoenix,,Red,Autumn,1,Yes,Yes,,Credit Card,Monthly,Adult,High
2779,70,Female,57,Pennsylvania,L,Yellow,Spring,3.2,No,No,24,Credit Card,Bi-Weekly,Senior,Medium
132,28,Male,29,Maine,L,Indigo,Summer,3.9,Yes,Yes,46,Credit Card,Weekly,Young Adult,Low
361,51,Male,30,Rhode Island,M,Teal,Summer,3,Yes,Yes,18,Debit Card,Fortnightly,Senior,Medium
4423,66,Female,,Los Angeles,XL,Blue,Spring,2,Yes,No,6,PayPal,Monthly,Senior,High
4963,27,Female,,Phoenix,M,Red,Autumn,,No,Yes,,Credit Card,Quarterly,Young Adult,High
297,25,Male,74,Indiana,S,Lavender,Spring,4.8,Yes,Yes,19,Credit Card,Weekly,Young Adult,High
2199,57,Male,80,New York,L,Turquoise,Summer,3.5,No,No,35,Venmo,Monthly,Senior,High
2426,58,Male,49,North Dakota,S,Olive,Summer,3,No,No,34,Bank Transfer,Quarterly,Senior,Medium
970,40,Male,31,California,S,Pink,Fall,3.2,Yes,Yes,37,PayPal,Monthly,Adult,Medium
4413,26,Other,,Phoenix,M,Black,Spring,,Yes,No,24,Debit Card,Weekly,Young Adult,High
1173,59,Male,68,Oregon,L,Peach,Spring,4.6,No,Yes,42,Bank Transfer,Bi-Weekly,Senior,Medium
417,36,Male,55,Oregon,L,Olive,Spring,3.8,Yes,Yes,24,Bank Transfer,Fortnightly,Adult,Medium
4043,65,Male,196.43,Los Angeles,,Blue,Summer,,No,Yes,,Debit Card,Quarterly,Senior,High
4595,47,Male,,Houston,S,White,Summer,,No,Yes,32,Cash,Quarterly,Adult,High
1361,56,Male,43,Alabama,L,Black,Fall,2.8,No,Yes,4,Bank Transfer,Annually,Senior,Medium
596,30,Male,77,Delaware,M,Silver,Summer,3.6,Yes,Yes,47,PayPal,Quarterly,Young Adult,High
3204,63,Female,29,New Jersey,L,Teal,Spring,4.1,No,No,14,Venmo,Annually,Senior,Low
3104,27,Female,37,Illinois,S,Peach,Winter,3,No,No,42,Bank Transfer,Weekly,Young Adult,Medium
1700,20,Male,67,North Dakota,L,Teal,Spring,4,No,No,34,Debit Card,Annually,Teen,Medium
1937,70,Male,60,Minnesota,S,Teal,Summer,4.3,No,No,44,PayPal,Every 3 Months,Senior,Medium
3276,43,Female,88,Alabama,XL,Green,Summer,2.6,No,No,2,Debit Card,Weekly,Adult,High
4,21,Male,90,Rhode Island,M,Maroon,Spring,3.5,Yes,Yes,49,PayPal,Weekly,Young Adult,High
2847,50,Female,36,Oklahoma,XL,Black,Fall,2.8,No,No,15,PayPal,Bi-Weekly,Adult,Medium
2598,60,Male,25,Alabama,XL,Teal,Summer,4.4,No,No,13,Venmo,Bi-Weekly,Senior,Low
61,50,Male,37,Idaho,L,Brown,Summer,4,Yes,Yes,17,Cash,Weekly,Adult,Medium
3042,48,Female,79,Rhode Island,M,Orange,Winter,4,No,No,27,PayPal,Monthly,Adult,High
5003,47,Other,,Phoenix,M,Green,Summer,4,No,No,,Credit Card,Monthly,Adult,High
2496,40,Male,37,Nebraska,XL,Orange,Spring,3.1,No,No,34,Credit Card,Every 3 Months,Adult,Medium
544,53,Male,98,Alabama,S,Red,Spring,4.3,Yes,Yes,11,Credit Card,Monthly,Senior,High
1722,34,Male,28,Delaware,S,Magenta,Spring,4.3,No,No,24,Credit Card,Monthly,Young Adult,Low
884,28,Male,37,Pennsylvania,S,Gold,Fall,4.3,Yes,Yes,30,Bank Transfer,Monthly,Young Adult,Medium
3837,62,Female,84,Alaska,M,Violet,Spring,2.5,No,No,38,PayPal,Fortnightly,Senior,High
3875,70,Female,54,Nevada,XL,Beige,Summer,3.9,No,No,33,Credit Card,Bi-Weekly,Senior,Medium
1554,27,Male,45,Delaware,M,Indigo,Spring,4.8,No,Yes,21,Debit Card,Quarterly,Young Adult,Medium
4456,66,Male,,New York,M,Red,Winter,4,Yes,No,6,Debit Card,Monthly,Senior,High
2052,65,Male,94,Massachusetts,L,Black,Spring,3.8,No,No,14,Credit Card,Monthly,Senior,High
2630,61,Male,44,New Hampshire,M,Peach,Winter,3.8,No,No,25,Venmo,Annually,Senior,Medium
244,25,Male,100,Kentucky,M,Olive,Winter,2.8,Yes,Yes,4,Debit Card,Monthly,Young Adult,High
1542,24,Male,77,Illinois,S,Indigo,Winter,2.9,No,Yes,35,Cash,Bi-Weekly,Young Adult,High
3637,50,Female,38,California,L,Lavender,Summer,4.2,No,No,36,Cash,Weekly,Adult,Medium
2994,32,Female,21,Kansas,L,Indigo,Spring,4.2,No,No,18,Cash,Bi-Weekly,Young Adult,Low
4516,18,Female,,New York,,White,Summer,,No,No,,Debit Card,Quarterly,Teen,High
2447,38,Male,65,Alaska,L,Peach,Spring,2.9,No,No,7,Credit Card,Monthly,Adult,Medium
1521,21,Male,66,Iowa,M,Brown,Summer,4.4,No,Yes,39,Cash,Quarterly,Young Adult,Medium
96,37,Male,100,Missouri,L,Pink,Fall,3.8,Yes,Yes,48,PayPal,Monthly,Adult,High
2978,38,Female,47,Washington,L,Gold,Winter,3.4,No,No,20,Venmo,Annually,Adult,Medium
4136,70,Other,,New York,,Red,Summer,,Yes,No,,Debit Card,Monthly,Senior,High
862,46,Male,100,Virginia,XL,Green,Spring,,Yes,Yes,35,Credit Card,Every 3 Months,Adult,High
3079,32,Female,95,Alaska,M,Blue,Spring,2.5,No,No,24,Bank Transfer,Bi-Weekly,Young Adult,High
4908,21,Other,954.21,New York,S,Green,Winter,,No,Yes,,Credit Card,Weekly,Young Adult,High
100,26,Male,40,Missouri,XL,Indigo,Summer,3.7,Yes,Yes,33,Debit Card,Quarterly,Young Adult,Medium
3825,54,Female,26,Georgia,M,Olive,Summer,4,No,No,31,Credit Card,Quarterly,Senior,Low
2410,26,Male,37,Washington,L,Yellow,Spring,3,No,No,47,Cash,Every 3 Months,Young Adult,Medium
440,62,Male,50,Idaho,M,Turquoise,Summer,3.4,Yes,Yes,31,Cash,Monthly,Senior,Medium
2548,47,Male,97,Mississippi,M,Beige,Summer,3.2,No,No,16,Cash,Weekly,Adult,High
1420,43,Male,75,Montana,M,Orange,Summer,2.6,No,Yes,4,Debit Card,Quarterly,Adult,High
829,24,Male,62,Nevada,M,Peach,Fall,3.7,Yes,Yes,27,PayPal,Bi-Weekly,Young Adult,Medium
4793,33,Other,,New York,M,Green,Spring,,No,Yes,28,Credit Card,Weekly,Young Adult,High
3174,69,Female,46,Washington,L,Teal,Summer,4.9,No,No,32,PayPal,Fortnightly,Senior,Medium
2908,19,Female,82,Maryland,XL,Lavender,Summer,3.7,No,No,50,PayPal,Bi-Weekly,Teen,High
4679,31,Male,,Los Angeles,,Green,Spring,,Yes,Yes,,PayPal,Monthly,Young Adult,High
4646,34,Female,1404.43,New York,,White,Spring,,No,Yes,,Credit Card,Weekly,Young Adult,High
176,53,Male,86,Oklahoma,L,Violet,Fall,2.8,Yes,Yes,2,Bank Transfer,Annually,Senior,High
3652,20,Female,32,Arizona,M,Yellow,Spring,3.8,No,No,5,Venmo,Every 3 Months,Teen,Medium
4734,52,Female,582.79,Phoenix,,Black,Autumn,,Yes,No,,Cash,Weekly,Senior,High
4935,62,Male,,New York,XL,Black,Winter,4,Yes,Yes,20,Credit Card,Quarterly,Senior,High
772,22,Male,68,Hawaii,L,Cyan,Fall,2.6,Yes,Yes,34,Bank Transfer,Fortnightly,Young Adult,Medium
3180,57,Female,88,Idaho,M,Olive,Spring,4.3,No,No,12,Debit Card,Bi-Weekly,Senior,High
2821,26,Female,89,Vermont,L,Yellow,Summer,3.9,No,No,5,Cash,Bi-Weekly,Young Adult,High
4942,62,Female,1177.36,Los Angeles,S,Black,Autumn,4,No,No,,Cash,Monthly,Senior,High
2899,23,Female,33,New Jersey,XL,Peach,Summer,4.6,No,No,29,Credit Card,Annually,Young Adult,Medium
4652,70,Female,,Los Angeles,,Green,Winter,2,Yes,No,,Credit Card,Weekly,Senior,High
66,65,Male,36,New Jersey,M,Purple,Spring,4.8,Yes,Yes,44,Venmo,Every 3 Months,Senior,Medium
4266,23,Female,,Phoenix,,Red,Spring,1,Yes,Yes,22,Cash,Weekly,Young Adult,High
3103,51,Female,85,South Dakota,M,Green,Summer,4.3,No,No,29,Cash,Bi-Weekly,Senior,High
4468,64,Male,663.87,New York,,Blue,Summer,,No,Yes,19,Debit Card,Weekly,Senior,High
2704,56,Female,42,Tennessee,XL,Olive,Winter,4.4,No,No,34,PayPal,Weekly,Senior,Medium
3410,24,Female,93,Minnesota,M,Teal,Summer,3.2,No,No,3,Credit Card,Every 3 Months,Young Adult,High
4550,65,Male,,Chicago,L,Blue,Winter,5,No,No,17,Credit Card,Quarterly,Senior,High
2559,49,Male,32,California,M,Silver,Fall,2.7,No,No,24,PayPal,Fortnightly,Adult,Medium
4132,62,Male,33.92,Los Angeles,,Green,Autumn,,No,Yes,,PayPal,Weekly,Senior,Medium
1595,40,Male,41,Colorado,XL,Charcoal,Summer,3.7,No,Yes,3,Cash,Fortnightly,Adult,Medium
4664,38,Female,864.33,Los Angeles,S,Red,Autumn,,Yes,No,,PayPal,Quarterly,Adult,High
1331,30,Male,65,Vermont,M,Charcoal,Fall,2.9,No,Yes,20,PayPal,Bi-Weekly,Young Adult,Medium
1613,18,Male,68,Wisconsin,M,Indigo,Summer,4.4,No,Yes,26,Venmo,Monthly,Teen,Medium
121,64,Male,84,West Virginia,L,Red,Summer,4,Yes,Yes,32,Bank Transfer,Annually,Senior,High
4439,55,Other,294.04,New York,,Red,Autumn,,Yes,No,,PayPal,Weekly,Senior,High
2504,69,Male,77,Ohio,M,Violet,Summer,2.5,No,No,5,Debit Card,Bi-Weekly,Senior,High
4553,70,Female,,Chicago,M,Red,Spring,,Yes,No,,Credit Card,Monthly,Senior,High
1129,56,Male,30,New York,L,Charcoal,Winter,4.7,No,Yes,35,Debit Card,Monthly,Senior,Medium
2187,55,Male,23,New Mexico,XL,Teal,Winter,4.3,No,No,6,PayPal,Every 3 Months,Senior,Low
4151,64,Male,1384.25,New York,M,Red,Autumn,1,No,Yes,,Credit Card,Weekly,Senior,High
2008,26,Male,25,Virginia,M,Silver,Summer,3.2,No,No,8,PayPal,Quarterly,Young Adult,Low
4706,52,Male,,Houston,L,White,Autumn,4,No,Yes,,Debit Card,Monthly,Senior,High
627,31,Male,79,New Hampshire,M,Indigo,Spring,3.9,Yes,Yes,10,Venmo,Annually,Young Adult,High
2912,28,Female,38,Ohio,XL,Orange,Fall,2.9,No,No,34,Venmo,Quarterly,Young Adult,Medium
3181,18,Female,88,Montana,L,Turquoise,Fall,3.8,No,No,46,PayPal,Weekly,Teen,High
340,40,Male,33,Pennsylvania,M,Teal,Spring,3.8,Yes,Yes,21,Credit Card,Every 3 Months,Adult,Medium
3219,37,Female,34,Florida,M,Teal,Fall,3.9,No,No,49,PayPal,Monthly,Adult,Medium
2086,69,Male,49,New York,M,Teal,Fall,4.6,No,No,38,Debit Card,Weekly,Senior,Medium
3780,60,Female,75,California,XL,Lavender,Spring,4,No,No,45,PayPal,Annually,Senior,High
367,64,Male,36,Nebraska,M,Turquoise,Spring,3.5,Yes,Yes,37,Venmo,Fortnightly,Senior,Medium
4775,57,Female,,New York,,Black,Spring,,Yes,Yes,,PayPal,Weekly,Senior,High
4239,59,Female,,Chicago,M,Black,Winter,3,Yes,Yes,14,Credit Card,Monthly,Senior,High
2665,22,Female,84,Illinois,L,Silver,Winter,3.2,No,No,37,PayPal,Weekly,Young Adult,High
1519,68,Male,73,New York,M,Yellow,Winter,4.1,No,Yes,14,Venmo,Fortnightly,Senior,High
108,28,Male,67,Maryland,L,Olive,Winter,3.1,Yes,Yes,46,PayPal,Fortnightly,Young Adult,Medium
1100,19,Male,73,North Carolina,M,Peach,Fall,2.6,No,Yes,45,Bank Transfer,Fortnightly,Teen,High
990,70,Male,31,Texas,M,Beige,Spring,3.1,Yes,Yes,2,Bank Transfer,Monthly,Senior,Medium
3356,40,Female,28,Delaware,M,Peach,Spring,2.6,No,No,3,Bank Transfer,Bi-Weekly,Adult,Low
4932,57,Other,,Phoenix,S,Green,Autumn,1,Yes,Yes,,Debit Card,Quarterly,Senior,High
2686,56,Female,25,Virginia,M,Gray,Winter,2.7,No,No,49,Credit Card,Quarterly,Senior,Low
4127,38,Other,1132.97,Chicago,,Blue,Spring,3,No,No,10,Debit Card,Monthly,Adult,High
808,27,Male,89,New York,S,Brown,Winter,3.3,Yes,Yes,15,Credit Card,Weekly,Young Adult,High
3400,40,Female,55,Montana,XL,Yellow,Winter,3.3,No,No,36,Debit Card,Annually,Adult,Medium
5051,34,Female,,Houston,L,Blue,Winter,3,Yes,No,11,Cash,Quarterly,Young Adult,High
1158,37,Male,66,Maryland,M,Charcoal,Fall,4.4,No,Yes,11,Cash,Quarterly,Adult,Medium
914,37,Male,47,Utah,M,Yellow,Fall,2.6,Yes,Yes,29,Cash,Every 3 Months,Adult,Medium
1078,58,Male,28,West Virginia,M,Pink,Winter,3.7,No,Yes,5,PayPal,Quarterly,Senior,Low
1488,40,Male,44,Arizona,L,Black,Summer,4.6,No,Yes,26,PayPal,Annually,Adult,Medium
3189,42,Female,59,Vermont,M,Lavender,Winter,3.5,No,No,39,Bank Transfer,Monthly,Adult,Medium
1087,53,Male,62,Alaska,M,Olive,Winter,3,No,Yes,27,PayPal,Bi-Weekly,Senior,Medium
1609,26,Male,58,Nebraska,XL,Cyan,Fall,4.6,No,Yes,12,Bank Transfer,Bi-Weekly,Young Adult,Medium
1303,23,Male,25,Idaho,M,Gold,Fall,2.9,No,Yes,37,Credit Card,Monthly,Young Adult,Low
3664,65,Female,59,Florida,M,Green,Summer,4.4,No,No,49,Credit Card,Weekly,Senior,Medium
751,25,Male,95,Maryland,L,Violet,Fall,3.4,Yes,Yes,5,Venmo,Annually,Young Adult,High
3816,32,Female,44,Maine,M,Brown,Fall,4.3,No,No,12,Venmo,Fortnightly,Young Adult,Medium
726,61,Male,61,Texas,L,Silver,Winter,3.1,Yes,Yes,33,Debit Card,Fortnightly,Senior,Medium
3520,31,Female,66,Wisconsin,M,White,Winter,3.7,No,No,14,Bank Transfer,Fortnightly,Young Adult,Medium
2489,56,Male,82,New Hampshire,XL,Charcoal,Summer,4.4,No,No,30,PayPal,Monthly,Senior,High
4045,52,Female,1421.74,Houston,L,White,Autumn,,No,Yes,,Cash,Weekly,Senior,High
3289,67,Female,61,South Carolina,XL,White,Spring,4.9,No,No,19,Credit Card,Bi-Weekly,Senior,Medium
4653,50,Female,876.13,Los Angeles,,Blue,Autumn,,Yes,Yes,3,PayPal,Quarterly,Adult,High
1395,26,Male,43,Iowa,L,Magenta,Fall,4.7,No,Yes,39,Cash,Weekly,Young Adult,Medium
1989,46,Male,79,Virginia,M,Gold,Winter,3.9,No,No,26,Bank Transfer,Weekly,Adult,High
3048,21,Female,74,Vermont,M,Violet,Fall,4.1,No,No,3,PayPal,Bi-Weekly,Young Adult,High
226,25,Male,22,Arkansas,M,Olive,Spring,3.2,Yes,Yes,11,Bank Transfer,Annually,Young Adult,Low
3676,70,Female,80,Virginia,M,White,Winter,4.5,No,No,3,Bank Transfer,Monthly,Senior,High
191,65,Male,70,Indiana,XL,Beige,Fall,3,Yes,Yes,48,Venmo,Quarterly,Senior,High
4876,67,Other,,Los Angeles,,White,Spring,,No,No,18,Cash,Weekly,Senior,High
1183,37,Male,21,New Mexico,M,Maroon,Spring,3.8,No,Yes,45,PayPal,Quarterly,Adult,Low
3143,23,Female,21,Kansas,L,Magenta,Winter,4,No,No,1,Venmo,Quarterly,Young Adult,Low
3202,46,Female,38,Vermont,S,Indigo,Fall,2.8,No,No,34,Cash,Monthly,Adult,Medium
4532,25,Male,720.43,Los Angeles,S,Red,Spring,,No,Yes,,Credit Card,Quarterly,Young Adult,High
1006,43,Male,94,New York,M,Gold,Winter,3.9,Yes,Yes,5,Debit Card,Bi-Weekly,Adult,High
3247,70,Female,98,Michigan,M,Magenta,Summer,2.9,No,No,37,Cash,Monthly,Senior,High
251,33,Male,25,Mississippi,L,Black,Fall,4,Yes,Yes,9,Bank Transfer,Weekly,Young Adult,Low
3517,34,Female,56,South Carolina,S,White,Summer,4,No,No,38,PayPal,Bi-Weekly,Young Adult,Medium
4860,69,Other,,Phoenix,L,Green,Summer,5,No,No,23,Cash,Monthly,Senior,High
98,21,Male,92,Virginia,M,Teal,Winter,4.8,Yes,Yes,37,Cash,Annually,Young Adult,High
1641,65,Male,51,Tennessee,S,Magenta,Spring,4,No,Yes,13,PayPal,Weekly,Senior,Medium
3899,44,Female,77,Minnesota,S,Brown,Summer,3.8,No,No,24,Venmo,Weekly,Adult,High
4277,38,Female,,Phoenix,XL,Red,Spring,,No,No,,Credit Card,Weekly,Adult,High
595,35,Male,83,Oklahoma,S,Brown,Winter,2.5,Yes,Yes,6,Debit Card,Monthly,Young Adult,High
949,49,Male,90,Alabama,L,Olive,Summer,4.9,Yes,Yes,11,Venmo,Every 3 Months,Adult,High
2643,39,Male,87,Iowa,L,Peach,Summer,4,No,No,48,Bank Transfer,Annually,Adult,High
2499,18,Male,39,Massachusetts,S,Green,Fall,2.6,No,No,38,Cash,Fortnightly,Teen,Medium
453,45,Male,45,Missouri,M,Violet,Summer,,Yes,Yes,39,PayPal,Fortnightly,Adult,Medium
3753,24,Female,81,Washington,L,Pink,Winter,4.1,No,No,43,Venmo,Weekly,Young Adult,High
3887,37,Female,92,Iowa,S,Brown,Summer,3.9,No,No,40,Debit Card,Quarterly,Adult,High
403,31,Male,78,California,L,Cyan,Fall,3,Yes,Yes,26,PayPal,Monthly,Young Adult,High
34,54,Male,38,Colorado,L,Green,Summer,3.3,Yes,Yes,45,Cash,Quarterly,Senior,Medium
2814,45,Female,50,Vermont,S,Maroon,Summer,3.3,No,No,39,Debit Card,Quarterly,Adult,Medium
918,69,Male,64,Missouri,M,Maroon,Spring,3.7,Yes,Yes,11,Bank Transfer,Quarterly,Senior,Medium
2151,57,Male,40,Illinois,M,Orange,Spring,2.6,No,No,12,Cash,Weekly,Senior,Medium
3041,18,Female,32,Nebraska,M,Gold,Fall,4.1,No,No,10,Cash,Fortnightly,Teen,Medium
1839,37,Male,24,Vermont,L,Blue,Fall,4.1,No,No,11,Credit Card,Quarterly,Adult,Low
4102,32,Male,129.57,Los Angeles,,Green,Summer,3,No,Yes,2,Debit Card,Quarterly,Young Adult,High
881,39,Male,75,Nevada,L,Red,Spring,3.1,Yes,Yes,25,Debit Card,Monthly,Adult,High
4099,66,Other,843.15,Los Angeles,S,Black,Spring,5,No,Yes,8,PayPal,Weekly,Senior,High
4620,53,Female,,New York,,White,Summer,,No,No,,PayPal,Weekly,Senior,High
3381,41,Female,52,North Dakota,L,Blue,Summer,3.8,No,No,6,PayPal,Every 3 Months,Adult,Medium
1626,34,Male,45,Minnesota,L,Beige,Winter,3,No,Yes,3,PayPal,Bi-Weekly,Young Adult,Medium
4624,23,Other,1204.42,Houston,L,Green,Autumn,5,No,No,26,Credit Card,Weekly,Young Adult,High
540,49,Male,48,Wyoming,M,Violet,Winter,4,Yes,Yes,49,Debit Card,Weekly,Adult,Medium
3191,41,Female,78,California,S,Purple,Fall,3.4,No,No,5,Credit Card,Fortnightly,Adult,High
3817,29,Female,86,Maryland,S,Silver,Summer,4.3,No,No,45,Credit Card,Fortnightly,Young Adult,High
1820,51,Male,86,Nevada,S,Peach,Spring,4.5,No,No,50,Cash,Quarterly,Senior,High
3320,23,Female,31,North Dakota,M,Indigo,Summer,4.3,No,No,17,Credit Card,Every 3 Months,Young Adult,Medium
24,31,Male,88,Oklahoma,XL,White,Winter,4.4,Yes,Yes,40,Credit Card,Weekly,Young Adult,High
3857,39,Female,78,Virginia,S,Brown,Summer,2.5,No,No,8,Debit Card,Quarterly,Adult,High
3430,27,Female,96,Alaska,S,Purple,Winter,4.6,No,No,34,Debit Card,Weekly,Young Adult,High
3545,64,Female,55,Wisconsin,XL,Charcoal,Fall,3.6,No,No,42,Cash,Every 3 Months,Senior,Medium
1972,54,Male,29,Pennsylvania,XL,Indigo,Spring,3.4,No,No,1,Venmo,Monthly,Senior,Low
1896,31,Male,61,Washington,L,Indigo,Fall,4.5,No,No,3,Debit Card,Monthly,Young Adult,Medium
2420,26,Male,40,North Carolina,M,Blue,Fall,2.7,No,No,11,Credit Card,Every 3 Months,Young Adult,Medium
4655,43,Male,,Phoenix,L,Red,Spring,,Yes,No,,Debit Card,Weekly,Adult,High
2281,22,Male,21,Kentucky,M,Red,Summer,2.8,No,No,31,Credit Card,Fortnightly,Young Adult,Low
2999,31,Female,53,Alaska,M,Red,Summer,4.7,No,No,30,Debit Card,Quarterly,Young Adult,Medium
291,58,Male,33,Colorado,M,Indigo,Winter,3.7,Yes,Yes,50,PayPal,Weekly,Senior,Medium
3361,22,Female,81,Minnesota,M,Maroon,Spring,3.3,No,No,47,Cash,Every 3 Months,Young Adult,High
2754,69,Female,59,Rhode Island,M,Beige,Spring,3.6,No,No,48,PayPal,Quarterly,Senior,Medium
4645,19,Male,1371.19,Los Angeles,,Green,Autumn,,No,No,,Debit Card,Weekly,Teen,High
701,57,Male,79,Wisconsin,L,Olive,Winter,4.1,Yes,Yes,5,PayPal,Monthly,Senior,High
1127,23,Male,58,Iowa,L,Beige,Winter,3.4,No,Yes,47,Venmo,Fortnightly,Young Adult,Medium
2802,64,Female,56,New Mexico,M,Indigo,Winter,2.6,No,No,30,PayPal,Annually,Senior,Medium
5010,68,Other,1064.28,New York,,Green,Winter,3,No,Yes,46,Cash,Quarterly,Senior,High
3860,65,Female,88,Mississippi,S,Blue,Fall,3,No,No,47,Bank Transfer,Bi-Weekly,Senior,High
35,36,Male,91,North Dakota,L,Violet,Spring,4.6,Yes,Yes,38,PayPal,Quarterly,Adult,High
3107,62,Female,57,Alabama,M,Yellow,Winter,4.7,No,No,20,PayPal,Annually,Senior,Medium
3469,36,Female,89,Ohio,S,Indigo,Winter,3.5,No,No,36,Debit Card,Quarterly,Adult,High
131,44,Male,39,Kentucky,L,Violet,Fall,3.7,Yes,Yes,13,PayPal,Fortnightly,Adult,Medium
3888,40,Female,34,Kansas,M,Charcoal,Spring,2.7,No,No,1,Credit Card,Quarterly,Adult,Medium
4253,59,Female,,Chicago,M,Green,Autumn,,Yes,Yes,49,Cash,Weekly,Senior,High
1720,45,Male,39,Maryland,M,White,Winter,3.2,No,No,8,Venmo,Quarterly,Adult,Medium
3500,22,Female,29,New Jersey,L,Indigo,Fall,3,No,No,13,PayPal,Every 3 Months,Young Adult,Low
122,19,Male,72,Virginia,M,Olive,Winter,4.2,Yes,Yes,11,Cash,Fortnightly,Teen,High
2667,49,Female,95,Ohio,S,Brown,Winter,4.1,No,No,14,Venmo,Fortnightly,Adult,High
586,69,Male,23,South Carolina,M,Gray,Fall,2.8,Yes,Yes,5,Cash,Every 3 Months,Senior,Low
4278,57,Male,,Houston,,White,Summer,4,Yes,Yes,5,Debit Card,Weekly,Senior,High
3710,31,Female,43,Utah,M,Silver,Fall,3.6,No,No,27,PayPal,Quarterly,Young Adult,Medium
2938,28,Female,39,West Virginia,M,White,Spring,4.3,No,No,15,Credit Card,Weekly,Young Adult,Medium
2512,54,Male,33,Idaho,M,Cyan,Summer,2.7,No,No,1,PayPal,Quarterly,Senior,Medium
136,43,Male,81,Kansas,M,Purple,Fall,4.1,Yes,Yes,12,PayPal,Quarterly,Adult,High
1434,70,Male,60,Minnesota,L,Yellow,Winter,3.2,No,Yes,45,Debit Card,Weekly,Senior,Medium
4887,64,Other,169.1,Chicago,M,Black,Autumn,5,Yes,Yes,,Credit Card,Weekly,Senior,High
2490,66,Male,34,South Dakota,M,Green,Winter,3.9,No,No,50,Venmo,Quarterly,Senior,Medium
73,18,Male,26,Georgia,M,Olive,Winter,2.9,Yes,Yes,21,Bank Transfer,Every 3 Months,Teen,Low
451,25,Male,21,Connecticut,L,Beige,Summer,2.7,Yes,Yes,19,Credit Card,Monthly,Young Adult,Low
1818,32,Male,27,Delaware,M,White,Summer,4.7,No,No,20,Cash,Weekly,Young Adult,Low
1266,32,Male,79,Louisiana,M,Lavender,Spring,2.7,No,Yes,27,Bank Transfer,Weekly,Young Adult,High
4830,34,Other,61.63,Houston,,Green,Winter,2,Yes,No,22,Cash,Quarterly,Young Adult,Medium
4583,20,Other,,New York,M,Blue,Summer,,Yes,Yes,32,PayPal,Quarterly,Teen,High
2088,54,Male,91,Wisconsin,M,Blue,Summer,4.7,No,No,1,Credit Card,Weekly,Senior,High
2197,25,Male,58,Vermont,M,Gray,Spring,4.8,No,No,31,PayPal,Weekly,Young Adult,Medium
4693,60,Male,915.2,Chicago,,Green,Winter,,Yes,No,,PayPal,Monthly,Senior,High
3835,43,Female,59,Tennessee,M,Magenta,Winter,4.1,No,No,17,Cash,Quarterly,Adult,Medium
2182,22,Male,63,Hawaii,M,Black,Fall,3.2,No,No,32,Bank Transfer,Bi-Weekly,Young Adult,Medium
3423,19,Female,91,New York,L,Beige,Winter,3.2,No,No,9,Venmo,Monthly,Teen,High
569,44,Male,88,Utah,L,Red,Summer,4,Yes,Yes,36,PayPal,Monthly,Adult,High
2482,41,Male,92,New Jersey,XL,Cyan,Fall,2.9,No,No,35,Debit Card,Weekly,Adult,High
663,24,Male,98,Illinois,L,Magenta,Fall,2.8,Yes,Yes,39,Venmo,Bi-Weekly,Young Adult,High
1782,31,Male,33,Iowa,M,Pink,Fall,3.7,No,No,49,Bank Transfer,Quarterly,Young Adult,Medium
1028,33,Male,90,Ohio,L,Teal,Summer,2.8,Yes,Yes,11,Cash,Monthly,Young Adult,High
3277,39,Female,99,South Dakota,M,White,Summer,4,No,No,41,PayPal,Every 3 Months,Adult,High
4990,32,Female,76.8,Phoenix,S,Blue,Autumn,5,No,No,44,Debit Card,Monthly,Young Adult,High
496,33,Male,36,Michigan,XL,Cyan,Fall,3.3,Yes,Yes,6,Debit Card,Fortnightly,Young Adult,Medium
3026,40,Female,60,Montana,XL,Green,Summer,3.4,No,No,7,PayPal,Monthly,Adult,Medium
3539,56,Female,63,Iowa,S,White,Spring,4.5,No,No,21,Venmo,Monthly,Senior,Medium
3524,49,Female,59,Nevada,M,Cyan,Summer,2.8,No,No,30,Cash,Fortnightly,Adult,Medium
1500,19,Male,85,Georgia,S,Olive,Fall,3.4,No,Yes,24,Credit Card,Every 3 Months,Teen,High
1439,58,Male,38,Washington,M,Cyan,Spring,2.9,No,Yes,24,Debit Card,Monthly,Senior,Medium
552,29,Male,78,Idaho,XL,Green,Fall,3.1,Yes,Yes,27,Cash,Bi-Weekly,Young Adult,High
3408,46,Female,46,Alabama,S,Purple,Spring,2.6,No,No,20,Cash,Quarterly,Adult,Medium
745,67,Male,66,Illinois,S,Charcoal,Spring,4.1,Yes,Yes,42,Debit Card,Bi-Weekly,Senior,Medium
3894,21,Female,64,Massachusetts,L,White,Fall,3.3,No,No,29,Bank Transfer,Bi-Weekly,Young Adult,Medium
2655,23,Female,70,Idaho,S,Pink,Fall,4.1,No,No,4,PayPal,Annually,Young Adult,High
2093,42,Male,45,Minnesota,M,Silver,Fall,2.6,No,No,27,Bank Transfer,Weekly,Adult,Medium
1737,57,Male,61,Tennessee,M,Purple,Summer,2.6,No,No,43,Cash,Quarterly,Senior,Medium
1344,68,Male,56,Florida,M,Indigo,Spring,3.4,No,Yes,34,Bank Transfer,Monthly,Senior,Medium
4772,50,Female,,Los Angeles,L,Black,Spring,,Yes,No,18,Credit Card,Weekly,Adult,High
5040,27,Male,,Chicago,,Green,Winter,,No,No,36,Credit Card,Quarterly,Young Adult,High
2884,22,Female,48,Rhode Island,XL,Silver,Spring,3.2,No,No,10,PayPal,Weekly,Young Adult,Medium
3480,46,Female,56,New York,S,Orange,Summer,4.9,No,No,41,Cash,Monthly,Adult,Medium
3713,51,Female,72,Oregon,M,Turquoise,Spring,3.7,No,No,24,PayPal,Quarterly,Senior,High
4131,44,Male,418.13,Los Angeles,,Red,Spring,4,No,Yes,,Credit Card,Weekly,Adult,High
4140,70,Female,1281.96,New York,,White,Spring,1,No,No,,Cash,Weekly,Senior,High
2605,47,Male,54,Colorado,M,Beige,Spring,3.4,No,No,6,Debit Card,Weekly,Adult,Medium
1923,18,Male,63,Kentucky,S,Peach,Summer,4.6,No,No,9,PayPal,Monthly,Teen,Medium
2703,70,Female,37,Texas,L,Gray,Fall,4,No,No,39,Debit Card,Fortnightly,Senior,Medium
522,36,Male,41,Vermont,L,Gold,Winter,3.5,Yes,Yes,50,Bank Transfer,Annually,Adult,Medium
1196,25,Male,95,Texas,M,White,Winter,4,No,Yes,33,Venmo,Monthly,Young Adult,High
342,20,Male,20,Utah,S,Blue,Summer,4.6,Yes,Yes,40,Debit Card,Bi-Weekly,Teen,Low
3100,42,Female,98,Michigan,S,Maroon,Fall,2.9,No,No,21,Bank Transfer,Bi-Weekly,Adult,High
1535,55,Male,66,Wyoming,M,Green,Summer,3.4,No,Yes,26,Venmo,Fortnightly,Senior,Medium
3821,34,Female,65,New Hampshire,M,Purple,Winter,5,No,No,34,Debit Card,Quarterly,Young Adult,Medium
1461,70,Male,85,Pennsylvania,L,Violet,Fall,4.6,No,Yes,33,Venmo,Bi-Weekly,Senior,High
2558,70,Male,23,Oklahoma,L,Cyan,Spring,3.9,No,No,17,PayPal,Fortnightly,Senior,Low
4065,23,Male,,Phoenix,L,Blue,Autumn,,Yes,Yes,,Debit Card,Quarterly,Young Adult,High
2082,24,Male,78,Alabama,S,Cyan,Spring,4.3,No,No,48,Bank Transfer,Bi-Weekly,Young Adult,High
1871,43,Male,99,Wyoming,L,Violet,Spring,4.3,No,No,27,Debit Card,Fortnightly,Adult,High
1301,67,Male,100,West Virginia,M,Charcoal,Spring,4.5,No,Yes,47,Credit Card,Every 3 Months,Senior,High
873,56,Male,33,North Dakota,M,Pink,Spring,2.9,Yes,Yes,25,Cash,Quarterly,Senior,Medium
4031,44,Other,,New York,L,White,Spring,5,Yes,No,0,Credit Card,Monthly,Adult,High
1036,61,Male,89,Georgia,M,Brown,Fall,2.8,Yes,Yes,32,Venmo,Annually,Senior,High
3260,57,Female,95,Oklahoma,XL,Indigo,Fall,3.7,No,No,5,Debit Card,Every 3 Months,Senior,High
240,49,Male,51,Vermont,L,Yellow,Summer,2.9,Yes,Yes,47,Credit Card,Bi-Weekly,Adult,Medium
194,36,Male,100,North Dakota,S,Silver,Fall,3,Yes,Yes,29,Venmo,Annually,Adult,High
2122,43,Male,68,Alaska,M,Olive,Winter,3.5,No,No,32,Bank Transfer,Monthly,Adult,Medium
2652,51,Male,43,Tennessee,M,Cyan,Summer,4.6,No,No,27,PayPal,Quarterly,Senior,Medium
1205,67,Male,94,Florida,M,Pink,Spring,3.2,No,Yes,20,Credit Card,Every 3 Months,Senior,High
1431,48,Male,30,Michigan,S,Orange,Summer,4.9,No,Yes,3,Credit Card,Fortnightly,Adult,Medium
2113,43,Male,68,Tennessee,M,Lavender,Fall,4.5,No,No,7,Cash,Fortnightly,Adult,Medium
1983,41,Male,77,Kansas,M,Turquoise,Summer,2.7,No,No,32,PayPal,Monthly,Adult,High
5074,24,Other,275.67,Chicago,L,White,Winter,,Yes,No,,Cash,Weekly,Young Adult,High
1513,60,Male,23,Wisconsin,L,Silver,Winter,3.9,No,Yes,18,PayPal,Bi-Weekly,Senior,Low
31,57,Male,31,North Carolina,L,Black,Winter,4.7,Yes,Yes,16,Credit Card,Monthly,Senior,Medium
1712,21,Male,93,North Carolina,M,Lavender,Spring,4.7,No,No,19,Credit Card,Monthly,Young Adult,High
948,57,Male,32,Indiana,M,Charcoal,Winter,3.9,Yes,Yes,6,Cash,Every 3 Months,Senior,Medium
3488,25,Female,24,West Virginia,L,Beige,Fall,2.9,No,No,39,Bank Transfer,Annually,Young Adult,Low
4573,23,Male,1441.51,Phoenix,L,Black,Winter,,No,Yes,3,Credit Card,Quarterly,Young Adult,High
4211,58,Other,39.28,Chicago,L,Green,Summer,,Yes,No,,Credit Card,Weekly,Senior,Medium
1316,56,Male,75,Mississippi,L,Green,Spring,4.2,No,Yes,29,Debit Card,Quarterly,Senior,High
1924,64,Male,36,Nebraska,XL,Blue,Summer,4.3,No,No,7,Cash,Annually,Senior,Medium
2373,50,Male,39,Alabama,XL,Silver,Spring,3.1,No,No,9,PayPal,Fortnightly,Adult,Medium
4407,33,Male,,New York,L,White,Autumn,,Yes,Yes,,Credit Card,Monthly,Young Adult,High
4839,43,Male,1063.29,Houston,,White,Autumn,3,Yes,Yes,30,PayPal,Quarterly,Adult,High
1281,30,Male,78,Georgia,L,White,Winter,4.4,No,Yes,39,Venmo,Every 3 Months,Young Adult,High
4727,28,Other,1108.88,New York,,White,Winter,4,Yes,No,9,Credit Card,Weekly,Young Adult,High
943,26,Male,91,Arizona,M,Cyan,Winter,3.2,Yes,Yes,38,PayPal,Bi-Weekly,Young Adult,High
3237,63,Female,84,South Carolina,L,Olive,Fall,4.1,No,No,8,Cash,Monthly,Senior,High
1320,65,Male,24,Oklahoma,M,Magenta,Spring,4,No,Yes,48,Bank Transfer,Weekly,Senior,Low
4749,59,Female,576.66,Los Angeles,XL,White,Summer,,Yes,No,14,Credit Card,Weekly,Senior,High
495,38,Male,68,Indiana,M,Indigo,Winter,4.5,Yes,Yes,42,Debit Card,Weekly,Adult,Medium
5093,28,Other,,Los Angeles,,Black,Spring,,No,Yes,0,Credit Card,Monthly,Young Adult,High
857,55,Male,33,Alaska,M,Gold,Summer,3.5,Yes,Yes,47,Debit Card,Fortnightly,Senior,Medium
2611,66,Male,93,West Virginia,M,Violet,Spring,3.1,No,No,25,Cash,Quarterly,Senior,High
1013,28,Male,37,New Mexico,L,Teal,Summer,3.8,Yes,Yes,27,Credit Card,Annually,Young Adult,Medium
3196,68,Female,58,Missouri,S,Red,Spring,4.9,No,No,36,Credit Card,Quarterly,Senior,Medium
1603,54,Male,48,West Virginia,S,Charcoal,Winter,2.8,No,Yes,13,Venmo,Fortnightly,Senior,Medium
2782,65,Female,39,Mississippi,M,Blue,Spring,4.6,No,No,33,PayPal,Weekly,Senior,Medium
1660,53,Male,37,Utah,M,Black,Fall,3.9,No,Yes,44,Venmo,Annually,Senior,Medium
2143,47,Male,39,North Dakota,M,Maroon,Winter,4.3,No,No,21,Venmo,Quarterly,Adult,Medium
4187,44,Male,,Los Angeles,XL,Green,Summer,,Yes,Yes,16,Credit Card,Monthly,Adult,High
1053,60,Male,36,Virginia,XL,Pink,Fall,3,Yes,Yes,1,Credit Card,Fortnightly,Senior,Medium
2720,69,Female,82,Louisiana,S,Peach,Fall,4.2,No,No,4,Bank Transfer,Monthly,Senior,High
4735,56,Other,,Houston,M,Blue,Summer,4,Yes,No,31,Debit Card,Weekly,Senior,High
2589,44,Male,49,Delaware,M,Peach,Summer,3.2,No,No,38,Venmo,Bi-Weekly,Adult,Medium
4858,20,Other,808.22,Chicago,,Black,Winter,5,No,Yes,40,Cash,Weekly,Teen,High
4536,41,Male,202.12,New York,L,Blue,Summer,2,No,No,,Cash,Weekly,Adult,High
5076,53,Male,12.41,Los Angeles,M,White,Summer,5,No,Yes,50,Credit Card,Monthly,Senior,Low
590,28,Male,70,Minnesota,M,Orange,Fall,3.4,Yes,Yes,40,PayPal,Annually,Young Adult,High
4429,42,Other,,Phoenix,,Blue,Spring,1,Yes,Yes,,Debit Card,Weekly,Adult,High
128,24,Male,89,Mississippi,M,Gray,Winter,4.8,Yes,Yes,26,Credit Card,Weekly,Young Adult,High
1870,18,Male,77,West Virginia,S,Beige,Spring,3.9,No,No,16,Debit Card,Every 3 Months,Teen,High
1948,59,Male,32,New York,M,Gray,Summer,2.6,No,No,2,PayPal,Monthly,Senior,Medium
932,24,Male,36,Nebraska,M,Silver,Winter,4.1,Yes,Yes,24,Bank Transfer,Fortnightly,Young Adult,Medium
3299,65,Female,73,New Mexico,M,Brown,Fall,3.5,No,No,6,Bank Transfer,Every 3 Months,Senior,High
2819,46,Female,73,California,M,Turquoise,Fall,4.7,No,No,12,Debit Card,Annually,Adult,High
2715,53,Female,45,Iowa,S,Olive,Winter,3.6,No,No,16,Credit Card,Bi-Weekly,Senior,Medium
208,62,Male,91,Rhode Island,M,Silver,Summer,2.9,Yes,Yes,17,Bank Transfer,Bi-Weekly,Senior,High
2234,38,Male,31,Florida,XL,Gray,Summer,4.5,No,No,48,Credit Card,Monthly,Adult,Medium
3055,42,Female,70,New Hampshire,S,Magenta,Summer,4.9,No,No,34,Venmo,Monthly,Adult,High
1457,59,Male,100,Montana,S,Olive,Spring,2.7,No,Yes,30,PayPal,Every 3 Months,Senior,High
2467,32,Male,84,South Dakota,S,Pink,Summer,3.7,No,No,37,Cash,Annually,Young Adult,High
2833,29,Female,37,Maryland,M,Magenta,Summer,4.6,No,No,40,PayPal,Quarterly,Young Adult,Medium
2006,18,Male,82,Tennessee,M,Cyan,Winter,3.4,No,No,30,PayPal,Fortnightly,Teen,High
1597,42,Male,30,Mississippi,S,Pink,Fall,4.7,No,Yes,15,Debit Card,Monthly,Adult,Medium
1803,57,Male,96,Rhode Island,L,Turquoise,Winter,2.6,No,No,31,Venmo,Bi-Weekly,Senior,High
2012,57,Male,94,West Virginia,M,Beige,Spring,3.7,No,No,4,Bank Transfer,Monthly,Senior,High
4826,66,Other,525.18,Houston,M,White,Autumn,5,No,Yes,50,PayPal,Quarterly,Senior,High
3736,38,Female,44,Massachusetts,L,Orange,Spring,3.1,No,No,29,PayPal,Annually,Adult,Medium
1549,69,Male,32,Maryland,M,Silver,Summer,3.7,No,Yes,43,Bank Transfer,Weekly,Senior,Medium
87,24,Male,41,Nevada,L,Pink,Spring,3.7,Yes,Yes,47,Cash,Bi-Weekly,Young Adult,Medium
4547,66,Female,,Phoenix,,Green,Spring,4,Yes,Yes,30,Credit Card,Quarterly,Senior,High
4580,53,Other,492.76,Houston,L,Green,Summer,3,No,No,22,Credit Card,Quarterly,Senior,High
646,62,Male,42,Oklahoma,S,Purple,Summer,4.2,Yes,Yes,15,Venmo,Bi-Weekly,Senior,Medium
2527,47,Male,28,Rhode Island,S,Peach,Spring,3.4,No,No,30,PayPal,Bi-Weekly,Adult,Low
2714,19,Female,57,Mississippi,M,Magenta,Fall,3.8,No,No,20,Debit Card,Annually,Teen,Medium
4403,70,Other,583.34,New York,L,Green,Winter,,Yes,No,20,PayPal,Weekly,Senior,High
2080,32,Male,24,Montana,L,Violet,Summer,3.1,No,No,16,PayPal,Quarterly,Young Adult,Low
2107,60,Male,34,Vermont,M,Gray,Fall,4.4,No,No,40,Credit Card,Every 3 Months,Senior,Medium
3796,45,Female,92,Arkansas,M,Charcoal,Spring,2.5,No,No,3,Cash,Weekly,Adult,High
1675,35,Male,56,Alaska,M,Peach,Winter,3.2,No,Yes,10,Debit Card,Fortnightly,Young Adult,Medium
3071,52,Female,26,Alabama,XL,Red,Fall,2.6,No,No,43,PayPal,Bi-Weekly,Senior,Low
4181,34,Female,10.12,Los Angeles,,Blue,Spring,1,No,Yes,7,Credit Card,Monthly,Young Adult,Low
1082,62,Male,30,Idaho,XL,Brown,Spring,4.5,No,Yes,45,Credit Card,Annually,Senior,Medium
262,21,Male,77,California,L,Magenta,Winter,4.9,Yes,Yes,21,Credit Card,Annually,Young Adult,High
2528,19,Male,36,Illinois,M,Gold,Fall,3.6,No,No,33,Bank Transfer,Every 3 Months,Teen,Medium
2763,58,Female,41,Georgia,M,Charcoal,Fall,3.8,No,No,10,Debit Card,Every 3 Months,Senior,Medium
1131,67,Male,41,Kentucky,M,Lavender,Summer,3.9,No,Yes,30,PayPal,Bi-Weekly,Senior,Medium
4376,64,Female,875.62,Phoenix,M,Red,Autumn,,No,No,,Credit Card,Monthly,Senior,High
2380,40,Male,77,South Dakota,M,Peach,Spring,4,No,No,22,Debit Card,Monthly,Adult,High
1242,58,Male,51,Hawaii,XL,Pink,Winter,3.1,No,Yes,34,Credit Card,Weekly,Senior,Medium
4702,26,Female,,Houston,L,Black,Spring,5,Yes,No,30,PayPal,Monthly,Young Adult,High
3091,29,Female,36,Texas,M,Peach,Summer,4.9,No,No,15,Bank Transfer,Quarterly,Young Adult,Medium
1957,70,Male,37,Oklahoma,M,Pink,Winter,4.9,No,No,20,Credit Card,Fortnightly,Senior,Medium
921,37,Male,81,Arkansas,XL,Gold,Summer,4.3,Yes,Yes,37,Cash,Weekly,Adult,High
2924,28,Female,70,Pennsylvania,M,Magenta,Spring,4.2,No,No,12,Cash,Quarterly,Young Adult,High
4521,31,Other,,Houston,,Black,Spring,5,No,No,7,PayPal,Weekly,Young Adult,High
3131,52,Female,20,Vermont,M,Yellow,Summer,4.5,No,No,34,Venmo,Every 3 Months,Senior,Low
2231,52,Male,36,Colorado,S,Teal,Spring,3.8,No,No,33,Venmo,Fortnightly,Senior,Medium
460,63,Male,30,Maryland,L,Black,Winter,3.8,Yes,Yes,27,PayPal,Fortnightly,Senior,Medium
2246,49,Male,90,Delaware,L,Gray,Fall,4.9,No,No,45,PayPal,Fortnightly,Adult,High
276,48,Male,85,Virginia,XL,Lavender,Winter,4,Yes,Yes,13,Credit Card,Weekly,Adult,High
866,64,Male,26,Colorado,L,Charcoal,Winter,4.8,Yes,Yes,23,Venmo,Annually,Senior,Low
86,53,Male,95,New Mexico,M,Charcoal,Winter,4.5,Yes,Yes,2,Debit Card,Bi-Weekly,Senior,High
3094,29,Female,63,Pennsylvania,L,Red,Summer,4.8,No,No,17,Cash,Every 3 Months,Young Adult,Medium
2593,23,Male,23,Iowa,XL,Peach,Summer,4.4,No,No,13,Venmo,Quarterly,Young Adult,Low
3757,64,Female,69,South Carolina,L,Teal,Spring,4.8,No,No,42,Debit Card,Bi-Weekly,Senior,Medium
3431,67,Female,73,Montana,M,Lavender,Winter,4.2,No,No,17,Bank Transfer,Every 3 Months,Senior,High
971,45,Male,66,California,S,Maroon,Winter,4.4,Yes,Yes,4,Cash,Monthly,Adult,Medium
2531,25,Male,98,Massachusetts,S,Cyan,Spring,3.6,No,No,28,Debit Card,Weekly,Young Adult,High
3462,51,Female,23,Wyoming,S,Maroon,Spring,4.4,No,No,47,Cash,Quarterly,Senior,Low
4779,36,Other,1340.78,New York,,Black,Winter,,Yes,No,50,Cash,Quarterly,Adult,High
1591,54,Male,80,Wisconsin,S,Pink,Winter,3,No,Yes,8,PayPal,Annually,Senior,High
2066,27,Male,40,Oregon,M,Blue,Spring,2.9,No,No,6,Bank Transfer,Bi-Weekly,Young Adult,Medium
2455,32,Male,72,Alaska,M,Magenta,Winter,4.6,No,No,33,Venmo,Annually,Young Adult,High
1188,56,Male,89,Iowa,L,Maroon,Fall,3,No,Yes,37,Credit Card,Every 3 Months,Senior,High
3503,31,Female,62,Massachusetts,M,Green,Fall,4.7,No,No,26,Bank Transfer,Quarterly,Young Adult,Medium
973,61,Male,61,Colorado,L,Gold,Winter,3,Yes,Yes,33,Credit Card,Weekly,Senior,Medium
1763,36,Male,42,Idaho,M,Brown,Summer,3.1,No,No,41,Bank Transfer,Fortnightly,Adult,Medium
901,54,Male,98,West Virginia,L,Gray,Fall,3.3,Yes,Yes,42,Bank Transfer,Quarterly,Senior,High
4206,57,Female,,Houston,,Blue,Spring,,No,No,,Cash,Quarterly,Senior,High
1177,36,Male,83,Oregon,M,Red,Winter,,No,Yes,39,PayPal,Quarterly,Adult,High
2423,30,Male,82,Georgia,M,Peach,Winter,4.8,No,No,45,Credit Card,Weekly,Young Adult,High
4265,63,Other,708.58,Houston,S,Green,Spring,2,Yes,Yes,,Debit Card,Monthly,Senior,High
372,27,Male,83,North Carolina,S,Pink,Winter,3.2,Yes,Yes,47,PayPal,Monthly,Young Adult,High
3399,54,Female,60,Montana,L,Pink,Winter,3.8,No,No,44,Cash,Fortnightly,Senior,Medium
1372,40,Male,64,Mississippi,M,Charcoal,Spring,2.8,No,Yes,42,Credit Card,Monthly,Adult,Medium
189,50,Male,53,Arkansas,M,Pink,Spring,3.1,Yes,Yes,5,Bank Transfer,Bi-Weekly,Adult,Medium
3084,22,Female,20,Illinois,S,Purple,Summer,3.5,No,No,28,PayPal,Quarterly,Young Adult,Low
650,53,Male,93,Delaware,L,Orange,Spring,4.2,Yes,Yes,33,PayPal,Every 3 Months,Senior,High
4294,25,Other,,Houston,,Red,Spring,,No,Yes,20,Cash,Quarterly,Young Adult,High
1888,64,Male,44,North Dakota,XL,Gold,Fall,3.5,No,No,3,PayPal,Monthly,Senior,Medium
4393,48,Male,,Houston,,White,Autumn,,No,Yes,43,Debit Card,Weekly,Adult,High
1146,31,Male,89,Nevada,L,Pink,Summer,3,No,Yes,30,Cash,Every 3 Months,Young Adult,High
3236,27,Female,68,Kansas,M,Green,Summer,4,No,No,18,Venmo,Monthly,Young Adult,Medium
4982,66,Female,,Los Angeles,M,White,Spring,,Yes,Yes,,Credit Card,Weekly,Senior,High
2672,37,Female,64,Alabama,XL,Gray,Winter,4.8,No,No,41,PayPal,Every 3 Months,Adult,Medium
3344,24,Female,31,Kentucky,XL,Green,Winter,3.6,No,No,6,Cash,Bi-Weekly,Young Adult,Medium
2824,26,Female,63,Utah,M,Olive,Summer,4.5,No,No,47,Debit Card,Bi-Weekly,Young Adult,Medium
4216,56,Female,713.42,Los Angeles,M,Red,Summer,,Yes,No,8,PayPal,Monthly,Senior,High
2371,51,Male,71,Alaska,M,Black,Spring,3.9,No,No,38,Venmo,Weekly,Senior,High
4112,51,Female,1232,Phoenix,,Blue,Winter,,Yes,No,,Debit Card,Monthly,Senior,High
4490,34,Female,,New York,,White,Summer,5,Yes,No,10,PayPal,Monthly,Young Adult,High
308,29,Male,32,Florida,M,Orange,Winter,3.2,Yes,Yes,3,Credit Card,Every 3 Months,Young Adult,Medium
3152,52,Female,64,New Mexico,L,Orange,Fall,3.1,No,No,47,Bank Transfer,Quarterly,Senior,Medium
543,27,Male,79,Illinois,XL,Teal,Spring,4.6,Yes,Yes,35,Cash,Bi-Weekly,Young Adult,High
2920,64,Female,67,Minnesota,L,Charcoal,Winter,3.8,No,No,31,Debit Card,Monthly,Senior,Medium
3663,69,Female,80,Rhode Island,M,Indigo,Spring,4.9,No,No,11,Debit Card,Weekly,Senior,High
859,19,Male,26,Oklahoma,L,Olive,Fall,3.1,Yes,Yes,33,PayPal,Weekly,Teen,Low
1422,68,Male,100,Pennsylvania,S,Gold,Spring,3,No,Yes,24,Bank Transfer,Fortnightly,Senior,High
1085,34,Male,36,Arkansas,S,Purple,Fall,4.1,No,Yes,48,Cash,Quarterly,Young Adult,Medium
1121,22,Male,84,Pennsylvania,M,Magenta,Winter,4,No,Yes,40,Debit Card,Monthly,Young Adult,High
2984,60,Female,44,West Virginia,M,Charcoal,Winter,2.8,No,No,1,Credit Card,Quarterly,Senior,Medium
2657,52,Female,76,Indiana,L,Yellow,Winter,3.6,No,No,29,Bank Transfer,Fortnightly,Senior,High
2288,66,Male,45,Nebraska,L,Green,Summer,3,No,No,6,Debit Card,Annually,Senior,Medium
647,51,Male,54,Indiana,XL,Pink,Spring,4.9,Yes,Yes,19,Venmo,Bi-Weekly,Senior,Medium
839,33,Male,29,Kentucky,M,Gray,Spring,4.3,Yes,Yes,49,Credit Card,Annually,Young Adult,Low
2180,49,Male,82,Delaware,L,Lavender,Fall,2.9,No,No,14,PayPal,Monthly,Adult,High
868,37,Male,20,Colorado,M,Turquoise,Spring,3.1,Yes,Yes,23,Bank Transfer,Fortnightly,Adult,Low
1653,65,Male,35,New Mexico,M,Orange,Summer,4,No,Yes,1,Bank Transfer,Fortnightly,Senior,Medium
17,25,Male,36,Alabama,S,Gray,Spring,4.1,Yes,Yes,44,Debit Card,Bi-Weekly,Young Adult,Medium
2493,50,Male,96,South Dakota,S,Silver,Summer,4.1,No,No,34,Bank Transfer,Bi-Weekly,Adult,High
292,57,Male,26,Delaware,XL,Violet,Fall,3.3,Yes,Yes,40,Bank Transfer,Monthly,Senior,Low
4008,33,Other,,New York,XL,Black,Autumn,4,No,No,41,PayPal,Weekly,Young Adult,High
3315,55,Female,94,Kansas,M,Violet,Spring,3.3,No,No,8,Credit Card,Quarterly,Senior,High
4379,70,Female,,Los Angeles,,Green,Summer,4,Yes,Yes,38,PayPal,Monthly,Senior,High
4098,60,Male,575.16,Phoenix,,Black,Spring,,No,No,,Debit Card,Quarterly,Senior,High
3374,70,Female,52,Minnesota,M,Purple,Spring,3.5,No,No,12,Debit Card,Every 3 Months,Senior,Medium
1697,31,Male,69,West Virginia,S,Turquoise,Spring,4,No,No,7,Credit Card,Bi-Weekly,Young Adult,Medium
4831,66,Female,,Phoenix,L,Black,Spring,,No,Yes,,Credit Card,Monthly,Senior,High
2198,33,Male,88,Pennsylvania,M,Indigo,Summer,3.7,No,No,40,Venmo,Monthly,Young Adult,High
704,63,Male,87,Connecticut,L,Pink,Summer,3,Yes,Yes,21,Venmo,Weekly,Senior,High
2771,50,Female,44,Nebraska,S,Blue,Fall,3.3,No,No,22,Bank Transfer,Quarterly,Adult,Medium
1629,45,Male,64,Massachusetts,S,Teal,Winter,3.1,No,Yes,7,Cash,Monthly,Adult,Medium
2210,42,Male,20,Utah,XL,Beige,Summer,4.5,No,No,44,Bank Transfer,Quarterly,Adult,Low
2825,39,Female,90,Utah,M,Purple,Fall,4,No,No,49,Debit Card,Quarterly,Adult,High
3748,26,Female,53,Rhode Island,L,Olive,Spring,4.3,No,No,32,Bank Transfer,Bi-Weekly,Young Adult,Medium
980,64,Male,33,New Hampshire,S,Brown,Fall,3.5,Yes,Yes,34,Debit Card,Monthly,Senior,Medium
4733,26,Female,,New York,XL,Red,Spring,,No,No,29,Credit Card,Monthly,Young Adult,High
1182,61,Male,96,New York,L,Teal,Summer,3.5,No,Yes,43,Bank Transfer,Quarterly,Senior,High
355,58,Male,76,Pennsylvania,S,Olive,Fall,3,Yes,Yes,42,Venmo,Weekly,Senior,High
3068,70,Female,22,Missouri,S,Gray,Spring,3.5,No,No,2,Cash,Weekly,Senior,Low
1136,65,Male,90,Massachusetts,L,Peach,Winter,3.6,No,Yes,32,Bank Transfer,Quarterly,Senior,High
5006,52,Male,1397.54,New York,L,Black,Winter,,No,No,,Credit Card,Quarterly,Senior,High
193,46,Male,29,Nebraska,L,Turquoise,Summer,2.9,Yes,Yes,12,PayPal,Bi-Weekly,Adult,Low
3161,28,Female,87,Nebraska,XL,Turquoise,Fall,3.8,No,No,37,Cash,Fortnightly,Young Adult,High
1751,31,Male,85,Missouri,M,White,Fall,3.1,No,No,38,Venmo,Every 3 Months,Young Adult,High
484,23,Male,73,Oklahoma,M,White,Fall,3.9,Yes,Yes,12,Debit Card,Weekly,Young Adult,High
1203,48,Male,29,Maryland,S,Olive,Spring,2.9,No,Yes,14,Venmo,Every 3 Months,Adult,Low
2042,66,Male,32,New York,S,Lavender,Winter,3.2,No,No,14,PayPal,Bi-Weekly,Senior,Medium
4408,19,Male,1456.31,Los Angeles,,Green,Summer,5,Yes,Yes,,Cash,Weekly,Teen,High
4508,50,Male,,Los Angeles,,White,Winter,,No,No,21,Debit Card,Monthly,Adult,High
490,49,Male,85,South Dakota,M,Green,Summer,3.2,Yes,Yes,40,PayPal,Annually,Adult,High
2358,53,Male,67,Michigan,L,Cyan,Fall,4.2,No,No,40,Credit Card,Bi-Weekly,Senior,Medium
4986,42,Male,561.64,New York,S,Black,Winter,2,No,Yes,,PayPal,Monthly,Adult,High
2571,36,Male,27,New Mexico,XL,Olive,Spring,4,No,No,12,PayPal,Fortnightly,Adult,Low
3087,47,Female,73,Utah,M,Lavender,Summer,3.5,No,No,26,Venmo,Every 3 Months,Adult,High
1779,49,Male,94,Texas,M,Red,Winter,4.9,No,No,8,Debit Card,Bi-Weekly,Adult,High
1212,23,Male,94,Oklahoma,M,Green,Spring,4.6,No,Yes,14,Venmo,Every 3 Months,Young Adult,High
2057,55,Male,46,Minnesota,L,Blue,Spring,4.4,No,No,29,PayPal,Monthly,Senior,Medium
3302,36,Female,58,Oklahoma,XL,Charcoal,Summer,2.5,No,No,31,Credit Card,Fortnightly,Adult,Medium
2089,39,Male,89,California,L,Orange,Spring,4,No,No,49,Debit Card,Annually,Adult,High
1227,53,Male,91,Ohio,S,Cyan,Fall,3.4,No,Yes,18,Venmo,Bi-Weekly,Senior,High
4771,51,Female,124.66,New York,,White,Autumn,,No,No,3,Cash,Weekly,Senior,High
2272,29,Male,99,Alaska,M,Green,Summer,3.4,No,No,49,PayPal,Quarterly,Young Adult,High
3869,18,Female,29,Maryland,XL,Magenta,Winter,3.3,No,No,9,Cash,Annually,Teen,Low
4978,62,Other,,Phoenix,M,White,Spring,4,Yes,No,,Cash,Weekly,Senior,High
4965,41,Female,,Los Angeles,S,Green,Autumn,4,Yes,Yes,,Credit Card,Monthly,Adult,High
950,33,Male,36,Montana,M,Olive,Summer,3.4,Yes,Yes,49,Venmo,Monthly,Young Adult,Medium
581,49,Male,80,Iowa,M,Orange,Spring,4.1,Yes,Yes,10,PayPal,Weekly,Adult,High
1956,50,Male,56,Maine,M,Pink,Winter,4.9,No,No,37,Cash,Monthly,Adult,Medium
4755,36,Female,,New York,M,Green,Spring,,Yes,No,50,Credit Card,Quarterly,Adult,High
268,64,Male,54,Maryland,M,Olive,Spring,3.9,Yes,Yes,42,Venmo,Annually,Senior,Medium
4527,66,Male,1074.63,Chicago,,White,Winter,3,Yes,No,,Cash,Monthly,Senior,High
3533,61,Female,68,Connecticut,L,Indigo,Fall,4.6,No,No,12,Credit Card,Annually,Senior,Medium
257,58,Male,30,South Dakota,XL,Violet,Spring,4.7,Yes,Yes,20,Credit Card,Every 3 Months,Senior,Medium
695,41,Male,21,Kentucky,S,Charcoal,Fall,3.5,Yes,Yes,38,Venmo,Every 3 Months,Adult,Low
1814,40,Male,62,Illinois,M,Olive,Spring,3.5,No,No,24,PayPal,Weekly,Adult,Medium
3352,43,Female,49,New Hampshire,L,Cyan,Spring,4.2,No,No,18,Bank Transfer,Fortnightly,Adult,Medium
4286,54,Other,,Houston,M,White,Spring,5,No,Yes,,PayPal,Monthly,Senior,High
3683,42,Female,60,Wyoming,M,Maroon,Fall,4.6,No,No,46,Venmo,Bi-Weekly,Adult,Medium
4056,39,Other,,New York,,Green,Winter,,Yes,Yes,,Cash,Quarterly,Adult,High
4168,35,Female,,Houston,S,Red,Winter,,No,No,,Credit Card,Weekly,Young Adult,High
3884,34,Female,38,North Dakota,XL,Purple,Fall,4,No,No,22,Cash,Fortnightly,Young Adult,Medium
1764,37,Male,93,Vermont,M,Lavender,Winter,3.9,No,No,28,PayPal,Annually,Adult,High
1119,49,Male,65,Indiana,M,Purple,Summer,4.9,No,Yes,11,PayPal,Every 3 Months,Adult,Medium
2680,53,Female,68,Montana,S,Yellow,Spring,3.8,No,No,7,Debit Card,Quarterly,Senior,Medium
3541,24,Female,95,Nevada,M,Magenta,Spring,4.6,No,No,5,Bank Transfer,Weekly,Young Adult,High
2332,61,Male,77,Illinois,S,Olive,Spring,4.3,No,No,10,Credit Card,Bi-Weekly,Senior,High
5020,25,Male,,Phoenix,M,Blue,Summer,4,Yes,No,,Debit Card,Monthly,Young Adult,High
814,54,Male,45,Montana,S,Olive,Summer,2.9,Yes,Yes,14,Debit Card,Annually,Senior,Medium
3407,57,Female,79,Nebraska,M,Red,Spring,4,No,No,24,Venmo,Quarterly,Senior,High
20,66,Male,90,Rhode Island,M,Green,Summer,3.3,Yes,Yes,46,Debit Card,Bi-Weekly,Senior,High
4944,52,Female,1124.29,Houston,M,Red,Summer,2,Yes,Yes,0,PayPal,Monthly,Senior,High
3351,45,Female,33,Mississippi,S,Olive,Fall,4.9,No,No,15,Cash,Bi-Weekly,Adult,Medium
1491,66,Male,52,Louisiana,L,Olive,Spring,4.9,No,Yes,15,Venmo,Bi-Weekly,Senior,Medium
1772,46,Male,82,Indiana,XL,Turquoise,Fall,4.7,No,No,9,Credit Card,Annually,Adult,High
5097,37,Male,150.47,Houston,,Green,Summer,,Yes,No,10,Debit Card,Monthly,Adult,High
2907,58,Female,27,Virginia,M,Indigo,Spring,3.9,No,No,7,Venmo,Annually,Senior,Low
3626,44,Female,99,Illinois,L,Green,Winter,4.4,No,No,32,PayPal,Weekly,Adult,High
545,34,Male,64,Washington,S,Yellow,Summer,3.3,Yes,Yes,30,Bank Transfer,Every 3 Months,Young Adult,Medium
4549,51,Male,,Los Angeles,S,White,Winter,,Yes,Yes,,Debit Card,Weekly,Senior,High
683,23,Male,29,Missouri,M,Brown,Summer,4,Yes,Yes,49,Credit Card,Bi-Weekly,Young Adult,Low
2063,54,Male,63,South Carolina,L,Silver,Fall,2.8,No,No,15,Cash,Quarterly,Senior,Medium
3375,22,Female,47,Nevada,S,Lavender,Spring,3.7,No,No,41,Debit Card,Annually,Young Adult,Medium
1155,49,Male,82,Georgia,L,Cyan,Spring,2.9,No,Yes,44,Credit Card,Bi-Weekly,Adult,High
4913,67,Other,,Phoenix,,Black,Spring,1,Yes,No,35,PayPal,Monthly,Senior,High
4340,40,Female,,Chicago,XL,Red,Spring,,Yes,Yes,,Credit Card,Weekly,Adult,High
2125,47,Male,60,Rhode Island,M,Teal,Fall,4.2,No,No,22,Venmo,Quarterly,Adult,Medium
4166,35,Male,251.11,Chicago,S,Black,Winter,,Yes,No,,PayPal,Weekly,Young Adult,High
1571,30,Male,41,Missouri,L,Brown,Winter,4.8,No,Yes,3,Bank Transfer,Every 3 Months,Young Adult,Medium
4283,66,Male,,New York,L,Green,Autumn,3,Yes,Yes,,PayPal,Monthly,Senior,High
4274,34,Female,996.93,New York,,White,Winter,,No,No,42,Debit Card,Weekly,Young Adult,High
4640,62,Male,,New York,M,Black,Summer,,No,Yes,9,Debit Card,Monthly,Senior,High
4203,35,Male,,Los Angeles,L,Green,Summer,3,Yes,No,,Debit Card,Quarterly,Young Adult,High
1009,41,Male,85,New Mexico,M,Pink,Spring,2.6,Yes,Yes,29,PayPal,Annually,Adult,High
3392,47,Female,57,Montana,M,Silver,Fall,3.7,No,No,6,Debit Card,Every 3 Months,Adult,Medium
3250,26,Female,83,Virginia,M,Pink,Summer,3.4,No,No,32,Credit Card,Quarterly,Young Adult,High
4515,60,Male,,Houston,,Blue,Summer,,Yes,No,22,Debit Card,Quarterly,Senior,High
2682,23,Female,23,Massachusetts,L,Olive,Summer,4.8,No,No,17,Debit Card,Monthly,Young Adult,Low
1517,20,Male,68,Nevada,L,Indigo,Winter,4.5,No,Yes,5,Bank Transfer,Bi-Weekly,Teen,Medium
2422,37,Male,46,Minnesota,L,Pink,Spring,4.6,No,No,2,Debit Card,Every 3 Months,Adult,Medium
2734,31,Female,83,North Carolina,M,Magenta,Summer,4.7,No,No,46,PayPal,Annually,Young Adult,High
3401,39,Female,51,Nevada,M,Lavender,Fall,4.8,No,No,18,Venmo,Fortnightly,Adult,Medium
1530,20,Male,63,Georgia,M,Lavender,Winter,3.1,No,Yes,48,Credit Card,Bi-Weekly,Teen,Medium
2767,66,Female,91,Tennessee,M,Cyan,Winter,2.8,No,No,47,Credit Card,Monthly,Senior,High
4918,42,Female,1326.78,New York,S,Black,Autumn,5,Yes,No,38,Cash,Monthly,Adult,High
4778,24,Female,,Phoenix,L,Blue,Spring,,No,Yes,,PayPal,Monthly,Young Adult,High
14,65,Male,51,New Hampshire,M,Violet,Spring,4.7,Yes,Yes,31,PayPal,Weekly,Senior,Medium
1333,66,Male,60,Alaska,S,Gold,Spring,4.3,No,Yes,16,Bank Transfer,Quarterly,Senior,Medium
3565,60,Female,38,Illinois,S,Brown,Summer,4.4,No,No,40,Venmo,Annually,Senior,Medium
1806,41,Male,62,Arizona,L,Gold,Spring,4.9,No,No,46,Debit Card,Weekly,Adult,Medium
3786,64,Female,94,New Hampshire,L,Lavender,Winter,3.8,No,No,6,Cash,Monthly,Senior,High
910,61,Male,56,Louisiana,L,Silver,Fall,2.7,Yes,Yes,36,PayPal,Weekly,Senior,Medium
3671,31,Female,50,Vermont,S,White,Winter,3.8,No,No,4,PayPal,Every 3 Months,Young Adult,Medium
3411,50,Female,76,Ohio,L,Teal,Summer,4.3,No,No,38,Bank Transfer,Bi-Weekly,Adult,High
371,59,Male,34,Oregon,M,Olive,Winter,3.4,Yes,Yes,13,PayPal,Weekly,Senior,Medium
983,35,Male,62,Texas,S,Red,Summer,3.2,Yes,Yes,37,PayPal,Monthly,Young Adult,Medium
3806,48,Female,57,New Jersey,M,Green,Fall,3.1,No,No,31,Credit Card,Quarterly,Adult,Medium
2580,65,Male,20,Minnesota,M,Purple,Summer,3.7,No,No,40,Venmo,Weekly,Senior,Low
2668,48,Female,47,Maryland,M,Orange,Summer,4.1,No,No,31,Cash,Fortnightly,Adult,Medium
4475,31,Other,849.62,Los Angeles,,Black,Winter,5,Yes,Yes,,Cash,Monthly,Young Adult,High
4022,39,Female,,Phoenix,,Green,Summer,4,No,Yes,34,Debit Card,Weekly,Adult,High
5056,38,Female,210.55,Phoenix,,White,Autumn,3,No,No,,PayPal,Quarterly,Adult,High
3673,51,Female,81,New York,S,Pink,Fall,4.5,No,No,7,PayPal,Monthly,Senior,High
805,43,Male,47,Mississippi,M,Maroon,Summer,2.6,Yes,Yes,28,Venmo,Quarterly,Adult,Medium
1703,54,Male,83,Alabama,XL,Yellow,Summer,5,No,No,48,Bank Transfer,Weekly,Senior,High
126,49,Male,54,California,M,Indigo,Winter,3.6,Yes,Yes,45,Venmo,Every 3 Months,Adult,Medium
2391,65,Male,64,Arizona,XL,Yellow,Winter,4.6,No,No,24,Debit Card,Fortnightly,Senior,Medium
4392,54,Female,546.56,Houston,S,Blue,Summer,1,No,No,46,PayPal,Weekly,Senior,High
1959,39,Male,67,Nevada,M,Gray,Winter,2.7,No,No,47,Cash,Quarterly,Adult,Medium
1034,19,Male,52,Montana,S,Silver,Spring,4.6,Yes,Yes,41,Bank Transfer,Quarterly,Teen,Medium
1480,48,Male,100,Washington,L,Black,Spring,4,No,Yes,2,Bank Transfer,Weekly,Adult,High
3829,42,Female,82,Mississippi,M,Charcoal,Spring,3.4,No,No,8,Cash,Weekly,Adult,High
4331,66,Female,,Phoenix,L,Black,Autumn,3,Yes,No,,Cash,Weekly,Senior,High
3743,56,Female,80,Maryland,M,Gray,Fall,4.4,No,No,50,Credit Card,Bi-Weekly,Senior,High
362,65,Male,96,Nevada,M,White,Spring,2.6,Yes,Yes,45,Cash,Annually,Senior,High
3253,69,Female,21,Montana,L,Brown,Spring,2.7,No,No,48,Credit Card,Fortnightly,Senior,Low
5064,20,Other,133.72,Los Angeles,S,Blue,Spring,,No,Yes,,Cash,Quarterly,Teen,High
3022,65,Female,77,Pennsylvania,S,Blue,Summer,4.5,No,No,47,Cash,Quarterly,Senior,High
1383,68,Male,55,Michigan,L,Brown,Winter,4.8,No,Yes,16,Bank Transfer,Quarterly,Senior,Medium
789,50,Male,51,Rhode Island,XL,Yellow,Summer,3.8,Yes,Yes,18,Bank Transfer,Quarterly,Adult,Medium
679,27,Male,74,Maine,M,Teal,Fall,3.3,Yes,Yes,25,Debit Card,Every 3 Months,Young Adult,High
589,47,Male,60,South Dakota,M,Violet,Fall,3,Yes,Yes,9,Debit Card,Quarterly,Adult,Medium
412,59,Male,29,Michigan,M,Indigo,Summer,2.8,Yes,Yes,15,PayPal,Annually,Senior,Low
1310,32,Male,21,Hawaii,L,Lavender,Summer,4.7,No,Yes,41,Cash,Quarterly,Young Adult,Low
642,47,Male,78,Alaska,M,Red,Winter,3.9,Yes,Yes,23,Credit Card,Every 3 Months,Adult,High
2183,42,Male,99,New Mexico,M,Maroon,Winter,2.7,No,No,26,Venmo,Bi-Weekly,Adult,High
865,51,Male,59,Kentucky,S,Charcoal,Winter,3.9,Yes,Yes,5,PayPal,Annually,Senior,Medium
2584,69,Male,93,Oklahoma,M,Lavender,Fall,2.5,No,No,9,Cash,Weekly,Senior,High
2778,52,Female,24,Idaho,M,Magenta,Fall,4.8,No,No,28,Credit Card,Every 3 Months,Senior,Low
781,34,Male,26,New York,M,Turquoise,Spring,3.6,Yes,Yes,38,Cash,Quarterly,Young Adult,Low
4639,63,Other,242.07,New York,M,Blue,Summer,,No,Yes,,Cash,Quarterly,Senior,High
2044,47,Male,33,New York,M,Charcoal,Summer,2.7,No,No,49,PayPal,Weekly,Adult,Medium
4201,18,Female,628.28,Phoenix,,Black,Spring,4,Yes,No,15,Cash,Quarterly,Teen,High
831,41,Male,76,Wyoming,M,Maroon,Fall,4.2,Yes,Yes,5,Credit Card,Annually,Adult,High
3873,41,Female,94,New Hampshire,M,Green,Spring,4.3,No,No,3,Cash,Monthly,Adult,High
2360,19,Male,81,Pennsylvania,S,Gold,Spring,3.3,No,No,44,Bank Transfer,Every 3 Months,Teen,High
1217,62,Male,32,Utah,XL,Lavender,Summer,3.7,No,Yes,3,Venmo,Every 3 Months,Senior,Medium
4185,29,Female,1025.93,Houston,L,Blue,Summer,1,Yes,No,20,Cash,Monthly,Young Adult,High
1627,32,Male,35,Nevada,L,Orange,Summer,2.6,No,Yes,45,Credit Card,Bi-Weekly,Young Adult,Medium
4971,37,Male,,Phoenix,,Green,Summer,,Yes,Yes,22,Cash,Monthly,Adult,High
4518,23,Other,100.13,New York,S,White,Autumn,,Yes,No,,Debit Card,Quarterly,Young Adult,High
2071,56,Male,88,Nebraska,XL,Red,Spring,3.1,No,No,14,Cash,Monthly,Senior,High
4883,44,Male,1459.62,Los Angeles,M,White,Autumn,,Yes,No,15,PayPal,Monthly,Adult,High
4447,36,Female,,Houston,S,Green,Winter,,Yes,Yes,,Cash,Quarterly,Adult,High
4597,50,Female,,New York,M,White,Winter,,Yes,Yes,,Debit Card,Quarterly,Adult,High
210,55,Male,97,Minnesota,S,Olive,Winter,3.2,Yes,Yes,44,Cash,Every 3 Months,Senior,High
4191,62,Male,,New York,M,Black,Summer,1,No,Yes,,Credit Card,Monthly,Senior,High
4660,44,Other,471.28,Phoenix,XL,Red,Summer,1,No,No,,PayPal,Monthly,Adult,High
3742,58,Female,96,Arizona,M,Purple,Spring,3.2,No,No,26,Debit Card,Bi-Weekly,Senior,High
4744,69,Other,884.69,Los Angeles,L,Red,Summer,,No,No,24,PayPal,Monthly,Senior,High
3602,34,Female,47,North Carolina,M,Indigo,Summer,3,No,No,3,PayPal,Monthly,Young Adult,Medium
2092,26,Male,97,Washington,XL,Beige,Fall,3,No,No,24,Bank Transfer,Quarterly,Young Adult,High
2256,48,Male,39,Michigan,L,Teal,Spring,4.6,No,No,42,Bank Transfer,Quarterly,Adult,Medium
5030,23,Other,1387.77,Houston,M,Blue,Spring,2,Yes,Yes,5,Cash,Monthly,Young Adult,High
4244,44,Other,191.27,Chicago,,White,Spring,,Yes,Yes,,PayPal,Weekly,Adult,High
4555,18,Other,392.98,Phoenix,M,Black,Winter,2,No,Yes,44,Cash,Quarterly,Teen,High
4671,43,Other,183.48,Phoenix,S,Black,Summer,,Yes,Yes,,Debit Card,Monthly,Adult,High
1729,23,Male,48,Wyoming,L,Black,Fall,4.3,No,No,1,Debit Card,Every 3 Months,Young Adult,Medium
2207,46,Male,51,Illinois,L,Green,Spring,2.6,No,No,25,Bank Transfer,Fortnightly,Adult,Medium
1750,43,Male,70,Wyoming,L,Pink,Fall,3.2,No,No,36,Debit Card,Every 3 Months,Adult,High
4367,23,Other,235.67,Phoenix,,Green,Autumn,,No,No,,PayPal,Quarterly,Young Adult,High
3791,27,Female,45,Alaska,XL,Beige,Summer,4.4,No,No,31,Credit Card,Weekly,Young Adult,Medium
1345,56,Male,37,New York,S,Violet,Fall,4.9,No,Yes,14,Cash,Annually,Senior,Medium
3306,34,Female,41,Nebraska,L,Cyan,Summer,4.9,No,No,31,PayPal,Bi-Weekly,Young Adult,Medium
3747,53,Female,99,Idaho,XL,Cyan,Summer,2.6,No,No,49,PayPal,Monthly,Senior,High
2757,42,Female,23,Minnesota,L,Violet,Winter,4.1,No,No,41,PayPal,Monthly,Adult,Low
434,49,Male,92,Alabama,M,Orange,Fall,3.2,Yes,Yes,23,Credit Card,Fortnightly,Adult,High
578,19,Male,52,Alabama,M,Black,Fall,3.7,Yes,Yes,41,Venmo,Annually,Teen,Medium
1433,34,Male,33,Florida,L,Black,Winter,4.4,No,Yes,32,Debit Card,Quarterly,Young Adult,Medium
3737,42,Female,56,Idaho,M,Red,Spring,4.6,No,No,2,PayPal,Every 3 Months,Adult,Medium
2800,23,Female,89,Maine,L,Pink,Spring,3.9,No,No,9,Bank Transfer,Every 3 Months,Young Adult,High
4961,24,Other,,Houston,L,Red,Winter,,No,No,45,Cash,Quarterly,Young Adult,High
1083,54,Male,85,South Carolina,XL,Cyan,Winter,2.6,No,Yes,30,Venmo,Quarterly,Senior,High
263,37,Male,40,Hawaii,M,Teal,Summer,,Yes,Yes,6,Debit Card,Annually,Adult,Medium
4388,62,Other,,New York,L,Green,Summer,3,No,Yes,,Debit Card,Weekly,Senior,High
1844,36,Male,76,Kentucky,M,Charcoal,Fall,4.7,No,No,32,Credit Card,Monthly,Adult,High
3187,38,Female,93,Virginia,S,Cyan,Winter,4.8,No,No,43,Venmo,Annually,Adult,High
2586,57,Male,37,Wisconsin,L,Maroon,Fall,4.4,No,No,19,Debit Card,Weekly,Senior,Medium
933,62,Male,24,Indiana,L,Blue,Winter,3.2,Yes,Yes,45,Debit Card,Bi-Weekly,Senior,Low
4223,59,Male,227,New York,M,Green,Winter,4,No,No,,PayPal,Quarterly,Senior,High
360,31,Male,74,Georgia,M,Olive,Winter,3,Yes,Yes,30,Credit Card,Every 3 Months,Young Adult,High
2015,51,Male,26,Wisconsin,L,Black,Summer,3.9,No,No,47,PayPal,Bi-Weekly,Senior,Low
4981,33,Male,1216.95,New York,L,Green,Autumn,2,Yes,No,35,Cash,Quarterly,Young Adult,High
1251,52,Male,26,New Hampshire,XL,Purple,Winter,4.1,No,Yes,24,Cash,Monthly,Senior,Low
4875,37,Male,,Los Angeles,XL,Blue,Spring,4,No,No,21,Credit Card,Weekly,Adult,High
423,47,Male,59,Minnesota,M,Purple,Fall,3.1,Yes,Yes,32,Debit Card,Annually,Adult,Medium
1051,48,Male,64,Florida,M,Beige,Winter,3.8,Yes,Yes,19,Venmo,Monthly,Adult,Medium
1366,28,Male,69,Indiana,M,Magenta,Winter,4.5,No,Yes,18,Bank Transfer,Fortnightly,Young Adult,Medium
2310,70,Male,95,Connecticut,S,Gold,Fall,5,No,No,3,Bank Transfer,Quarterly,Senior,High
4811,22,Female,,Houston,M,White,Autumn,,Yes,Yes,,PayPal,Quarterly,Young Adult,High
4783,50,Female,,Houston,S,White,Autumn,2,Yes,Yes,,PayPal,Weekly,Adult,High
1981,51,Male,94,Iowa,M,Green,Winter,4.4,No,No,25,PayPal,Fortnightly,Senior,High
2147,48,Male,23,Utah,XL,White,Summer,4.6,No,No,45,PayPal,Every 3 Months,Adult,Low
787,70,Male,21,Indiana,S,Teal,Winter,4.8,Yes,Yes,16,Bank Transfer,Every 3 Months,Senior,Low
564,61,Male,99,Idaho,M,Black,Fall,4.4,Yes,Yes,16,Debit Card,Quarterly,Senior,High
3900,52,Female,81,California,M,Beige,Spring,3.1,No,No,33,Venmo,Quarterly,Senior,High
312,69,Male,52,Rhode Island,L,Silver,Winter,4.1,Yes,Yes,19,Bank Transfer,Monthly,Senior,Medium
4980,29,Female,,New York,M,Red,Summer,4,Yes,No,33,Credit Card,Weekly,Young Adult,High
49,42,Male,55,Nevada,M,Orange,Summer,2.7,Yes,Yes,38,Cash,Monthly,Adult,Medium
788,53,Male,85,Michigan,S,Green,Spring,3.7,Yes,Yes,25,Venmo,Weekly,Senior,High
2035,61,Male,30,Alabama,M,Peach,Spring,2.9,No,No,27,PayPal,Monthly,Senior,Medium
4389,52,Other,,New York,,Green,Winter,,No,Yes,49,Credit Card,Weekly,Senior,High
2696,50,Female,92,Tennessee,M,Orange,Fall,3.6,No,No,10,PayPal,Bi-Weekly,Adult,High
1451,25,Male,44,Illinois,S,Teal,Winter,3.4,No,Yes,25,Cash,Quarterly,Young Adult,Medium
696,30,Male,67,Nevada,XL,Peach,Summer,3.7,Yes,Yes,15,Debit Card,Every 3 Months,Young Adult,Medium
4633,48,Female,1020.16,New York,S,Blue,Summer,4,No,No,16,Debit Card,Monthly,Adult,High
254,52,Male,73,Oklahoma,L,Cyan,Winter,4.9,Yes,Yes,15,Bank Transfer,Bi-Weekly,Senior,High
2141,53,Male,90,New Mexico,M,Brown,Fall,3.7,No,No,36,Cash,Fortnightly,Senior,High
399,20,Male,67,Montana,S,Silver,Winter,4.6,Yes,Yes,25,Debit Card,Every 3 Months,Teen,Medium
5041,23,Other,,Chicago,XL,Black,Autumn,5,Yes,No,,Credit Card,Quarterly,Young Adult,High
2768,31,Female,95,Iowa,M,Green,Spring,4.5,No,No,31,Cash,Monthly,Young Adult,High
1418,62,Male,25,Montana,S,Brown,Spring,4.6,No,Yes,21,Debit Card,Fortnightly,Senior,Low
812,18,Male,35,Illinois,M,Green,Winter,2.7,Yes,Yes,36,Venmo,Quarterly,Teen,Medium
2506,27,Male,75,Illinois,M,Cyan,Summer,3.5,No,No,43,PayPal,Quarterly,Young Adult,High
2219,67,Male,67,Idaho,M,Magenta,Winter,3.5,No,No,20,Debit Card,Quarterly,Senior,Medium
3221,38,Female,29,North Dakota,M,Blue,Fall,4.1,No,No,16,Cash,Monthly,Adult,Low
1932,54,Male,42,Illinois,S,Olive,Spring,2.7,No,No,6,Debit Card,Every 3 Months,Senior,Medium
3690,47,Female,30,South Carolina,L,Red,Fall,4.5,No,No,8,Bank Transfer,Quarterly,Adult,Medium
400,60,Male,35,Idaho,L,Blue,Fall,3.5,Yes,Yes,10,Debit Card,Monthly,Senior,Medium
1734,67,Male,85,New York,L,Black,Summer,3.4,No,No,22,Credit Card,Annually,Senior,High
4073,47,Male,,Los Angeles,L,Black,Winter,4,Yes,No,,Cash,Weekly,Adult,High
4636,59,Other,16.88,Chicago,S,White,Summer,,Yes,No,,Debit Card,Weekly,Senior,Low
1412,48,Male,24,Louisiana,L,Green,Summer,2.8,No,Yes,13,Venmo,Quarterly,Adult,Low
2903,27,Female,32,North Carolina,S,Orange,Spring,4.6,No,No,19,PayPal,Bi-Weekly,Young Adult,Medium
354,63,Male,64,Missouri,L,Yellow,Fall,4.1,Yes,Yes,35,Debit Card,Monthly,Senior,Medium
3896,40,Female,28,Virginia,L,Turquoise,Summer,4.2,No,No,32,Venmo,Weekly,Adult,Low
2902,41,Female,43,Alabama,L,Olive,Winter,2.6,No,No,46,Credit Card,Quarterly,Adult,Medium
3251,23,Female,90,Minnesota,M,Teal,Spring,2.9,No,No,15,Venmo,Weekly,Young Adult,High
2297,46,Male,88,Washington,M,Green,Fall,2.5,No,No,50,Venmo,Every 3 Months,Adult,High
919,65,Male,42,North Carolina,M,Orange,Spring,4.3,Yes,Yes,11,Cash,Fortnightly,Senior,Medium
3797,40,Female,81,Utah,M,Lavender,Fall,3.2,No,No,47,Bank Transfer,Quarterly,Adult,High
4018,36,Male,,Los Angeles,L,Green,Winter,5,Yes,Yes,,Cash,Weekly,Adult,High
1172,41,Male,55,Louisiana,M,Lavender,Spring,3.9,No,Yes,15,Debit Card,Annually,Adult,Medium
2442,45,Male,36,California,M,Black,Fall,4.7,No,No,5,Credit Card,Monthly,Adult,Medium
1405,36,Male,28,New Mexico,M,Charcoal,Winter,3.5,No,Yes,10,Debit Card,Weekly,Adult,Low
1962,47,Male,59,Nevada,L,Black,Summer,2.6,No,No,45,Debit Card,Quarterly,Adult,Medium
482,46,Male,88,Wisconsin,L,Peach,Fall,3.2,Yes,Yes,10,PayPal,Fortnightly,Adult,High
4973,61,Female,,Phoenix,S,Black,Summer,4,No,No,42,PayPal,Weekly,Senior,High
2744,61,Female,94,New Jersey,S,Beige,Fall,4.1,No,No,17,Venmo,Quarterly,Senior,High
1128,50,Male,53,Delaware,XL,Maroon,Spring,4.8,No,Yes,22,Debit Card,Monthly,Adult,Medium
2664,46,Female,52,Wisconsin,L,Silver,Fall,2.9,No,No,23,Bank Transfer,Annually,Adult,Medium
1359,19,Male,22,Nebraska,XL,Pink,Spring,2.5,No,Yes,25,Venmo,Every 3 Months,Teen,Low
917,49,Male,34,Illinois,S,Blue,Spring,2.7,Yes,Yes,16,Venmo,Monthly,Adult,Medium
3238,61,Female,57,Vermont,M,Gray,Summer,2.8,No,No,4,Cash,Weekly,Senior,Medium
409,34,Male,66,Alabama,L,White,Spring,3.4,Yes,Yes,36,Cash,Fortnightly,Young Adult,Medium
4728,27,Other,,Phoenix,,Black,Autumn,4,No,Yes,,PayPal,Monthly,Young Adult,High
3591,27,Female,87,South Dakota,M,Gray,Fall,2.9,No,No,19,Venmo,Every 3 Months,Young Adult,High
3383,34,Female,35,Nebraska,M,Maroon,Spring,2.8,No,No,2,Bank Transfer,Weekly,Young Adult,Medium
4122,44,Other,307.64,Phoenix,S,Blue,Winter,,Yes,No,32,PayPal,Monthly,Adult,High
3559,68,Female,94,Alaska,L,Magenta,Summer,4.8,No,No,9,Venmo,Quarterly,Senior,High
603,37,Male,58,Oregon,L,Lavender,Summer,4.2,Yes,Yes,10,Cash,Every 3 Months,Adult,Medium
3090,50,Female,21,North Carolina,L,Blue,Fall,4.6,No,No,23,Cash,Bi-Weekly,Adult,Low
1842,31,Male,57,Vermont,L,Blue,Winter,3,No,No,7,PayPal,Every 3 Months,Young Adult,Medium
269,68,Male,42,Georgia,M,Charcoal,Spring,2.6,Yes,Yes,21,Cash,Monthly,Senior,Medium
4090,54,Female,,Phoenix,XL,Black,Summer,,Yes,Yes,,Credit Card,Monthly,Senior,High
885,67,Male,91,Hawaii,L,Yellow,Winter,4.1,Yes,Yes,34,Bank Transfer,Weekly,Senior,High
4230,61,Other,123.39,New York,,Blue,Spring,2,No,Yes,5,Debit Card,Weekly,Senior,High
1938,43,Male,53,Delaware,M,Olive,Summer,4.5,No,No,11,Bank Transfer,Monthly,Adult,Medium
2592,40,Male,61,New Mexico,S,Olive,Spring,3.3,No,No,40,Cash,Quarterly,Adult,Medium
1501,63,Male,69,Alabama,L,Maroon,Summer,4.8,No,Yes,22,Debit Card,Monthly,Senior,Medium
4129,40,Other,70.06,Chicago,,Black,Winter,,No,No,,Cash,Quarterly,Adult,High
1992,46,Male,29,Missouri,M,Brown,Summer,3.7,No,No,1,Venmo,Every 3 Months,Adult,Low
2375,69,Male,73,Washington,L,Peach,Winter,4.7,No,No,31,Debit Card,Monthly,Senior,High
3264,56,Female,68,Vermont,S,Black,Fall,4.4,No,No,31,Debit Card,Fortnightly,Senior,Medium
293,60,Male,99,Utah,M,Green,Spring,4.7,Yes,Yes,24,Cash,Quarterly,Senior,High
2036,53,Male,70,Oklahoma,S,Yellow,Summer,4.1,No,No,43,Bank Transfer,Weekly,Senior,High
4509,59,Female,949.9,Phoenix,S,Red,Autumn,,No,No,36,Credit Card,Quarterly,Senior,High
243,55,Male,85,New York,L,Gray,Summer,4.3,Yes,Yes,40,Debit Card,Every 3 Months,Senior,High
4195,53,Male,877.02,Houston,,Green,Spring,,No,Yes,,Debit Card,Monthly,Senior,High
37,35,Male,69,Illinois,M,Maroon,Winter,4.6,Yes,Yes,44,PayPal,Fortnightly,Young Adult,Medium
619,61,Male,94,Indiana,L,Cyan,Spring,4,Yes,Yes,21,Debit Card,Bi-Weekly,Senior,High
4837,41,Female,131.56,Los Angeles,,Blue,Spring,,No,No,36,Debit Card,Monthly,Adult,High
2892,47,Female,73,Ohio,XL,Black,Winter,2.5,No,No,10,PayPal,Monthly,Adult,High
4394,21,Other,1425.9,Phoenix,,Blue,Summer,,Yes,No,,Cash,Weekly,Young Adult,High
1657,21,Male,42,Indiana,L,Brown,Spring,2.6,No,Yes,41,PayPal,Every 3 Months,Young Adult,Medium
4454,65,Female,,Phoenix,XL,Blue,Winter,,Yes,Yes,17,Cash,Weekly,Senior,High
3880,26,Female,63,Florida,L,Maroon,Winter,4.1,No,No,6,Debit Card,Quarterly,Young Adult,Medium
4762,39,Other,,Houston,M,White,Summer,,Yes,No,,Debit Card,Quarterly,Adult,High
791,22,Male,37,Louisiana,M,Indigo,Summer,4.9,Yes,Yes,12,Bank Transfer,Quarterly,Young Adult,Medium
2964,52,Female,97,Maine,M,Brown,Spring,3.6,No,No,28,Credit Card,Weekly,Senior,High
1726,45,Male,33,Massachusetts,M,Indigo,Spring,3,No,No,32,Venmo,Quarterly,Adult,Medium
4959,27,Male,180.8,New York,S,Blue,Spring,5,No,Yes,26,Credit Card,Weekly,Young Adult,High
199,57,Male,45,Utah,M,Turquoise,Winter,4.8,Yes,Yes,39,Credit Card,Fortnightly,Senior,Medium
1342,26,Male,27,Rhode Island,XL,Yellow,Fall,,No,Yes,31,Bank Transfer,Quarterly,Young Adult,Low
4792,50,Female,832.98,Phoenix,,Blue,Winter,3,Yes,Yes,33,Credit Card,Monthly,Adult,High
4545,39,Female,474.11,Phoenix,M,Blue,Winter,4,Yes,Yes,22,Cash,Monthly,Adult,High
110,58,Male,85,Alabama,M,Violet,Spring,2.6,Yes,Yes,43,Bank Transfer,Fortnightly,Senior,High
1476,44,Male,61,Rhode Island,M,Teal,Spring,4,No,Yes,24,Cash,Monthly,Adult,Medium
145,19,Male,43,New Jersey,M,Silver,Fall,3.2,Yes,Yes,25,Cash,Monthly,Teen,Medium
1393,31,Male,46,Arkansas,M,Yellow,Spring,4.2,No,Yes,34,Venmo,Every 3 Months,Young Adult,Medium
1249,62,Male,37,Wisconsin,XL,Red,Winter,3,No,Yes,8,Credit Card,Annually,Senior,Medium
2993,41,Female,64,North Dakota,M,Charcoal,Spring,3.9,No,No,25,Venmo,Weekly,Adult,Medium
1207,22,Male,59,Mississippi,S,Cyan,Fall,3,No,Yes,16,Venmo,Every 3 Months,Young Adult,Medium
2160,18,Male,58,Louisiana,M,Peach,Fall,3,No,No,34,Cash,Annually,Teen,Medium
2184,30,Male,37,Kansas,M,Maroon,Spring,4.7,No,No,2,Cash,Monthly,Young Adult,Medium
3769,50,Female,35,Vermont,M,Yellow,Winter,4,No,No,34,Bank Transfer,Quarterly,Adult,Medium
580,58,Male,41,California,M,Violet,Winter,3.7,Yes,Yes,48,Credit Card,Annually,Senior,Medium
3846,58,Female,52,California,M,Green,Winter,4.9,No,No,46,Venmo,Annually,Senior,Medium
4682,56,Male,320.91,Phoenix,M,Blue,Autumn,,Yes,Yes,,PayPal,Monthly,Senior,High
630,26,Male,90,Vermont,L,Beige,Spring,4.7,Yes,Yes,11,Debit Card,Annually,Young Adult,High
741,26,Male,69,South Dakota,M,Orange,Summer,2.8,Yes,Yes,22,Credit Card,Fortnightly,Young Adult,Medium
2338,39,Male,76,North Dakota,S,Violet,Fall,3.6,No,No,5,Cash,Annually,Adult,High
3497,39,Female,38,Idaho,M,Pink,Summer,4,No,No,22,PayPal,Monthly,Adult,Medium
2569,52,Male,98,Texas,XL,Green,Winter,4.3,No,No,29,PayPal,Fortnightly,Senior,High
1615,30,Male,41,Kansas,S,Gray,Summer,3.4,No,Yes,22,Cash,Bi-Weekly,Young Adult,Medium
2062,32,Male,70,Michigan,S,Magenta,Summer,2.6,No,No,22,Debit Card,Annually,Young Adult,High
2174,23,Male,97,Delaware,S,Cyan,Summer,5,No,No,36,Venmo,Quarterly,Young Adult,High
760,51,Male,49,Rhode Island,XL,Green,Winter,2.6,Yes,Yes,25,Credit Card,Fortnightly,Senior,Medium
140,49,Male,95,Florida,M,White,Fall,3.8,Yes,Yes,30,Venmo,Annually,Adult,High
2866,28,Female,97,California,M,Silver,Fall,3.7,No,No,27,Cash,Fortnightly,Young Adult,High
4559,69,Female,1004.05,Chicago,M,Red,Summer,,Yes,Yes,44,Credit Card,Quarterly,Senior,High
4601,65,Other,405.11,Phoenix,,Blue,Summer,5,Yes,No,,PayPal,Quarterly,Senior,High
2810,66,Female,98,Arkansas,XL,Teal,Summer,3,No,No,27,Debit Card,Quarterly,Senior,High
3140,35,Female,85,Georgia,M,Olive,Winter,4.4,No,No,4,Venmo,Weekly,Young Adult,High
5063,31,Male,,Houston,,Blue,Winter,,Yes,Yes,1,Debit Card,Monthly,Young Adult,High
3303,36,Female,82,Alabama,XL,Beige,Winter,4.2,No,No,31,Venmo,Bi-Weekly,Adult,High
755,36,Male,41,North Carolina,L,Pink,Spring,2.9,Yes,Yes,3,Debit Card,Quarterly,Adult,Medium
1447,63,Male,35,Wyoming,XL,Red,Summer,3.2,No,Yes,6,Credit Card,Quarterly,Senior,Medium
655,24,Male,59,California,L,Gray,Summer,4.4,Yes,Yes,23,Venmo,Annually,Young Adult,Medium
2275,57,Male,27,New York,L,Turquoise,Spring,4.5,No,No,38,PayPal,Fortnightly,Senior,Low
3354,31,Female,66,Ohio,L,Teal,Fall,4.6,No,No,19,Credit Card,Every 3 Months,Young Adult,Medium
2540,33,Male,73,Massachusetts,M,Purple,Fall,4.1,No,No,24,Cash,Bi-Weekly,Young Adult,High
3550,44,Female,34,Oregon,M,Cyan,Summer,3.4,No,No,11,Bank Transfer,Fortnightly,Adult,Medium
716,33,Male,63,Delaware,L,Green,Spring,2.6,Yes,Yes,37,Debit Card,Quarterly,Young Adult,Medium
3724,26,Female,30,Rhode Island,M,Beige,Spring,3.6,No,No,1,Debit Card,Monthly,Young Adult,Medium
4220,54,Male,,Phoenix,S,Blue,Autumn,,No,No,5,Debit Card,Quarterly,Senior,High
1649,36,Male,69,Oklahoma,M,Gray,Summer,2.6,No,Yes,22,Credit Card,Monthly,Adult,Medium
2464,60,Male,21,Mississippi,XL,Indigo,Summer,3.3,No,No,25,Cash,Bi-Weekly,Senior,Low
1851,51,Male,76,Wyoming,S,Black,Winter,2.8,No,No,50,Debit Card,Weekly,Senior,High
2609,42,Male,68,Mississippi,L,Orange,Fall,4.2,No,No,48,Credit Card,Fortnightly,Adult,Medium
2296,50,Male,22,Connecticut,L,Beige,Spring,2.9,No,No,45,PayPal,Quarterly,Adult,Low
2206,46,Male,68,North Dakota,XL,Red,Fall,2.7,No,No,27,PayPal,Weekly,Adult,Medium
1039,41,Male,74,Nebraska,XL,Cyan,Fall,3,Yes,Yes,3,Bank Transfer,Weekly,Adult,High
4588,18,Male,,Chicago,S,Black,Spring,4,Yes,Yes,,Credit Card,Weekly,Teen,High
4167,67,Male,1300.15,Chicago,L,Blue,Autumn,,Yes,Yes,29,Cash,Quarterly,Senior,High
620,19,Male,34,Nebraska,M,Charcoal,Summer,4.6,Yes,Yes,1,Debit Card,Every 3 Months,Teen,Medium
1426,59,Male,40,Wyoming,S,White,Winter,3.7,No,Yes,39,Credit Card,Annually,Senior,Medium
4096,66,Male,756.85,Chicago,,Black,Autumn,,Yes,Yes,40,Cash,Weekly,Senior,High
1706,39,Male,29,South Dakota,L,Cyan,Summer,3.4,No,No,49,Venmo,Bi-Weekly,Adult,Low
670,43,Male,89,Illinois,M,Gray,Spring,3.3,Yes,Yes,45,Venmo,Bi-Weekly,Adult,High
3326,29,Female,97,Alaska,M,Maroon,Fall,3.7,No,No,16,Venmo,Monthly,Young Adult,High
2133,25,Male,87,Vermont,M,Magenta,Fall,4.7,No,No,15,Debit Card,Weekly,Young Adult,High
2989,69,Female,55,Nevada,S,Pink,Spring,5,No,No,31,Debit Card,Monthly,Senior,Medium
4006,28,Other,1091.01,Chicago,S,Green,Spring,,No,Yes,15,Cash,Monthly,Young Adult,High
806,41,Male,30,Connecticut,L,White,Summer,3.7,Yes,Yes,40,Debit Card,Monthly,Adult,Medium
2105,53,Male,88,New Mexico,M,Gold,Spring,2.8,No,No,47,Venmo,Weekly,Senior,High
4514,61,Female,1161.52,Houston,,Red,Autumn,,No,Yes,,Cash,Monthly,Senior,High
4649,55,Female,751.82,New York,,Blue,Autumn,,No,Yes,,Credit Card,Monthly,Senior,High
4934,52,Female,,New York,XL,Black,Winter,,Yes,No,40,Credit Card,Quarterly,Senior,High
4236,65,Male,,Chicago,L,White,Summer,2,No,Yes,49,Debit Card,Quarterly,Senior,High
278,29,Male,29,Georgia,M,Green,Winter,3,Yes,Yes,36,Bank Transfer,Bi-Weekly,Young Adult,Low
1040,29,Male,46,Michigan,M,Magenta,Fall,4.8,Yes,Yes,39,Venmo,Monthly,Young Adult,Medium
1050,45,Male,33,Virginia,S,Purple,Fall,2.8,Yes,Yes,24,Cash,Quarterly,Adult,Medium
445,48,Male,20,California,M,Red,Summer,4.3,Yes,Yes,31,Debit Card,Annually,Adult,Low
4526,53,Male,852.39,New York,L,Blue,Spring,,No,No,6,Credit Card,Quarterly,Senior,High
486,48,Male,44,Tennessee,S,Blue,Spring,2.6,Yes,Yes,36,Debit Card,Fortnightly,Adult,Medium
1347,44,Male,91,Mississippi,L,White,Winter,3,No,Yes,15,Venmo,Bi-Weekly,Adult,High
794,24,Male,35,Alabama,L,Maroon,Summer,3.8,Yes,Yes,16,Credit Card,Monthly,Young Adult,Medium
3811,46,Female,79,Wisconsin,L,Peach,Fall,3.9,No,No,29,Venmo,Monthly,Adult,High
4066,42,Other,,Phoenix,S,Red,Summer,2,No,Yes,19,Credit Card,Monthly,Adult,High
2161,45,Male,92,West Virginia,L,Charcoal,Winter,3.3,No,No,21,PayPal,Annually,Adult,High
4656,25,Male,,Los Angeles,,White,Winter,1,No,Yes,0,Cash,Quarterly,Young Adult,High
2519,20,Male,51,Maine,XL,Blue,Fall,4,No,No,31,Venmo,Annually,Teen,Medium
4541,60,Male,,Phoenix,,Red,Summer,,No,Yes,45,Credit Card,Weekly,Senior,High
3120,63,Female,79,Louisiana,XL,Silver,Winter,4.7,No,No,21,Credit Card,Every 3 Months,Senior,High
3508,46,Female,65,Colorado,S,Purple,Spring,4.2,No,No,33,Credit Card,Every 3 Months,Adult,Medium
3717,57,Female,53,Vermont,M,Charcoal,Fall,3.4,No,No,42,Debit Card,Every 3 Months,Senior,Medium
3850,46,Female,68,Florida,S,Cyan,Winter,2.6,No,No,36,PayPal,Fortnightly,Adult,Medium
1552,64,Male,29,Minnesota,M,Olive,Summer,3.7,No,Yes,13,Credit Card,Monthly,Senior,Low
1875,67,Male,33,Indiana,L,Purple,Fall,3.6,No,No,14,Cash,Weekly,Senior,Medium
114,44,Male,54,New Jersey,L,Maroon,Winter,3.1,Yes,Yes,20,PayPal,Quarterly,Adult,Medium
5060,52,Other,63.86,Chicago,,Black,Summer,5,Yes,No,35,Credit Card,Quarterly,Senior,Medium
452,66,Male,31,Virginia,M,Pink,Summer,4.3,Yes,Yes,26,Credit Card,Fortnightly,Senior,Medium
1840,32,Male,78,Mississippi,XL,Purple,Winter,3.7,No,No,32,Cash,Annually,Young Adult,High
255,67,Male,42,Indiana,M,White,Winter,3.5,Yes,Yes,4,PayPal,Bi-Weekly,Senior,Medium
4152,32,Male,,Houston,S,Green,Autumn,1,No,No,21,Debit Card,Quarterly,Young Adult,High
732,43,Male,28,Arkansas,M,Red,Spring,3.5,Yes,Yes,30,PayPal,Fortnightly,Adult,Low
1377,57,Male,65,New Jersey,L,Pink,Spring,5,No,Yes,24,PayPal,Annually,Senior,Medium
2434,54,Male,73,Oregon,M,Blue,Spring,3.4,No,No,16,Cash,Bi-Weekly,Senior,High
4562,29,Male,,Phoenix,,Red,Winter,4,No,Yes,1,Debit Card,Quarterly,Young Adult,High
4188,18,Other,,Chicago,M,Black,Winter,,No,No,2,PayPal,Quarterly,Teen,High
454,54,Male,56,Nebraska,XL,Peach,Winter,2.8,Yes,Yes,22,Credit Card,Weekly,Senior,Medium
2694,55,Female,70,Hawaii,L,Lavender,Summer,2.6,No,No,46,Cash,Quarterly,Senior,High
3439,26,Female,71,Kentucky,M,Violet,Fall,3,No,No,33,Credit Card,Monthly,Young Adult,High
4435,18,Male,1092.28,Los Angeles,L,Red,Winter,,Yes,Yes,11,Cash,Weekly,Teen,High
2128,70,Male,45,North Carolina,M,Indigo,Spring,4.5,No,No,40,Debit Card,Weekly,Senior,Medium
3072,23,Female,41,New Hampshire,L,Turquoise,Spring,3.4,No,No,6,PayPal,Monthly,Young Adult,Medium
2647,33,Male,56,New Mexico,S,Lavender,Summer,3.9,No,No,4,Debit Card,Every 3 Months,Young Adult,Medium
1834,34,Male,53,Louisiana,M,Yellow,Spring,4.5,No,No,19,PayPal,Fortnightly,Young Adult,Medium
4871,37,Male,,Phoenix,,Green,Autumn,5,Yes,Yes,,PayPal,Quarterly,Adult,High
1516,39,Male,93,Indiana,S,Turquoise,Fall,3.9,No,Yes,34,Cash,Weekly,Adult,High
1510,20,Male,54,New Hampshire,XL,White,Summer,4.6,No,Yes,44,Debit Card,Annually,Teen,Medium
1849,19,Male,73,Maine,XL,Yellow,Winter,2.7,No,No,34,Cash,Every 3 Months,Teen,High
1288,24,Male,28,Utah,XL,Blue,Winter,3.4,No,Yes,20,PayPal,Monthly,Young Adult,Low
654,20,Male,68,North Dakota,M,Olive,Winter,3.6,Yes,Yes,45,Cash,Fortnightly,Teen,Medium
2939,28,Female,53,Maine,M,Violet,Fall,3,No,No,15,Cash,Monthly,Young Adult,Medium
2817,43,Female,28,Maryland,M,Black,Spring,3.5,No,No,45,Venmo,Weekly,Adult,Low
2862,66,Female,54,Maryland,M,Teal,Fall,3.4,No,No,27,Credit Card,Monthly,Senior,Medium
3585,39,Female,52,Florida,L,Indigo,Fall,4.8,No,No,48,Debit Card,Monthly,Adult,Medium
4364,35,Other,1319.13,New York,XL,White,Summer,4,No,No,,Debit Card,Monthly,Young Adult,High
3162,66,Female,77,Massachusetts,S,Charcoal,Winter,4.2,No,No,43,Cash,Monthly,Senior,High
2378,44,Male,94,South Dakota,L,Magenta,Fall,4,No,No,22,Cash,Annually,Adult,High
927,54,Male,63,Massachusetts,XL,Green,Spring,4.4,Yes,Yes,11,Cash,Bi-Weekly,Senior,Medium
1145,41,Male,54,South Carolina,S,Indigo,Fall,4.4,No,Yes,25,Bank Transfer,Fortnightly,Adult,Medium
461,64,Male,65,South Carolina,L,Teal,Summer,,Yes,Yes,27,Bank Transfer,Weekly,Senior,Medium
2712,30,Female,22,Nebraska,L,Red,Spring,4,No,No,50,Venmo,Monthly,Young Adult,Low
4909,59,Female,,New York,,Red,Spring,2,Yes,Yes,40,Cash,Monthly,Senior,High
2844,51,Female,26,Ohio,M,White,Summer,3.6,No,No,41,Venmo,Weekly,Senior,Low
3516,19,Female,80,South Dakota,XL,Charcoal,Winter,4,No,No,16,Debit Card,Bi-Weekly,Teen,High
2328,20,Male,94,Alabama,M,Red,Winter,4.2,No,No,22,Venmo,Bi-Weekly,Teen,High
3546,48,Female,28,Connecticut,M,Yellow,Spring,3.7,No,No,22,Debit Card,Annually,Adult,Low
1455,66,Male,50,Georgia,L,Maroon,Winter,2.9,No,Yes,17,Credit Card,Annually,Senior,Medium
2758,39,Female,98,Delaware,XL,Brown,Fall,4.3,No,No,11,Venmo,Monthly,Adult,High
3560,18,Female,25,Utah,M,Beige,Fall,3,No,No,13,Venmo,Every 3 Months,Teen,Low
3858,42,Female,21,Texas,S,Yellow,Summer,3.1,No,No,29,Credit Card,Every 3 Months,Adult,Low
1187,63,Male,68,Indiana,M,Beige,Summer,4.1,No,Yes,27,Credit Card,Annually,Senior,Medium
1580,35,Male,80,Oklahoma,M,Violet,Summer,3.1,No,Yes,6,Bank Transfer,Monthly,Young Adult,High
2325,59,Male,28,Oregon,L,Brown,Winter,3.5,No,No,19,Debit Card,Annually,Senior,Low
95,58,Male,76,Nevada,S,Silver,Spring,4.6,Yes,Yes,28,Credit Card,Weekly,Senior,High
1104,35,Male,23,Tennessee,S,Charcoal,Spring,4.3,No,Yes,8,Debit Card,Bi-Weekly,Young Adult,Low
2065,31,Male,99,Arkansas,M,Green,Summer,4,No,No,5,Bank Transfer,Monthly,Young Adult,High
1758,19,Male,94,Michigan,L,Yellow,Fall,3.6,No,No,48,Debit Card,Annually,Teen,High
3874,42,Female,43,Louisiana,L,Silver,Summer,4,No,No,22,Credit Card,Weekly,Adult,Medium
523,65,Male,88,Minnesota,M,Blue,Spring,2.5,Yes,Yes,37,Cash,Quarterly,Senior,High
97,32,Male,73,Delaware,S,Gold,Spring,,Yes,Yes,43,Venmo,Every 3 Months,Young Adult,High
3440,43,Female,93,Idaho,M,Gray,Summer,4.5,No,No,25,Venmo,Quarterly,Adult,High
1277,51,Male,68,Wyoming,L,Turquoise,Spring,4.8,No,Yes,37,Bank Transfer,Weekly,Senior,Medium
1239,55,Male,77,Wyoming,M,Violet,Winter,3.7,No,Yes,3,Venmo,Fortnightly,Senior,High
4747,44,Male,,New York,S,Green,Winter,1,No,No,,Cash,Monthly,Adult,High
5050,44,Male,1337.8,Los Angeles,,Blue,Summer,,Yes,No,28,Credit Card,Weekly,Adult,High
3735,38,Female,88,California,M,Beige,Spring,3.4,No,No,33,Debit Card,Every 3 Months,Adult,High
1293,26,Male,61,Kentucky,M,Maroon,Summer,,No,Yes,42,Bank Transfer,Annually,Young Adult,Medium
3200,59,Female,40,Maine,XL,Pink,Winter,4.2,No,No,16,PayPal,Monthly,Senior,Medium
1159,69,Male,89,Nevada,L,Orange,Summer,4,No,Yes,41,Bank Transfer,Annually,Senior,High
3700,51,Female,55,Oklahoma,M,Olive,Fall,2.6,No,No,24,Bank Transfer,Weekly,Senior,Medium
274,69,Male,33,North Dakota,S,Silver,Spring,4.2,Yes,Yes,32,Debit Card,Quarterly,Senior,Medium
3794,62,Female,20,Delaware,M,Pink,Fall,4,No,No,46,Bank Transfer,Annually,Senior,Low
2595,59,Male,81,Montana,L,Indigo,Fall,3.6,No,No,25,Cash,Every 3 Months,Senior,High
542,52,Male,27,Connecticut,L,Gray,Fall,2.8,Yes,Yes,45,Cash,Bi-Weekly,Senior,Low
4953,30,Male,207.05,Phoenix,XL,White,Spring,3,No,No,,Credit Card,Monthly,Young Adult,High
2737,44,Female,25,Montana,M,Pink,Spring,4.8,No,No,45,Credit Card,Annually,Adult,Low
4993,54,Male,,Los Angeles,XL,Green,Autumn,5,Yes,Yes,,Debit Card,Weekly,Senior,High
4696,60,Female,,New York,M,Blue,Summer,1,No,No,,PayPal,Monthly,Senior,High
158,36,Male,68,Vermont,S,Yellow,Fall,3,Yes,Yes,1,Bank Transfer,Fortnightly,Adult,Medium
2945,50,Female,95,New York,XL,Cyan,Summer,3.9,No,No,4,Venmo,Every 3 Months,Adult,High
3443,28,Female,78,Michigan,M,Violet,Spring,4.3,No,No,12,PayPal,Weekly,Young Adult,High
2005,44,Male,70,Georgia,L,Blue,Fall,3.2,No,No,13,Cash,Bi-Weekly,Adult,High
602,32,Male,38,West Virginia,M,Maroon,Summer,4.7,Yes,Yes,5,Cash,Fortnightly,Young Adult,Medium
2729,26,Female,28,Florida,M,Pink,Winter,4,No,No,17,Debit Card,Weekly,Young Adult,Low
1970,64,Male,32,Louisiana,S,Cyan,Winter,3.5,No,No,11,Bank Transfer,Fortnightly,Senior,Medium
1290,35,Male,24,New Hampshire,M,Red,Fall,2.9,No,Yes,10,PayPal,Weekly,Young Adult,Low
4315,32,Female,1310.13,Chicago,L,Red,Summer,,Yes,Yes,37,Credit Card,Quarterly,Young Adult,High
4113,60,Male,1448.13,Phoenix,S,Blue,Autumn,5,No,No,,Cash,Monthly,Senior,High
2846,26,Female,77,South Dakota,L,Lavender,Summer,4.1,No,No,39,Debit Card,Every 3 Months,Young Adult,High
2974,25,Female,65,Indiana,M,Blue,Summer,2.7,No,No,3,Bank Transfer,Fortnightly,Young Adult,Medium
5029,40,Male,1170.72,Chicago,,Black,Spring,4,Yes,No,3,Credit Card,Weekly,Adult,High
3210,64,Female,31,Arkansas,L,Peach,Fall,4.3,No,No,39,Debit Card,Annually,Senior,Medium
4694,38,Male,,Chicago,,Blue,Spring,,No,Yes,35,Debit Card,Weekly,Adult,High
3723,23,Female,34,Kentucky,XL,Yellow,Fall,4,No,No,1,Credit Card,Fortnightly,Young Adult,Medium
213,67,Male,84,Virginia,L,Blue,Fall,4.2,Yes,Yes,7,Debit Card,Annually,Senior,High
1655,43,Male,25,Indiana,L,Gray,Spring,2.6,No,Yes,14,Credit Card,Quarterly,Adult,Low
727,32,Male,78,North Dakota,L,Yellow,Summer,3.6,Yes,Yes,20,Bank Transfer,Every 3 Months,Young Adult,High
3017,30,Female,26,Indiana,L,Lavender,Summer,4.9,No,No,31,Bank Transfer,Quarterly,Young Adult,Low
4238,55,Female,,Chicago,,Green,Autumn,,No,Yes,,PayPal,Quarterly,Senior,High
3437,57,Female,83,Nebraska,L,Peach,Winter,2.8,No,No,41,Bank Transfer,Monthly,Senior,High
879,23,Male,89,Tennessee,S,Black,Summer,4.9,Yes,Yes,37,Debit Card,Weekly,Young Adult,High
733,34,Male,57,New Hampshire,L,Blue,Spring,2.8,Yes,Yes,28,Cash,Bi-Weekly,Young Adult,Medium
961,18,Male,48,Louisiana,XL,Indigo,Spring,4.4,Yes,Yes,20,Venmo,Quarterly,Teen,Medium
1835,49,Male,35,Indiana,M,Charcoal,Summer,4.1,No,No,39,Venmo,Fortnightly,Adult,Medium
223,47,Male,94,New York,XL,Gray,Spring,4.5,Yes,Yes,14,PayPal,Fortnightly,Adult,High
1936,19,Male,68,North Carolina,XL,Violet,Spring,4.8,No,No,45,Cash,Fortnightly,Teen,Medium
1604,23,Male,98,Iowa,L,Black,Summer,4.3,No,Yes,17,Debit Card,Bi-Weekly,Young Adult,High
4966,48,Male,287.01,Phoenix,M,Blue,Winter,3,Yes,Yes,45,Credit Card,Quarterly,Adult,High
718,21,Male,90,Alaska,L,Green,Spring,4.2,Yes,Yes,7,Venmo,Every 3 Months,Young Adult,High
1273,35,Male,80,Wisconsin,M,Orange,Winter,4.4,No,Yes,16,Bank Transfer,Monthly,Young Adult,High
2960,38,Female,28,Texas,L,Maroon,Summer,4.7,No,No,9,PayPal,Quarterly,Adult,Low
156,63,Male,77,Maine,S,Olive,Spring,4.3,Yes,Yes,21,Bank Transfer,Quarterly,Senior,High
214,30,Male,93,Nevada,L,Peach,Fall,4.4,Yes,Yes,11,Debit Card,Every 3 Months,Young Adult,High
2230,70,Male,97,Minnesota,M,Silver,Fall,3.9,No,No,50,Venmo,Monthly,Senior,High
3785,54,Female,53,Virginia,M,Violet,Winter,4.5,No,No,4,Venmo,Annually,Senior,Medium
329,48,Male,50,Florida,M,Yellow,Fall,2.8,Yes,Yes,9,Credit Card,Weekly,Adult,Medium
2777,46,Female,62,Wyoming,L,Green,Fall,2.9,No,No,6,Bank Transfer,Annually,Adult,Medium
672,38,Male,30,Iowa,L,Black,Winter,4.7,Yes,Yes,45,Cash,Weekly,Adult,Medium
1910,50,Male,84,Kentucky,S,Black,Spring,4.3,No,No,12,Credit Card,Monthly,Adult,High
1632,65,Male,36,Indiana,L,Violet,Summer,3.9,No,Yes,7,Bank Transfer,Fortnightly,Senior,Medium
4686,53,Other,379.38,Houston,M,White,Winter,3,Yes,Yes,,Debit Card,Monthly,Senior,High
1161,37,Male,42,North Dakota,S,Blue,Summer,3.2,No,Yes,9,Venmo,Bi-Weekly,Adult,Medium
2633,24,Male,27,Alaska,M,Black,Fall,5,No,No,14,Cash,Annually,Young Adult,Low
3438,22,Female,62,Oklahoma,S,Green,Winter,3.5,No,No,50,PayPal,Annually,Young Adult,Medium
2432,34,Male,73,Alabama,S,Olive,Fall,3.4,No,No,27,Bank Transfer,Every 3 Months,Young Adult,High
2411,48,Male,43,Wisconsin,M,Maroon,Summer,3.7,No,No,46,PayPal,Monthly,Adult,Medium
2132,19,Male,52,Montana,M,Red,Fall,3.6,No,No,9,Bank Transfer,Fortnightly,Teen,Medium
890,59,Male,84,Arizona,S,Olive,Fall,2.8,Yes,Yes,50,Venmo,Weekly,Senior,High
1716,23,Male,69,Idaho,XL,Gray,Spring,3.4,No,No,30,PayPal,Bi-Weekly,Young Adult,Medium
421,32,Male,54,North Carolina,S,Peach,Spring,3.8,Yes,Yes,18,Debit Card,Bi-Weekly,Young Adult,Medium
4448,67,Female,800.47,Los Angeles,M,Red,Autumn,4,Yes,No,16,Debit Card,Quarterly,Senior,High
560,66,Male,41,Arizona,M,Indigo,Fall,2.9,Yes,Yes,22,Bank Transfer,Monthly,Senior,Medium
2996,29,Female,96,Virginia,M,Orange,Summer,2.5,No,No,42,Debit Card,Bi-Weekly,Young Adult,High
4258,27,Other,321.96,Houston,M,Blue,Summer,3,Yes,No,21,Debit Card,Monthly,Young Adult,High
4977,56,Female,1499.76,New York,XL,Red,Winter,4,Yes,Yes,,Debit Card,Weekly,Senior,High
3265,28,Female,50,Maine,S,Charcoal,Winter,4,No,No,39,Cash,Bi-Weekly,Young Adult,Medium
5061,49,Female,1138.19,Los Angeles,L,Blue,Spring,,No,Yes,16,Debit Card,Weekly,Adult,High
940,25,Male,89,New York,L,Indigo,Winter,4.8,Yes,Yes,24,Credit Card,Monthly,Young Adult,High
4243,18,Male,,Los Angeles,XL,Red,Winter,,No,No,,Cash,Quarterly,Teen,High
1081,65,Male,59,Pennsylvania,L,Blue,Fall,3.8,No,Yes,22,Cash,Every 3 Months,Senior,Medium
1049,30,Male,77,Maine,L,Yellow,Fall,2.7,Yes,Yes,19,Venmo,Fortnightly,Young Adult,High
2607,68,Male,98,Nevada,L,Turquoise,Spring,4.7,No,No,46,Bank Transfer,Bi-Weekly,Senior,High
785,31,Male,72,Alabama,M,Peach,Winter,3.2,Yes,Yes,41,Bank Transfer,Every 3 Months,Young Adult,High
2588,55,Male,29,Connecticut,M,Purple,Winter,3.7,No,No,29,PayPal,Every 3 Months,Senior,Low
1061,27,Male,35,Iowa,S,Gray,Summer,2.6,No,Yes,21,Debit Card,Every 3 Months,Young Adult,Medium
2845,32,Female,79,New Mexico,M,Indigo,Summer,4.4,No,No,42,Venmo,Annually,Young Adult,High
364,55,Male,88,Florida,L,Yellow,Winter,3.1,Yes,Yes,42,Bank Transfer,Fortnightly,Senior,High
314,42,Male,77,Vermont,M,Pink,Spring,3.7,Yes,Yes,50,Credit Card,Every 3 Months,Adult,High
177,53,Male,81,New Hampshire,L,Black,Spring,2.7,Yes,Yes,30,Credit Card,Quarterly,Senior,High
1619,63,Male,72,Michigan,L,Purple,Summer,5,No,Yes,39,Debit Card,Quarterly,Senior,High
1789,66,Male,41,Illinois,L,Pink,Summer,3.1,No,No,23,Cash,Bi-Weekly,Senior,Medium
2475,23,Male,76,North Carolina,M,Olive,Fall,3.2,No,No,19,Bank Transfer,Quarterly,Young Adult,High
4162,54,Other,,Phoenix,S,Green,Winter,1,No,Yes,,Debit Card,Weekly,Senior,High
802,25,Male,29,New Mexico,L,Blue,Fall,4.9,Yes,Yes,12,Credit Card,Fortnightly,Young Adult,Low
1998,42,Male,25,Connecticut,M,Purple,Fall,4.7,No,No,10,Debit Card,Bi-Weekly,Adult,Low
3282,27,Female,69,Oregon,L,Gold,Winter,3.1,No,No,41,Bank Transfer,Annually,Young Adult,Medium
3481,21,Female,79,New Hampshire,L,Peach,Winter,3.5,No,No,45,PayPal,Monthly,Young Adult,High
2209,28,Male,46,Colorado,XL,Violet,Summer,2.7,No,No,23,PayPal,Monthly,Young Adult,Medium
413,24,Male,74,Maine,M,Yellow,Summer,3.1,Yes,Yes,3,Bank Transfer,Weekly,Young Adult,High
4824,46,Male,555.57,Houston,M,Black,Autumn,,No,No,,Debit Card,Weekly,Adult,High
869,40,Male,83,North Carolina,M,Green,Summer,3.2,Yes,Yes,2,Credit Card,Every 3 Months,Adult,High
4049,35,Female,288.11,Chicago,M,Black,Spring,1,No,No,1,PayPal,Quarterly,Young Adult,High
2950,25,Female,93,Iowa,M,Peach,Spring,3.8,No,No,15,PayPal,Annually,Young Adult,High
3027,55,Female,70,Tennessee,L,Magenta,Fall,2.5,No,No,6,Credit Card,Annually,Senior,High
2967,52,Female,49,Oklahoma,L,Orange,Fall,2.8,No,No,38,Debit Card,Every 3 Months,Senior,Medium
792,50,Male,44,North Carolina,S,Magenta,Summer,3.1,Yes,Yes,35,PayPal,Fortnightly,Adult,Medium
858,43,Male,60,Missouri,L,Cyan,Fall,3,Yes,Yes,50,Debit Card,Every 3 Months,Adult,Medium
4002,63,Female,856.97,Los Angeles,M,Blue,Summer,2,Yes,Yes,28,Credit Card,Quarterly,Senior,High
3656,20,Female,27,Wyoming,M,Yellow,Fall,2.9,No,No,4,Credit Card,Bi-Weekly,Teen,Low
3132,34,Female,59,North Dakota,M,Peach,Fall,2.9,No,No,11,Bank Transfer,Every 3 Months,Young Adult,Medium
2666,70,Female,71,Louisiana,L,Red,Winter,3.5,No,No,4,Venmo,Weekly,Senior,High
2156,32,Male,51,Hawaii,L,Yellow,Fall,3.7,No,No,46,PayPal,Monthly,Young Adult,Medium
4654,22,Other,520.92,Houston,L,White,Spring,,No,No,17,Cash,Quarterly,Young Adult,High
1086,25,Male,85,Utah,M,Turquoise,Winter,3,No,Yes,23,Venmo,Fortnightly,Young Adult,High
1417,48,Male,56,Idaho,L,Silver,Summer,3.4,No,Yes,46,Cash,Quarterly,Adult,Medium
1313,66,Male,79,Missouri,M,Violet,Winter,3,No,Yes,19,Bank Transfer,Monthly,Senior,High
2732,52,Female,33,Wisconsin,M,Red,Summer,2.5,No,No,44,Bank Transfer,Quarterly,Senior,Medium
1902,56,Male,76,Arizona,S,Beige,Winter,3.9,No,No,50,Cash,Quarterly,Senior,High
4459,64,Female,1010.82,Los Angeles,M,Green,Summer,1,No,No,,Debit Card,Monthly,Senior,High
2791,34,Female,63,Maine,M,Black,Spring,4.5,No,No,24,Debit Card,Annually,Young Adult,Medium
1401,36,Male,23,Nevada,M,Red,Fall,3.6,No,Yes,22,Credit Card,Every 3 Months,Adult,Low
2523,20,Male,53,Massachusetts,S,Olive,Winter,2.5,No,No,20,Debit Card,Weekly,Teen,Medium
1236,23,Male,22,Idaho,M,Red,Spring,3,No,Yes,46,PayPal,Every 3 Months,Young Adult,Low
2204,53,Male,79,Rhode Island,M,Indigo,Winter,3.1,No,No,32,Cash,Quarterly,Senior,High
4815,48,Male,339.37,Los Angeles,M,White,Winter,3,Yes,No,1,PayPal,Monthly,Adult,High
4222,53,Other,,Los Angeles,,Green,Summer,,Yes,Yes,19,Cash,Weekly,Senior,High
1813,50,Male,63,Nevada,S,Blue,Summer,4.9,No,No,18,PayPal,Bi-Weekly,Adult,Medium
4528,18,Other,50.7,Los Angeles,S,White,Autumn,,No,Yes,,PayPal,Monthly,Teen,Medium
4221,49,Other,1372.93,Los Angeles,,Green,Autumn,,Yes,Yes,,Credit Card,Monthly,Adult,High
517,34,Male,41,West Virginia,L,Indigo,Fall,2.8,Yes,Yes,19,Debit Card,Bi-Weekly,Young Adult,Medium
2308,28,Male,96,Missouri,L,Green,Fall,3.5,No,No,30,Debit Card,Annually,Young Adult,High
3870,26,Female,64,Arizona,L,Cyan,Spring,3.8,No,No,28,Bank Transfer,Annually,Young Adult,Medium
1468,30,Male,27,Ohio,XL,Olive,Winter,4.7,No,Yes,16,Debit Card,Fortnightly,Young Adult,Low
1046,54,Male,79,New Mexico,L,Black,Fall,3.5,Yes,Yes,11,PayPal,Bi-Weekly,Senior,High
1567,48,Male,99,Wyoming,S,Green,Winter,3,No,Yes,21,Cash,Bi-Weekly,Adult,High
4865,59,Male,,New York,,Red,Spring,1,Yes,Yes,,Debit Card,Weekly,Senior,High
981,56,Male,98,Maryland,S,Magenta,Spring,4,Yes,Yes,39,PayPal,Every 3 Months,Senior,High
4926,46,Male,,Chicago,XL,Blue,Summer,3,Yes,No,,PayPal,Weekly,Adult,High
1070,38,Male,81,Maryland,XL,White,Fall,4.3,No,Yes,33,Venmo,Every 3 Months,Adult,High
1503,37,Male,66,Massachusetts,M,Black,Summer,3.2,No,Yes,20,Cash,Fortnightly,Adult,Medium
883,50,Male,35,Virginia,M,Cyan,Fall,3.8,Yes,Yes,37,Cash,Every 3 Months,Adult,Medium
4309,24,Female,,Chicago,S,Red,Winter,,No,Yes,,Cash,Monthly,Young Adult,High
1271,67,Male,98,West Virginia,M,Green,Fall,3.3,No,Yes,20,Cash,Annually,Senior,High
4402,48,Female,,Houston,M,Green,Spring,4,Yes,Yes,,Cash,Monthly,Adult,High
1691,40,Male,30,Nevada,M,Black,Summer,3.2,No,No,1,Cash,Annually,Adult,Medium
415,29,Male,88,Wyoming,L,Violet,Winter,2.6,Yes,Yes,30,Debit Card,Weekly,Young Adult,High
1884,25,Male,58,Georgia,M,Cyan,Spring,4.9,No,No,39,Debit Card,Fortnightly,Young Adult,Medium
4375,22,Female,1224.49,Chicago,M,White,Spring,,No,Yes,,PayPal,Weekly,Young Adult,High
494,28,Male,48,Nevada,XL,Red,Summer,4.7,Yes,Yes,19,Cash,Bi-Weekly,Young Adult,Medium
341,40,Male,47,New Jersey,L,Blue,Summer,3.5,Yes,Yes,39,Venmo,Every 3 Months,Adult,Medium
1548,46,Male,46,South Carolina,L,Teal,Summer,3.5,No,Yes,40,Cash,Quarterly,Adult,Medium
3327,47,Female,95,North Dakota,M,Magenta,Summer,4.3,No,No,10,Debit Card,Annually,Adult,High
548,38,Male,50,Nevada,M,Blue,Winter,2.8,Yes,Yes,26,Venmo,Weekly,Adult,Medium
698,61,Male,63,North Dakota,XL,Brown,Summer,4.6,Yes,Yes,40,Debit Card,Quarterly,Senior,Medium
4919,25,Other,143.21,Los Angeles,S,Black,Summer,,No,No,,Credit Card,Monthly,Young Adult,High
1801,22,Male,58,Mississippi,XL,Indigo,Winter,2.7,No,No,30,Credit Card,Weekly,Young Adult,Medium
3108,65,Female,31,Hawaii,L,Gray,Winter,4.6,No,No,18,Credit Card,Bi-Weekly,Senior,Medium
1153,62,Male,49,Connecticut,M,Gold,Fall,4,No,Yes,8,PayPal,Every 3 Months,Senior,Medium
1586,37,Male,25,Alabama,M,Charcoal,Fall,3,No,Yes,40,Debit Card,Fortnightly,Adult,Low
2344,58,Male,49,Maryland,M,Red,Summer,4.4,No,No,44,PayPal,Monthly,Senior,Medium
1532,63,Male,83,Mississippi,S,Violet,Spring,4.5,No,Yes,8,PayPal,Bi-Weekly,Senior,High
4564,38,Other,812.81,New York,M,Green,Spring,,Yes,No,20,Debit Card,Quarterly,Adult,High
390,27,Male,42,Virginia,L,Purple,Spring,4.2,Yes,Yes,28,Bank Transfer,Monthly,Young Adult,Medium
1075,48,Male,71,Tennessee,S,White,Fall,2.6,No,Yes,45,Bank Transfer,Fortnightly,Adult,High
3895,66,Female,78,Connecticut,L,White,Spring,3.9,No,No,44,Credit Card,Every 3 Months,Senior,High
1016,68,Male,24,North Carolina,M,Cyan,Summer,4.1,Yes,Yes,34,Cash,Weekly,Senior,Low
4248,38,Other,1117.69,New York,L,Blue,Autumn,3,Yes,Yes,,PayPal,Quarterly,Adult,High
870,38,Male,54,New Hampshire,M,Silver,Spring,2.7,Yes,Yes,33,PayPal,Weekly,Adult,Medium
4103,63,Female,1264.71,Chicago,,Green,Summer,,Yes,Yes,,Credit Card,Quarterly,Senior,High
1596,34,Male,35,Wisconsin,S,Magenta,Spring,3.5,No,Yes,45,Debit Card,Fortnightly,Young Adult,Medium
1201,27,Male,22,Connecticut,XL,Black,Winter,4.4,No,Yes,7,PayPal,Weekly,Young Adult,Low
591,64,Male,39,Alaska,S,Turquoise,Fall,4.6,Yes,Yes,30,Venmo,Fortnightly,Senior,Medium
3504,31,Female,96,Nebraska,M,Pink,Spring,3.9,No,No,39,Cash,Weekly,Young Adult,High
942,39,Male,35,Illinois,L,Black,Winter,4.5,Yes,Yes,38,PayPal,Every 3 Months,Adult,Medium
3008,23,Female,60,New York,L,Lavender,Winter,3,No,No,31,Venmo,Weekly,Young Adult,Medium
3788,37,Female,80,New York,M,Pink,Fall,3.6,No,No,46,PayPal,Every 3 Months,Adult,High
232,28,Male,26,Tennessee,M,Blue,Spring,3.1,Yes,Yes,18,Debit Card,Every 3 Months,Young Adult,Low
3390,38,Female,57,North Carolina,L,Maroon,Fall,3.8,No,No,39,Venmo,Annually,Adult,Medium
622,51,Male,27,Kansas,S,Red,Fall,4.4,Yes,Yes,45,Credit Card,Weekly,Senior,Low
2895,35,Female,32,Kentucky,S,Brown,Spring,3.5,No,No,41,Venmo,Annually,Young Adult,Medium
4560,42,Female,,Houston,M,Blue,Spring,,Yes,Yes,,Debit Card,Weekly,Adult,High
717,30,Male,29,Missouri,M,Olive,Spring,3.6,Yes,Yes,9,Venmo,Bi-Weekly,Young Adult,Low
4357,21,Other,,Los Angeles,M,Black,Summer,,No,No,,Debit Card,Monthly,Young Adult,High
893,31,Male,64,New Mexico,L,Gray,Summer,2.7,Yes,Yes,43,Debit Card,Monthly,Young Adult,Medium
90,47,Male,83,California,XL,Pink,Fall,3.6,Yes,Yes,15,Cash,Quarterly,Adult,High
4924,55,Male,1485.92,Los Angeles,S,Blue,Summer,5,No,No,,Debit Card,Monthly,Senior,High
3564,43,Female,90,Maine,M,Green,Summer,4.9,No,No,8,Credit Card,Every 3 Months,Adult,High
3012,20,Female,70,Nevada,S,Brown,Summer,3,No,No,18,Credit Card,Every 3 Months,Teen,High
1916,51,Male,74,Alabama,M,Magenta,Fall,4.7,No,No,44,Cash,Weekly,Senior,High
4089,32,Male,191.75,Chicago,S,Blue,Spring,,No,Yes,25,Debit Card,Weekly,Young Adult,High
4868,61,Female,996.72,Chicago,,Black,Winter,,Yes,Yes,,PayPal,Monthly,Senior,High
666,41,Male,55,New Mexico,M,Peach,Spring,4.9,Yes,Yes,50,Credit Card,Annually,Adult,Medium
3594,63,Female,80,Wyoming,M,Black,Spring,4.6,No,No,24,PayPal,Monthly,Senior,High
2353,70,Male,46,Nebraska,M,Yellow,Fall,2.8,No,No,25,Bank Transfer,Quarterly,Senior,Medium
3596,21,Female,41,South Dakota,M,Violet,Spring,3.1,No,No,14,PayPal,Annually,Young Adult,Medium
3305,30,Female,79,Mississippi,XL,Orange,Fall,4.8,No,No,36,Bank Transfer,Every 3 Months,Young Adult,High
3270,27,Female,60,Ohio,M,Blue,Winter,4.9,No,No,25,Cash,Monthly,Young Adult,Medium
4119,57,Male,586.22,Chicago,S,White,Winter,1,No,No,46,Debit Card,Quarterly,Senior,High
4033,66,Female,,New York,,White,Summer,,No,No,,Debit Card,Weekly,Senior,High
1346,40,Male,21,Nebraska,M,White,Fall,3.6,No,Yes,42,Venmo,Weekly,Adult,Low
4444,23,Female,,New York,L,Red,Autumn,2,No,No,,Cash,Weekly,Young Adult,High
5044,65,Female,,Los Angeles,L,Black,Autumn,4,Yes,No,42,Debit Card,Weekly,Senior,High
155,41,Male,98,Oklahoma,M,Charcoal,Fall,3.6,Yes,Yes,21,Venmo,Quarterly,Adult,High
4903,59,Male,624.48,Houston,,Green,Summer,5,Yes,No,26,Debit Card,Quarterly,Senior,High
4443,55,Female,,Los Angeles,,Green,Autumn,,No,Yes,,Credit Card,Quarterly,Senior,High
3163,66,Female,85,Wisconsin,L,Blue,Winter,3.9,No,No,28,Bank Transfer,Quarterly,Senior,High
3521,41,Female,70,Georgia,S,Brown,Spring,3.1,No,No,33,Bank Transfer,Monthly,Adult,High
2818,25,Female,65,South Carolina,XL,Yellow,Winter,3.4,No,No,6,Venmo,Weekly,Young Adult,Medium
2658,52,Female,81,Texas,M,Pink,Summer,2.7,No,No,7,Credit Card,Fortnightly,Senior,High
2524,43,Male,24,New Jersey,S,Cyan,Spring,3.4,No,No,21,Bank Transfer,Annually,Adult,Low
4412,41,Male,1214.49,New York,M,Blue,Spring,2,No,Yes,1,PayPal,Quarterly,Adult,High
4999,53,Other,1173.99,New York,M,Green,Summer,,Yes,Yes,50,Cash,Monthly,Senior,High
1997,67,Male,27,South Dakota,L,Indigo,Summer,3.3,No,No,18,Cash,Every 3 Months,Senior,Low
628,42,Male,44,Oregon,L,Black,Winter,4.1,Yes,Yes,24,PayPal,Monthly,Adult,Medium
2761,41,Female,82,Alaska,S,Violet,Fall,5,No,No,41,Credit Card,Bi-Weekly,Adult,High
4780,41,Female,864.54,Chicago,M,Blue,Autumn,,Yes,Yes,33,Cash,Monthly,Adult,High
3479,36,Female,57,Arizona,M,Magenta,Fall,4.6,No,No,42,PayPal,Quarterly,Adult,Medium
3644,53,Female,96,Tennessee,XL,Magenta,Fall,3.2,No,No,47,Debit Card,Annually,Senior,High
2097,21,Male,52,North Carolina,L,Blue,Summer,4.7,No,No,27,Debit Card,Annually,Young Adult,Medium
3223,45,Female,84,Texas,S,Maroon,Fall,4.6,No,No,22,PayPal,Quarterly,Adult,High
2769,55,Female,25,Kansas,M,Beige,Spring,3.8,No,No,28,PayPal,Bi-Weekly,Senior,Low
610,51,Male,54,Ohio,L,Purple,Fall,4.6,Yes,Yes,49,Credit Card,Fortnightly,Senior,Medium
2407,54,Male,57,California,M,Indigo,Winter,4.7,No,No,26,PayPal,Weekly,Senior,Medium
1218,50,Male,63,Nebraska,XL,Cyan,Fall,2.6,No,Yes,12,Cash,Every 3 Months,Adult,Medium
2898,43,Female,59,Montana,L,Violet,Fall,2.5,No,No,2,Cash,Fortnightly,Adult,Medium
182,32,Male,61,Massachusetts,M,Beige,Summer,4.7,Yes,Yes,4,Bank Transfer,Weekly,Young Adult,Medium
740,64,Male,29,Minnesota,S,Purple,Summer,3.5,Yes,Yes,26,Venmo,Bi-Weekly,Senior,Low
3246,63,Female,76,Kansas,M,Purple,Fall,3.2,No,No,20,Cash,Weekly,Senior,High
4910,59,Other,,Houston,M,Blue,Winter,,No,No,,Credit Card,Monthly,Senior,High
205,24,Male,100,Arizona,M,Yellow,Fall,4,Yes,Yes,35,Cash,Bi-Weekly,Young Adult,High
3229,37,Female,95,Connecticut,M,Yellow,Spring,4.6,No,No,27,PayPal,Annually,Adult,High
3073,26,Female,98,New York,L,Peach,Spring,3.1,No,No,46,PayPal,Quarterly,Young Adult,High
237,38,Male,68,North Dakota,L,Green,Winter,3.4,Yes,Yes,39,PayPal,Fortnightly,Adult,Medium
4085,67,Female,70.87,Chicago,,Green,Autumn,2,No,No,,Credit Card,Weekly,Senior,High
2941,61,Female,85,Massachusetts,L,Beige,Summer,4.8,No,No,13,Cash,Monthly,Senior,High
2648,60,Male,58,South Carolina,M,Red,Summer,3.3,No,No,25,Debit Card,Annually,Senior,Medium
3083,56,Female,99,Utah,M,Maroon,Spring,4,No,No,20,Bank Transfer,Annually,Senior,High
234,19,Male,83,Arizona,XL,Yellow,Fall,4.5,Yes,Yes,27,Bank Transfer,Every 3 Months,Teen,High
2697,57,Female,20,South Dakota,M,White,Spring,4.7,No,No,12,Debit Card,Monthly,Senior,Low
3130,60,Female,20,Maryland,S,Cyan,Summer,4.7,No,No,40,Venmo,Every 3 Months,Senior,Low
1068,18,Male,43,Pennsylvania,S,Peach,Summer,2.7,No,Yes,22,PayPal,Quarterly,Teen,Medium
1095,25,Male,40,Connecticut,M,Black,Winter,4.8,No,Yes,25,Cash,Quarterly,Young Adult,Medium
284,32,Male,30,Montana,S,Maroon,Fall,3.2,Yes,Yes,16,Venmo,Annually,Young Adult,Medium
1413,25,Male,100,Michigan,M,Charcoal,Summer,2.6,No,Yes,43,Venmo,Annually,Young Adult,High
4115,69,Other,,Los Angeles,M,Red,Winter,3,No,No,5,Credit Card,Weekly,Senior,High
6,46,Male,20,Wyoming,M,White,Summer,2.9,Yes,Yes,14,Venmo,Weekly,Adult,Low
249,47,Male,100,Pennsylvania,M,Blue,Winter,4.8,Yes,Yes,33,PayPal,Weekly,Adult,High
854,62,Male,43,Delaware,L,Orange,Winter,4,Yes,Yes,35,Cash,Monthly,Senior,Medium
3615,46,Female,25,Delaware,L,Maroon,Spring,4.7,No,No,19,Bank Transfer,Annually,Adult,Low
4268,62,Other,,New York,L,Blue,Spring,,Yes,Yes,12,PayPal,Quarterly,Senior,High
3097,69,Female,63,Kansas,L,White,Winter,3.5,No,No,20,Bank Transfer,Monthly,Senior,Medium
2260,60,Male,96,Florida,XL,Beige,Spring,3.3,No,No,24,Cash,Annually,Senior,High
1137,23,Male,83,Illinois,S,Cyan,Summer,4.8,No,Yes,37,Cash,Monthly,Young Adult,High
1035,68,Male,29,Maryland,M,Olive,Fall,4.2,Yes,Yes,44,Bank Transfer,Weekly,Senior,Low
682,30,Male,59,Louisiana,XL,Purple,Winter,3.8,Yes,Yes,24,Credit Card,Every 3 Months,Young Adult,Medium
1057,20,Male,64,Idaho,L,Black,Winter,2.9,No,Yes,42,Venmo,Fortnightly,Teen,Medium
2681,44,Female,37,Nebraska,L,Indigo,Fall,3.3,No,No,21,Venmo,Annually,Adult,Medium
3819,70,Female,41,Oregon,XL,Indigo,Winter,3.8,No,No,42,Cash,Monthly,Senior,Medium
587,45,Male,20,Wisconsin,S,Blue,Winter,4.9,Yes,Yes,9,Venmo,Annually,Adult,Low
1386,41,Male,64,Mississippi,M,Indigo,Fall,2.6,No,Yes,1,Bank Transfer,Bi-Weekly,Adult,Medium
4853,70,Other,1481.42,Chicago,L,Black,Winter,1,No,No,1,Cash,Weekly,Senior,High
2424,49,Male,81,West Virginia,M,Purple,Summer,2.8,No,No,7,Credit Card,Every 3 Months,Adult,High
768,27,Male,77,Pennsylvania,M,Brown,Fall,2.5,Yes,Yes,11,Cash,Annually,Young Adult,High
3058,67,Female,22,North Carolina,M,Blue,Spring,3.4,No,No,26,Bank Transfer,Weekly,Senior,Low
435,50,Male,52,Oklahoma,L,Pink,Spring,4,Yes,Yes,39,PayPal,Every 3 Months,Adult,Medium
629,69,Male,85,Massachusetts,M,White,Fall,,Yes,Yes,29,Credit Card,Monthly,Senior,High
3851,27,Female,74,Mississippi,L,Indigo,Summer,4.4,No,No,25,Debit Card,Every 3 Months,Young Adult,High
3709,40,Female,96,South Carolina,M,Red,Fall,4.9,No,No,41,PayPal,Monthly,Adult,High
207,24,Male,55,Wisconsin,L,Silver,Summer,4.2,Yes,Yes,6,Venmo,Fortnightly,Young Adult,Medium
2366,52,Male,91,Wyoming,S,Peach,Winter,2.5,No,No,32,Venmo,Monthly,Senior,High
2820,67,Female,27,Georgia,L,Lavender,Spring,3,No,No,19,Cash,Monthly,Senior,Low
3192,62,Female,68,Mississippi,XL,Maroon,Winter,4.7,No,No,42,Credit Card,Every 3 Months,Senior,Medium
1375,22,Male,97,New York,M,Red,Fall,2.7,No,Yes,5,Bank Transfer,Quarterly,Young Adult,High
2293,43,Male,34,Vermont,S,Beige,Spring,3.8,No,No,31,Debit Card,Monthly,Adult,Medium
3486,50,Female,21,Massachusetts,XL,Brown,Winter,3.4,No,No,23,Debit Card,Fortnightly,Adult,Low
4170,55,Male,902.86,Chicago,,Blue,Spring,,No,No,,Debit Card,Quarterly,Senior,High
439,52,Male,23,Iowa,M,Turquoise,Winter,4.3,Yes,Yes,12,Credit Card,Fortnightly,Senior,Low
991,48,Male,63,Washington,S,Yellow,Spring,4.8,Yes,Yes,24,Cash,Weekly,Adult,Medium
1944,32,Male,53,Wisconsin,L,Violet,Summer,3.8,No,No,45,Cash,Annually,Young Adult,Medium
1502,37,Male,55,Alaska,XL,Silver,Spring,2.7,No,Yes,13,Debit Card,Every 3 Months,Adult,Medium
42,67,Male,39,Alaska,M,Orange,Spring,4.5,Yes,Yes,40,Venmo,Annually,Senior,Medium
173,54,Male,67,Nebraska,M,Violet,Summer,3.9,Yes,Yes,42,Credit Card,Bi-Weekly,Senior,Medium
4369,45,Other,,Chicago,XL,Blue,Autumn,1,No,Yes,2,Debit Card,Monthly,Adult,High
5025,55,Female,650.7,New York,XL,White,Autumn,3,No,Yes,28,Cash,Monthly,Senior,High
4623,47,Male,,Chicago,,Green,Summer,,Yes,No,35,PayPal,Monthly,Adult,High
1097,57,Male,46,New Hampshire,S,Beige,Fall,2.6,No,Yes,48,Credit Card,Annually,Senior,Medium
4241,29,Male,,New York,,Green,Winter,,Yes,Yes,17,Debit Card,Quarterly,Young Adult,High
1459,35,Male,28,Missouri,M,Peach,Spring,2.9,No,Yes,34,Venmo,Weekly,Young Adult,Low
2849,33,Female,72,Wisconsin,L,Gray,Fall,4.9,No,No,28,Bank Transfer,Quarterly,Young Adult,High
1112,22,Male,66,New York,S,Olive,Summer,4.1,No,Yes,4,Credit Card,Bi-Weekly,Young Adult,Medium
3218,44,Female,58,Oregon,M,Silver,Fall,3.4,No,No,46,Venmo,Weekly,Adult,Medium
611,53,Male,72,Oklahoma,M,Charcoal,Summer,2.5,Yes,Yes,27,Bank Transfer,Every 3 Months,Senior,High
4604,66,Female,561.28,New York,,Red,Winter,5,No,No,,Credit Card,Weekly,Senior,High
3101,50,Female,85,Vermont,L,Purple,Winter,3.9,No,No,3,Bank Transfer,Weekly,Adult,High
3332,55,Female,58,California,M,Pink,Summer,3.5,No,No,39,PayPal,Quarterly,Senior,Medium
605,44,Male,92,West Virginia,S,Pink,Fall,4.4,Yes,Yes,11,Credit Card,Every 3 Months,Adult,High
81,19,Male,72,New York,XL,Blue,Summer,,Yes,Yes,24,Credit Card,Every 3 Months,Teen,High
5084,53,Male,,Houston,,Blue,Spring,,No,No,,Debit Card,Quarterly,Senior,High
958,38,Male,23,Indiana,XL,Violet,Spring,4.7,Yes,Yes,11,Cash,Quarterly,Adult,Low
5090,65,Other,,Los Angeles,,Blue,Winter,2,No,Yes,21,Credit Card,Weekly,Senior,High
4578,44,Other,,Chicago,L,Black,Winter,,Yes,Yes,26,Cash,Weekly,Adult,High
2881,19,Female,61,Florida,L,Beige,Winter,4.8,No,No,43,PayPal,Quarterly,Teen,Medium
2860,31,Female,32,Utah,L,Yellow,Fall,3.4,No,No,29,Bank Transfer,Annually,Young Adult,Medium
2279,61,Male,25,Maryland,M,Maroon,Fall,3.8,No,No,6,Cash,Every 3 Months,Senior,Low
4271,58,Female,,New York,,Blue,Spring,,No,Yes,15,Credit Card,Monthly,Senior,High
4960,52,Male,286.38,Chicago,L,Black,Autumn,1,Yes,Yes,,PayPal,Quarterly,Senior,High
584,25,Male,78,California,L,Yellow,Spring,4,Yes,Yes,38,PayPal,Monthly,Young Adult,High
3447,51,Female,55,Louisiana,S,Purple,Spring,5,No,No,20,Cash,Weekly,Senior,Medium
999,51,Male,90,Connecticut,M,White,Spring,3.8,Yes,Yes,48,Bank Transfer,Bi-Weekly,Senior,High
874,51,Male,77,Mississippi,M,Pink,Summer,4.2,Yes,Yes,24,Venmo,Quarterly,Senior,High
2543,61,Male,22,Arkansas,M,White,Winter,3.7,No,No,27,PayPal,Annually,Senior,Low
1859,22,Male,69,Maine,S,Peach,Spring,4.9,No,No,8,Debit Card,Annually,Young Adult,Medium
2961,57,Female,48,Indiana,S,Olive,Spring,3.6,No,No,47,Credit Card,Weekly,Senior,Medium
4784,57,Male,1360.55,New York,L,Blue,Summer,,Yes,Yes,,Credit Card,Monthly,Senior,High
3807,18,Female,71,Missouri,M,Teal,Spring,3,No,No,41,PayPal,Weekly,Teen,High
5,45,Male,49,Oregon,M,Turquoise,Spring,2.7,Yes,Yes,31,PayPal,Annually,Adult,Medium
2702,49,Female,30,Idaho,L,Silver,Summer,2.8,No,No,18,Bank Transfer,Fortnightly,Adult,Medium
888,70,Male,47,Minnesota,L,Turquoise,Winter,3.3,Yes,Yes,33,PayPal,Fortnightly,Senior,Medium
1311,43,Male,59,South Carolina,L,Brown,Winter,3.1,No,Yes,38,Credit Card,Every 3 Months,Adult,Medium
3317,42,Female,45,New Mexico,M,Olive,Summer,3.1,No,No,5,Debit Card,Fortnightly,Adult,Medium
2930,31,Female,53,Maine,XL,White,Winter,4.5,No,No,42,Venmo,Fortnightly,Young Adult,Medium
2570,42,Male,75,New York,M,Charcoal,Spring,4.8,No,No,10,Bank Transfer,Bi-Weekly,Adult,High
3145,23,Female,70,Maine,L,Beige,Spring,2.6,No,No,12,Debit Card,Quarterly,Young Adult,High
911,49,Male,25,South Carolina,S,Pink,Spring,3.4,Yes,Yes,22,Credit Card,Monthly,Adult,Low
349,56,Male,59,South Carolina,M,Beige,Fall,2.7,Yes,Yes,17,PayPal,Fortnightly,Senior,Medium
3877,60,Female,85,Wisconsin,S,Cyan,Fall,2.6,No,No,7,Cash,Annually,Senior,High
4251,20,Male,956.02,Chicago,XL,White,Spring,,Yes,Yes,6,Cash,Monthly,Teen,High
4287,29,Male,,New York,XL,Green,Autumn,,Yes,No,1,Cash,Monthly,Young Adult,High
5036,30,Female,,Los Angeles,M,Blue,Summer,4,No,Yes,30,Debit Card,Weekly,Young Adult,High
4988,46,Other,1164.11,Los Angeles,S,Green,Autumn,,Yes,No,,PayPal,Monthly,Adult,High
5001,24,Other,,Chicago,L,Green,Autumn,3,Yes,No,45,Cash,Weekly,Young Adult,High
1693,56,Male,75,Utah,M,Beige,Winter,2.6,No,No,33,Cash,Bi-Weekly,Senior,High
1376,42,Male,31,Maine,L,Brown,Spring,4.1,No,Yes,8,Credit Card,Annually,Adult,Medium
5079,60,Female,,New York,M,Black,Spring,,Yes,No,,Credit Card,Quarterly,Senior,High
147,52,Male,30,Colorado,S,Black,Fall,4,Yes,Yes,21,Venmo,Fortnightly,Senior,Medium
1694,63,Male,88,Tennessee,XL,Olive,Fall,4.9,No,No,45,Bank Transfer,Fortnightly,Senior,High
3547,60,Female,79,Kansas,M,Violet,Summer,3.6,No,No,37,Bank Transfer,Bi-Weekly,Senior,High
828,31,Male,51,Colorado,S,Green,Fall,4.1,Yes,Yes,33,Bank Transfer,Fortnightly,Young Adult,Medium
497,30,Male,63,California,S,Maroon,Fall,3.3,Yes,Yes,31,Venmo,Fortnightly,Young Adult,Medium
1931,66,Male,52,North Carolina,L,Turquoise,Spring,3.5,No,No,26,Cash,Weekly,Senior,Medium
1421,22,Male,53,California,XL,Gray,Summer,4.6,No,Yes,45,PayPal,Every 3 Months,Young Adult,Medium
4635,56,Male,1096.71,Phoenix,M,Blue,Spring,4,No,Yes,,Credit Card,Monthly,Senior,High
3494,48,Female,82,New Mexico,XL,Black,Winter,4.7,No,No,35,Credit Card,Weekly,Adult,High
2617,61,Male,55,Georgia,XL,Purple,Spring,3.6,No,No,46,Cash,Annually,Senior,Medium
2827,32,Female,43,Florida,L,Brown,Fall,3.6,No,No,23,Venmo,Annually,Young Adult,Medium
2271,27,Male,72,Georgia,L,Purple,Spring,3.5,No,No,7,Venmo,Weekly,Young Adult,High
3441,45,Female,63,Maryland,L,Magenta,Fall,4.3,No,No,2,PayPal,Weekly,Adult,Medium
2208,69,Male,38,New Mexico,M,Gray,Fall,2.9,No,No,11,Credit Card,Annually,Senior,Medium
3781,54,Female,57,Mississippi,L,Yellow,Fall,4.1,No,No,41,Venmo,Quarterly,Senior,Medium
154,69,Male,55,North Carolina,M,Maroon,Winter,3.2,Yes,Yes,22,Debit Card,Annually,Senior,Medium
1390,59,Male,72,Illinois,L,Orange,Fall,2.6,No,Yes,8,Debit Card,Fortnightly,Senior,High
2312,27,Male,28,Montana,L,Gold,Spring,4.8,No,No,10,Bank Transfer,Every 3 Months,Young Adult,Low
2429,65,Male,38,Idaho,M,Violet,Spring,4.4,No,No,34,Debit Card,Annually,Senior,Medium
2608,41,Male,36,Oklahoma,XL,Teal,Spring,3.1,No,No,38,PayPal,Every 3 Months,Adult,Medium
266,32,Male,59,Michigan,M,Gray,Spring,3.2,Yes,Yes,17,Bank Transfer,Bi-Weekly,Young Adult,Medium
2780,61,Female,66,Montana,L,Blue,Winter,4.3,No,No,14,Credit Card,Fortnightly,Senior,Medium
3868,46,Female,21,Maryland,L,Lavender,Summer,2.7,No,No,28,Credit Card,Monthly,Adult,Low
4021,32,Female,,Houston,S,Black,Winter,4,Yes,No,,Credit Card,Quarterly,Young Adult,High
4399,40,Female,,Los Angeles,L,White,Winter,3,Yes,No,,Cash,Quarterly,Adult,High
2413,53,Male,51,Oregon,M,Pink,Winter,4.3,No,No,8,Bank Transfer,Bi-Weekly,Senior,Medium
1305,64,Male,63,Montana,S,Orange,Spring,4,No,Yes,18,PayPal,Every 3 Months,Senior,Medium
1378,33,Male,54,Maryland,L,Olive,Spring,3,No,Yes,42,Venmo,Monthly,Young Adult,Medium
3809,33,Female,28,Washington,M,Pink,Winter,4.7,No,No,6,Debit Card,Bi-Weekly,Young Adult,Low
4339,31,Female,843.84,Phoenix,M,Green,Spring,5,No,Yes,,Debit Card,Quarterly,Young Adult,High
3205,57,Female,92,New Mexico,XL,Lavender,Fall,4.3,No,No,23,Debit Card,Bi-Weekly,Senior,High
4433,32,Male,,Houston,S,Red,Winter,,Yes,No,,Cash,Quarterly,Young Adult,High
1860,54,Male,26,New Jersey,L,Beige,Summer,3.7,No,No,29,Debit Card,Fortnightly,Senior,Low
1869,23,Male,58,Indiana,M,Silver,Spring,4.7,No,No,44,Cash,Fortnightly,Young Adult,Medium
3495,62,Female,38,Washington,M,Silver,Winter,3.5,No,No,41,PayPal,Quarterly,Senior,Medium
3249,22,Female,79,Pennsylvania,S,Teal,Summer,4.2,No,No,41,Bank Transfer,Quarterly,Young Adult,High
1773,58,Male,34,Hawaii,M,Gold,Summer,3.1,No,No,1,Bank Transfer,Annually,Senior,Medium
729,29,Male,78,Nebraska,M,Pink,Winter,3.7,Yes,Yes,12,PayPal,Every 3 Months,Young Adult,High
4422,24,Male,680.04,Chicago,M,White,Winter,,Yes,Yes,12,Debit Card,Quarterly,Young Adult,High
2364,60,Male,79,Pennsylvania,XL,Pink,Winter,4.2,No,No,38,Cash,Bi-Weekly,Senior,High
3446,42,Female,58,Florida,M,Magenta,Fall,4.9,No,No,3,Debit Card,Annually,Adult,Medium
3213,27,Female,22,Wyoming,M,Indigo,Winter,3.6,No,No,21,Debit Card,Weekly,Young Adult,Low
1315,42,Male,67,Missouri,S,Magenta,Summer,3.4,No,Yes,49,Debit Card,Annually,Adult,Medium
2808,56,Female,100,Maryland,M,Charcoal,Spring,4.4,No,No,10,Debit Card,Fortnightly,Senior,High
2463,68,Male,99,Missouri,XL,Orange,Spring,4.3,No,No,31,Bank Transfer,Bi-Weekly,Senior,High
2857,65,Female,48,Iowa,M,Indigo,Winter,3.5,No,No,31,Credit Card,Monthly,Senior,Medium
2620,68,Male,40,Connecticut,L,Indigo,Winter,3.9,No,No,47,Credit Card,Weekly,Senior,Medium
2663,25,Female,98,Nebraska,M,Cyan,Summer,2.8,No,No,44,PayPal,Fortnightly,Young Adult,High
5096,56,Female,,Chicago,,Blue,Summer,5,Yes,Yes,,Debit Card,Weekly,Senior,High
3379,49,Female,75,Minnesota,L,Gold,Fall,4.5,No,No,6,Cash,Quarterly,Adult,High
4829,66,Male,1311.96,New York,XL,Black,Autumn,2,Yes,Yes,,Debit Card,Monthly,Senior,High
1244,25,Male,23,New Hampshire,S,Pink,Spring,3,No,Yes,22,Debit Card,Annually,Young Adult,Low
2642,25,Male,60,Vermont,XL,Olive,Winter,2.7,No,No,20,Bank Transfer,Every 3 Months,Young Adult,Medium
2061,21,Male,63,Wisconsin,M,Blue,Fall,3.2,No,No,23,Bank Transfer,Quarterly,Young Adult,Medium
2889,70,Female,42,Wisconsin,L,Green,Spring,5,No,No,25,Debit Card,Quarterly,Senior,Medium
567,55,Male,93,Alabama,M,Indigo,Spring,3.6,Yes,Yes,1,Debit Card,Fortnightly,Senior,High
864,49,Male,41,Vermont,M,Cyan,Summer,3.9,Yes,Yes,42,PayPal,Fortnightly,Adult,Medium
4374,37,Female,144.61,Chicago,,Blue,Summer,3,Yes,Yes,,Cash,Weekly,Adult,High
3285,70,Female,79,Kentucky,L,White,Spring,4.5,No,No,20,Venmo,Annually,Senior,High
2438,43,Male,59,Wyoming,XL,Magenta,Winter,3.4,No,No,34,Credit Card,Weekly,Adult,Medium
1296,30,Male,60,New Mexico,M,Olive,Fall,2.8,No,Yes,50,PayPal,Weekly,Young Adult,Medium
4105,44,Male,580.6,Houston,L,Green,Spring,,Yes,Yes,,PayPal,Weekly,Adult,High
1882,58,Male,41,New Jersey,M,Red,Winter,4.3,No,No,13,Cash,Bi-Weekly,Senior,Medium
4213,67,Male,444.17,New York,,Blue,Winter,,Yes,Yes,7,PayPal,Quarterly,Senior,High
1581,65,Male,71,North Dakota,L,Cyan,Summer,3.7,No,Yes,30,Cash,Annually,Senior,High
3865,55,Female,99,Wyoming,S,Blue,Winter,4.9,No,No,1,Debit Card,Fortnightly,Senior,High
1623,31,Male,43,Missouri,S,Brown,Winter,4,No,Yes,37,Bank Transfer,Every 3 Months,Young Adult,Medium
4267,25,Male,221.06,Houston,M,Black,Autumn,,Yes,No,,Cash,Weekly,Young Adult,High
4487,23,Female,,Phoenix,S,Green,Summer,5,No,Yes,,Credit Card,Quarterly,Young Adult,High
1561,57,Male,84,Oregon,M,Teal,Winter,3.8,No,Yes,3,Debit Card,Weekly,Senior,High
3534,50,Female,98,Texas,L,Yellow,Fall,4.7,No,No,30,Venmo,Fortnightly,Adult,High
4060,25,Female,,Houston,,White,Autumn,,No,No,,Credit Card,Quarterly,Young Adult,High
1544,56,Male,89,Wisconsin,M,Indigo,Fall,4,No,Yes,24,Venmo,Annually,Senior,High
3720,20,Female,91,Pennsylvania,M,Red,Summer,4.1,No,No,8,Bank Transfer,Every 3 Months,Teen,High
4434,47,Male,599.51,Houston,L,Blue,Summer,5,No,Yes,10,Cash,Weekly,Adult,High
3655,21,Female,98,Arkansas,M,Green,Winter,3.3,No,No,10,Credit Card,Annually,Young Adult,High
2239,40,Male,84,Florida,L,Beige,Winter,3.8,No,No,18,Debit Card,Weekly,Adult,High
3226,53,Female,98,New Hampshire,M,Pink,Fall,3,No,No,31,Credit Card,Weekly,Senior,High
181,51,Male,81,South Dakota,L,Green,Fall,3.3,Yes,Yes,12,Debit Card,Fortnightly,Senior,High
1980,49,Male,98,Tennessee,L,Blue,Spring,2.8,No,No,38,Debit Card,Fortnightly,Adult,High
1029,45,Male,36,Nebraska,S,Lavender,Summer,3.7,Yes,Yes,4,Cash,Fortnightly,Adult,Medium
2045,49,Male,68,Missouri,L,Orange,Spring,3,No,No,17,PayPal,Fortnightly,Adult,Medium
2119,60,Male,44,Georgia,M,Olive,Fall,4.2,No,No,28,Debit Card,Quarterly,Senior,Medium
1107,52,Male,96,Minnesota,L,Violet,Winter,3.6,No,Yes,12,Venmo,Fortnightly,Senior,High
1663,63,Male,24,New Mexico,M,Olive,Winter,4.6,No,Yes,46,Debit Card,Fortnightly,Senior,Low
4650,28,Other,175.64,Houston,M,White,Summer,5,No,No,12,Credit Card,Weekly,Young Adult,High
433,47,Male,86,Indiana,S,Indigo,Fall,3.3,Yes,Yes,26,Venmo,Weekly,Adult,High
2117,67,Male,23,Kansas,M,Teal,Summer,2.9,No,No,50,Debit Card,Bi-Weekly,Senior,Low
4810,53,Male,372.33,Los Angeles,,Red,Autumn,,Yes,No,,Cash,Quarterly,Senior,High
3402,44,Female,71,Nevada,L,Peach,Winter,3.4,No,No,39,Credit Card,Weekly,Adult,High
4380,61,Other,1487,Chicago,,Red,Spring,2,No,No,9,Debit Card,Quarterly,Senior,High
3610,21,Female,39,New Mexico,M,Cyan,Summer,3,No,No,31,Debit Card,Monthly,Young Adult,Medium
2020,31,Male,68,Idaho,S,Red,Winter,4.7,No,No,23,Cash,Fortnightly,Young Adult,Medium
3555,39,Female,55,Louisiana,M,Indigo,Spring,5,No,No,5,Credit Card,Fortnightly,Adult,Medium
765,55,Male,39,Virginia,XL,Silver,Fall,4.2,Yes,Yes,6,Debit Card,Quarterly,Senior,Medium
1845,60,Male,26,South Dakota,M,Purple,Spring,2.7,No,No,31,Credit Card,Annually,Senior,Low
778,55,Male,32,Wyoming,XL,Silver,Spring,2.5,Yes,Yes,37,Venmo,Weekly,Senior,Medium
4699,45,Female,,Chicago,L,Blue,Spring,,No,No,,Debit Card,Weekly,Adult,High
91,25,Male,48,South Carolina,L,Violet,Summer,2.9,Yes,Yes,29,Credit Card,Monthly,Young Adult,Medium
3284,47,Female,24,North Carolina,L,Purple,Spring,2.9,No,No,10,Debit Card,Every 3 Months,Adult,Low
588,29,Male,86,Washington,S,Maroon,Fall,4.2,Yes,Yes,48,Debit Card,Every 3 Months,Young Adult,High
2115,37,Male,51,Vermont,M,Magenta,Winter,2.9,No,No,12,Debit Card,Annually,Adult,Medium
1017,20,Male,30,Idaho,XL,Blue,Summer,3.4,Yes,Yes,15,Bank Transfer,Every 3 Months,Teen,Medium
2610,66,Male,95,Arkansas,M,Black,Summer,3,No,No,18,Debit Card,Bi-Weekly,Senior,High
4920,32,Male,,Houston,XL,Black,Autumn,5,Yes,Yes,41,PayPal,Weekly,Young Adult,High
442,43,Male,81,Florida,M,Maroon,Winter,4.2,Yes,Yes,32,Credit Card,Annually,Adult,High
1711,19,Male,59,Arkansas,XL,Orange,Fall,3.8,No,No,7,Credit Card,Quarterly,Teen,Medium
955,60,Male,74,Louisiana,S,Turquoise,Fall,3.5,Yes,Yes,18,Credit Card,Every 3 Months,Senior,High
4421,57,Female,,Phoenix,XL,White,Spring,,No,Yes,,PayPal,Weekly,Senior,High
3646,38,Female,90,Colorado,L,Silver,Summer,3.4,No,No,31,Credit Card,Every 3 Months,Adult,High
2841,40,Female,47,West Virginia,L,Pink,Spring,3.5,No,No,41,Cash,Annually,Adult,Medium
1551,66,Male,26,Arkansas,S,Black,Summer,2.8,No,Yes,40,Bank Transfer,Quarterly,Senior,Low
1012,43,Male,25,Montana,L,Indigo,Spring,2.9,Yes,Yes,32,Debit Card,Fortnightly,Adult,Low
680,56,Male,95,Michigan,M,Turquoise,Fall,3.4,Yes,Yes,37,Venmo,Fortnightly,Senior,High
3561,18,Female,96,Kansas,XL,Violet,Fall,3.5,No,No,5,Credit Card,Annually,Teen,High
1708,25,Male,81,Nevada,L,Maroon,Fall,4.9,No,No,25,Cash,Bi-Weekly,Young Adult,High
4196,19,Female,,Los Angeles,S,White,Autumn,,Yes,No,,Credit Card,Quarterly,Teen,High
124,57,Male,89,Louisiana,L,Brown,Fall,3.1,Yes,Yes,46,Cash,Weekly,Senior,High
1042,36,Male,25,Minnesota,M,Orange,Summer,4.9,Yes,Yes,11,Cash,Fortnightly,Adult,Low
4117,34,Other,117.29,Los Angeles,L,Black,Spring,,Yes,No,,Cash,Weekly,Young Adult,High
3076,54,Female,90,Utah,XL,Beige,Winter,3.6,No,No,21,PayPal,Every 3 Months,Senior,High
1363,41,Male,46,Colorado,M,Gray,Fall,4.3,No,Yes,29,Cash,Weekly,Adult,Medium
36,54,Male,33,Massachusetts,M,Cyan,Summer,4,Yes,Yes,48,Credit Card,Bi-Weekly,Senior,Medium
118,50,Male,32,South Dakota,L,Yellow,Summer,4.6,Yes,Yes,29,Cash,Fortnightly,Adult,Medium
1524,54,Male,88,Georgia,M,White,Summer,3.3,No,Yes,35,Debit Card,Annually,Senior,High
4840,35,Male,1364.38,New York,,Red,Autumn,,Yes,No,,Credit Card,Monthly,Young Adult,High
1423,44,Male,27,Texas,L,Charcoal,Fall,3.4,No,Yes,3,PayPal,Bi-Weekly,Adult,Low
4690,22,Female,1122.1,Houston,L,Black,Summer,,No,No,1,Debit Card,Quarterly,Young Adult,High
3745,24,Female,51,New Jersey,M,Gray,Summer,2.7,No,No,26,Bank Transfer,Fortnightly,Young Adult,Medium
4791,30,Other,,Houston,,White,Autumn,,Yes,Yes,,Credit Card,Monthly,Young Adult,High
1335,46,Male,52,West Virginia,S,White,Spring,,No,Yes,12,Venmo,Monthly,Adult,Medium
2874,44,Female,40,Montana,M,Teal,Spring,2.6,No,No,8,Bank Transfer,Monthly,Adult,Medium
4229,68,Other,882.19,New York,,Green,Winter,,No,Yes,,Debit Card,Weekly,Senior,High
2877,65,Female,84,New Mexico,M,Charcoal,Spring,3.4,No,No,5,Bank Transfer,Fortnightly,Senior,High
2002,51,Male,90,Wyoming,S,Purple,Winter,2.6,No,No,2,Debit Card,Fortnightly,Senior,High
3641,47,Female,31,Minnesota,L,Pink,Spring,4,No,No,17,PayPal,Monthly,Adult,Medium
1073,48,Male,92,Idaho,L,Gold,Fall,,No,Yes,34,Debit Card,Fortnightly,Adult,High
4157,40,Male,20.19,Phoenix,,Green,Autumn,1,Yes,Yes,,Debit Card,Quarterly,Adult,Low
3273,58,Female,99,Texas,M,Lavender,Winter,3.1,No,No,34,PayPal,Quarterly,Senior,High
5013,54,Female,1436.4,Phoenix,M,White,Autumn,,No,Yes,8,PayPal,Quarterly,Senior,High
3669,59,Female,71,Michigan,XL,Magenta,Summer,3.2,No,No,18,Venmo,Annually,Senior,High
3540,29,Female,56,New York,S,Green,Spring,3.2,No,No,17,Credit Card,Bi-Weekly,Young Adult,Medium
4554,33,Female,,Los Angeles,L,Black,Winter,3,No,Yes,22,Debit Card,Monthly,Young Adult,High
1388,21,Male,85,Maryland,M,Gold,Winter,3.8,No,Yes,20,Credit Card,Monthly,Young Adult,High
4890,36,Female,,Phoenix,S,Blue,Autumn,5,Yes,No,,Credit Card,Weekly,Adult,High
2927,64,Female,82,Maryland,M,Gray,Winter,4.8,No,No,9,Cash,Weekly,Senior,High
2116,44,Male,85,Rhode Island,M,Violet,Winter,3.4,No,No,16,Bank Transfer,Bi-Weekly,Adult,High
1114,28,Male,80,Maryland,M,Purple,Summer,4.8,No,Yes,11,PayPal,Bi-Weekly,Young Adult,High
3832,36,Female,86,Nevada,L,Silver,Spring,4,No,No,16,Debit Card,Every 3 Months,Adult,High
1746,40,Male,27,West Virginia,L,Red,Winter,3.6,No,No,27,Cash,Weekly,Adult,Low
3569,29,Female,71,Arkansas,M,Purple,Spring,4.8,No,No,14,PayPal,Quarterly,Young Adult,High
2762,31,Female,82,Michigan,M,Purple,Fall,3.4,No,No,3,Credit Card,Every 3 Months,Young Adult,High
2538,44,Male,49,Maine,M,Purple,Summer,4.1,No,No,30,PayPal,Fortnightly,Adult,Medium
3330,34,Female,54,New Jersey,M,Gray,Winter,3.8,No,No,1,Debit Card,Bi-Weekly,Young Adult,Medium
4495,21,Female,711.4,Los Angeles,,Black,Autumn,,No,No,35,PayPal,Monthly,Young Adult,High
3793,43,Female,58,Massachusetts,S,Turquoise,Summer,2.6,No,No,2,PayPal,Fortnightly,Adult,Medium
3391,32,Female,70,Oregon,S,Red,Summer,3,No,No,38,PayPal,Annually,Young Adult,High
676,64,Male,86,Arkansas,M,Yellow,Spring,2.6,Yes,Yes,9,Cash,Annually,Senior,High
894,33,Male,51,Nebraska,M,Red,Spring,4.7,Yes,Yes,14,Venmo,Monthly,Young Adult,Medium
1905,22,Male,71,Nevada,S,Silver,Spring,4.2,No,No,46,Cash,Monthly,Young Adult,High
2224,30,Male,65,Kansas,M,Gray,Fall,4.7,No,No,5,PayPal,Quarterly,Young Adult,Medium
4335,22,Other,,Los Angeles,M,Blue,Spring,5,No,No,1,Debit Card,Weekly,Young Adult,High
4177,51,Other,,Los Angeles,S,Black,Autumn,,No,No,,Cash,Monthly,Senior,High
1589,48,Male,24,Vermont,L,Cyan,Winter,3.2,No,Yes,3,Venmo,Monthly,Adult,Low
3015,24,Female,65,Utah,M,Maroon,Spring,4.5,No,No,38,PayPal,Every 3 Months,Young Adult,Medium
2306,68,Male,63,Maine,M,Gold,Summer,2.6,No,No,47,Cash,Weekly,Senior,Medium
3288,24,Female,63,West Virginia,L,Black,Spring,4.3,No,No,38,Credit Card,Weekly,Young Adult,Medium
4178,63,Other,,Houston,,Blue,Summer,,Yes,No,15,PayPal,Quarterly,Senior,High
2010,37,Male,99,Alabama,M,Indigo,Summer,3.8,No,No,26,Venmo,Bi-Weekly,Adult,High
1508,66,Male,86,Pennsylvania,S,Maroon,Winter,3.7,No,Yes,7,Venmo,Annually,Senior,High
123,40,Male,40,Washington,L,Brown,Spring,4.8,Yes,Yes,44,Cash,Fortnightly,Adult,Medium
2955,33,Female,28,South Dakota,M,Indigo,Winter,3.9,No,No,15,Credit Card,Annually,Young Adult,Low
1448,23,Male,57,New Mexico,S,Beige,Summer,3,No,Yes,25,PayPal,Monthly,Young Adult,Medium
4936,58,Female,,Houston,XL,Black,Autumn,2,No,No,,PayPal,Weekly,Senior,High
1822,57,Male,53,Maine,M,Teal,Spring,2.8,No,No,29,PayPal,Quarterly,Senior,Medium
2237,23,Male,88,Louisiana,M,Yellow,Winter,2.7,No,No,18,Debit Card,Fortnightly,Young Adult,High
4144,22,Female,,Chicago,,White,Autumn,,Yes,Yes,14,PayPal,Quarterly,Young Adult,High
7,63,Male,85,Montana,M,Gray,Fall,3.2,Yes,Yes,49,Cash,Quarterly,Senior,High
1682,24,Male,95,Virginia,L,Green,Winter,3.7,No,No,14,Credit Card,Bi-Weekly,Young Adult,High
1253,28,Male,41,Massachusetts,L,Magenta,Fall,4,No,Yes,8,Cash,Quarterly,Young Adult,Medium
4503,32,Male,,Chicago,S,Red,Winter,1,No,No,,Cash,Quarterly,Young Adult,High
4350,64,Other,247.51,Chicago,S,Green,Winter,4,No,No,14,Debit Card,Weekly,Senior,High
204,70,Male,38,Indiana,S,Yellow,Fall,3.2,Yes,Yes,18,Bank Transfer,Weekly,Senior,Medium
2976,61,Female,68,Georgia,XL,Lavender,Winter,4.5,No,No,48,Cash,Every 3 Months,Senior,Medium
288,56,Male,37,Delaware,L,Blue,Spring,3.4,Yes,Yes,18,Venmo,Fortnightly,Senior,Medium
2741,19,Female,70,Pennsylvania,M,Lavender,Summer,4.9,No,No,34,Bank Transfer,Fortnightly,Teen,High
4648,46,Male,90.6,Phoenix,,White,Spring,2,No,Yes,25,PayPal,Monthly,Adult,High
2781,33,Female,70,Ohio,M,Charcoal,Winter,4.1,No,No,29,PayPal,Fortnightly,Young Adult,High
4731,35,Male,,New York,XL,White,Winter,4,No,No,47,PayPal,Weekly,Young Adult,High
4507,20,Male,,Chicago,,Red,Summer,,Yes,Yes,9,Debit Card,Quarterly,Teen,High
1856,60,Male,76,Rhode Island,XL,Teal,Spring,4.7,No,No,9,Cash,Annually,Senior,High
464,37,Male,81,Georgia,S,Orange,Summer,2.7,Yes,Yes,29,Venmo,Weekly,Adult,High
4570,56,Other,1075.74,New York,,Red,Spring,,No,No,10,Cash,Monthly,Senior,High
3386,62,Female,83,Rhode Island,M,Olive,Winter,2.8,No,No,16,Credit Card,Every 3 Months,Senior,High
5019,26,Female,,Los Angeles,S,Blue,Winter,3,No,Yes,4,Cash,Quarterly,Young Adult,High
4366,66,Female,,New York,,Blue,Spring,,No,No,6,Credit Card,Quarterly,Senior,High
1794,65,Male,92,Iowa,S,White,Fall,3.8,No,No,45,Cash,Every 3 Months,Senior,High
4797,38,Male,,Houston,S,White,Spring,,No,Yes,15,Debit Card,Monthly,Adult,High
4930,25,Other,283.65,Los Angeles,M,Black,Autumn,5,No,Yes,,Credit Card,Quarterly,Young Adult,High
2931,38,Female,50,Mississippi,M,Orange,Spring,4,No,No,14,Venmo,Monthly,Adult,Medium
3366,43,Female,58,Tennessee,L,Teal,Fall,3.9,No,No,45,Credit Card,Every 3 Months,Adult,Medium
2251,41,Male,89,Colorado,L,Pink,Summer,4.6,No,No,19,Credit Card,Weekly,Adult,High
3568,32,Female,56,New Mexico,S,Silver,Summer,4,No,No,26,Credit Card,Monthly,Young Adult,Medium
3283,24,Female,94,California,M,Red,Fall,4.8,No,No,5,Credit Card,Monthly,Young Adult,High
2933,65,Female,88,Alaska,L,Black,Spring,3.9,No,No,3,PayPal,Quarterly,Senior,High
444,22,Male,67,Hawaii,M,Magenta,Summer,3.6,Yes,Yes,24,PayPal,Annually,Young Adult,Medium
1598,43,Male,21,Mississippi,XL,Maroon,Winter,2.6,No,Yes,34,Bank Transfer,Quarterly,Adult,Low
4916,33,Other,1185.76,Phoenix,,Blue,Autumn,2,No,No,18,PayPal,Weekly,Young Adult,High
4904,20,Female,,New York,XL,Black,Summer,3,No,No,29,PayPal,Weekly,Teen,High
2356,22,Male,35,Tennessee,S,Purple,Winter,4.1,No,No,12,Cash,Monthly,Young Adult,Medium
1587,25,Male,77,Oklahoma,M,Purple,Fall,4,No,Yes,21,Bank Transfer,Weekly,Young Adult,High
2392,42,Male,74,Michigan,M,Black,Winter,4.6,No,No,31,Bank Transfer,Quarterly,Adult,High
3698,55,Female,66,Pennsylvania,L,Pink,Winter,3,No,No,39,Cash,Weekly,Senior,Medium
46,50,Male,21,Tennessee,XL,Indigo,Fall,2.9,Yes,Yes,25,PayPal,Annually,Adult,Low
743,64,Male,39,Nevada,M,Charcoal,Summer,3.1,Yes,Yes,21,Debit Card,Quarterly,Senior,Medium
4613,36,Male,1186.54,Los Angeles,S,Blue,Summer,,No,No,39,Debit Card,Quarterly,Adult,High
4752,47,Male,1365.82,Chicago,,Red,Winter,2,Yes,No,,Debit Card,Weekly,Adult,High
1718,29,Male,50,Hawaii,L,Orange,Summer,2.9,No,No,16,Debit Card,Bi-Weekly,Young Adult,Medium
4657,27,Female,,New York,S,White,Summer,3,No,No,,PayPal,Weekly,Young Adult,High
1903,31,Male,22,New Mexico,S,Olive,Spring,5,No,No,21,Venmo,Monthly,Young Adult,Low
1986,23,Male,97,Tennessee,M,Gold,Spring,3.9,No,No,6,Credit Card,Fortnightly,Young Adult,High
4308,69,Female,,Houston,,White,Winter,,No,Yes,,PayPal,Weekly,Senior,High
179,61,Male,43,Idaho,L,Lavender,Fall,4.3,Yes,Yes,21,PayPal,Quarterly,Senior,Medium
3608,50,Female,93,New Mexico,L,Charcoal,Fall,3.3,No,No,20,Venmo,Bi-Weekly,Adult,High
3065,22,Female,76,Idaho,S,Cyan,Winter,3.6,No,No,49,Bank Transfer,Quarterly,Young Adult,High
2049,45,Male,64,Michigan,XL,Pink,Winter,3.9,No,No,35,Bank Transfer,Quarterly,Adult,Medium
5000,50,Female,238.66,Los Angeles,L,Green,Summer,,No,Yes,,PayPal,Quarterly,Adult,High
260,32,Male,57,Louisiana,M,Gold,Fall,2.9,Yes,Yes,13,Debit Card,Annually,Young Adult,Medium
4063,54,Female,134.5,Chicago,S,Red,Autumn,1,No,Yes,0,Debit Card,Quarterly,Senior,High
1607,55,Male,21,Kansas,S,White,Spring,4.3,No,Yes,4,PayPal,Fortnightly,Senior,Low
2747,39,Female,25,Ohio,M,Orange,Fall,3.7,No,No,21,PayPal,Every 3 Months,Adult,Low
1223,58,Male,69,Indiana,L,Magenta,Fall,3.4,No,Yes,27,Bank Transfer,Annually,Senior,Medium
1665,19,Male,53,Minnesota,M,Purple,Spring,5,No,Yes,35,PayPal,Weekly,Teen,Medium
1096,19,Male,34,Tennessee,S,Peach,Summer,3,No,Yes,30,Bank Transfer,Quarterly,Teen,Medium
2944,29,Female,44,Virginia,M,Orange,Spring,3.4,No,No,37,Credit Card,Monthly,Young Adult,Medium
819,59,Male,91,Idaho,M,Peach,Winter,4.9,Yes,Yes,34,Debit Card,Monthly,Senior,High
3593,61,Female,82,New Jersey,L,Lavender,Spring,4.4,No,No,18,Venmo,Fortnightly,Senior,High
1514,22,Male,35,Texas,M,Red,Spring,4.1,No,Yes,27,Cash,Monthly,Young Adult,Medium
887,19,Male,54,Utah,S,Brown,Summer,3.6,Yes,Yes,48,Bank Transfer,Monthly,Teen,Medium
908,32,Male,43,Missouri,L,Cyan,Winter,4.4,Yes,Yes,34,Credit Card,Bi-Weekly,Young Adult,Medium
3871,61,Female,46,Ohio,L,Lavender,Fall,3.2,No,No,19,Cash,Every 3 Months,Senior,Medium
3211,30,Female,67,Nevada,M,Magenta,Summer,2.9,No,No,43,Venmo,Bi-Weekly,Young Adult,Medium
719,22,Male,22,Florida,M,Peach,Summer,4.6,Yes,Yes,25,Bank Transfer,Annually,Young Adult,Low
4465,60,Female,39.78,Houston,,Green,Summer,,No,No,,PayPal,Quarterly,Senior,Medium
2784,19,Female,38,Virginia,M,Silver,Spring,4.5,No,No,26,Credit Card,Quarterly,Teen,Medium
4200,68,Other,1138.62,Chicago,XL,White,Winter,5,Yes,Yes,,Debit Card,Weekly,Senior,High
3612,63,Female,82,Washington,M,Silver,Spring,2.9,No,No,30,Credit Card,Annually,Senior,High
2975,57,Female,99,Tennessee,XL,Peach,Summer,4.1,No,No,34,Credit Card,Weekly,Senior,High
2072,69,Male,100,South Carolina,S,Yellow,Fall,4.8,No,No,37,PayPal,Quarterly,Senior,High
2743,27,Female,86,Texas,M,Black,Spring,3.9,No,No,47,Debit Card,Annually,Young Adult,High
4254,59,Other,888.11,New York,XL,White,Winter,3,Yes,No,13,Credit Card,Quarterly,Senior,High
1765,61,Male,56,Delaware,M,Charcoal,Summer,3,No,No,34,Venmo,Quarterly,Senior,Medium
273,48,Male,26,Oregon,M,Beige,Summer,4.4,Yes,Yes,37,Debit Card,Bi-Weekly,Adult,Low
5018,39,Other,1384.92,New York,L,Blue,Winter,,Yes,Yes,,Debit Card,Monthly,Adult,High
1243,56,Male,27,Nevada,M,Lavender,Summer,4,No,Yes,15,Bank Transfer,Quarterly,Senior,Low
4467,25,Female,130.8,Houston,S,Green,Winter,5,Yes,Yes,,Credit Card,Monthly,Young Adult,High
3777,19,Female,25,Alaska,L,Olive,Spring,4.1,No,No,10,Credit Card,Fortnightly,Teen,Low
832,66,Male,63,Washington,M,Red,Summer,4.3,Yes,Yes,47,Cash,Every 3 Months,Senior,Medium
2891,39,Female,55,North Dakota,M,Violet,Winter,3.7,No,No,23,Credit Card,Monthly,Adult,Medium
1003,55,Male,59,North Dakota,M,White,Spring,3.5,Yes,Yes,3,Bank Transfer,Bi-Weekly,Senior,Medium
4675,70,Female,,New York,XL,Black,Spring,,No,No,,Debit Card,Monthly,Senior,High
4750,38,Other,34.72,Los Angeles,,Green,Summer,2,Yes,Yes,41,Credit Card,Weekly,Adult,Medium
2330,49,Male,97,Nebraska,S,Teal,Spring,4.8,No,No,42,Bank Transfer,Annually,Adult,High
1699,25,Male,41,Iowa,XL,Turquoise,Winter,4.8,No,No,46,Bank Transfer,Quarterly,Young Adult,Medium
1533,68,Male,46,Wisconsin,S,Silver,Winter,4.4,No,Yes,5,PayPal,Every 3 Months,Senior,Medium
2095,53,Male,25,South Carolina,M,Indigo,Spring,3.4,No,No,19,Venmo,Annually,Senior,Low
2094,21,Male,91,Washington,M,Maroon,Spring,4.2,No,No,4,Debit Card,Annually,Young Adult,High
3741,42,Female,96,Virginia,M,Silver,Summer,2.6,No,No,26,Debit Card,Bi-Weekly,Adult,High
3304,20,Female,60,Mississippi,S,Turquoise,Summer,3.4,No,No,4,Credit Card,Fortnightly,Teen,Medium
534,57,Male,60,North Carolina,L,Pink,Spring,4.5,Yes,Yes,17,Debit Card,Weekly,Senior,Medium
2736,46,Female,29,California,M,Yellow,Spring,3,No,No,2,PayPal,Bi-Weekly,Adult,Low
1037,68,Male,47,Hawaii,M,Yellow,Fall,3.7,Yes,Yes,13,Bank Transfer,Monthly,Senior,Medium
2660,35,Female,35,Kansas,L,Gray,Summer,4.4,No,No,46,Credit Card,Fortnightly,Young Adult,Medium
1325,39,Male,77,Indiana,S,Orange,Summer,3.8,No,Yes,11,Credit Card,Fortnightly,Adult,High
4446,50,Other,,Los Angeles,S,Black,Winter,,Yes,No,30,PayPal,Weekly,Adult,High
1234,46,Male,73,Utah,L,Beige,Winter,3.5,No,Yes,40,Venmo,Every 3 Months,Adult,High
477,21,Male,90,Connecticut,M,Magenta,Spring,3.5,Yes,Yes,2,Debit Card,Fortnightly,Young Adult,High
188,19,Male,94,Georgia,S,Purple,Spring,3.3,Yes,Yes,1,Bank Transfer,Bi-Weekly,Teen,High
3727,47,Female,85,Idaho,XL,Orange,Fall,4.3,No,No,36,Debit Card,Every 3 Months,Adult,High
471,50,Male,63,Minnesota,L,Teal,Summer,4.6,Yes,Yes,6,Cash,Every 3 Months,Adult,Medium
2867,54,Female,75,Connecticut,S,Violet,Summer,3.1,No,No,19,Cash,Annually,Senior,High
4592,57,Female,584.16,New York,M,Blue,Autumn,5,No,Yes,49,Debit Card,Quarterly,Senior,High
4902,29,Other,398.16,New York,XL,Red,Spring,,Yes,Yes,,Credit Card,Quarterly,Young Adult,High
51,49,Male,28,Maryland,M,Red,Spring,,Yes,Yes,39,Debit Card,Bi-Weekly,Adult,Low
4458,66,Female,,Phoenix,M,Red,Spring,,Yes,Yes,,PayPal,Monthly,Senior,High
659,62,Male,37,Louisiana,S,White,Fall,4.9,Yes,Yes,20,Venmo,Weekly,Senior,Medium
2932,36,Female,31,Alabama,M,Magenta,Fall,4.5,No,No,49,Credit Card,Bi-Weekly,Adult,Medium
4848,48,Male,1238.3,Chicago,,Red,Summer,,Yes,Yes,,Credit Card,Weekly,Adult,High
4786,47,Female,532.19,Los Angeles,,White,Spring,5,No,Yes,,Debit Card,Quarterly,Adult,High
286,29,Male,39,Kentucky,XL,Yellow,Summer,4.8,Yes,Yes,3,Debit Card,Bi-Weekly,Young Adult,Medium
1865,19,Male,72,Wyoming,S,Cyan,Fall,3.2,No,No,21,Venmo,Quarterly,Teen,High
1254,39,Male,23,Montana,XL,Red,Winter,4.9,No,Yes,49,PayPal,Annually,Adult,Low
2529,52,Male,47,Alabama,S,Peach,Fall,4.7,No,No,31,Debit Card,Monthly,Senior,Medium
4800,30,Male,1404.42,New York,,Red,Winter,,No,No,,Debit Card,Monthly,Young Adult,High
4787,23,Other,1380.02,Houston,M,Green,Spring,,Yes,No,,PayPal,Quarterly,Young Adult,High
2334,33,Male,77,Kansas,M,Beige,Spring,3.8,No,No,1,PayPal,Every 3 Months,Young Adult,High
4084,60,Other,1100.8,Chicago,XL,Blue,Autumn,3,Yes,No,,Cash,Quarterly,Senior,High
3281,45,Female,57,New York,L,Red,Winter,2.7,No,No,5,PayPal,Monthly,Adult,Medium
382,66,Male,25,Maine,L,Lavender,Winter,3.4,Yes,Yes,3,Credit Card,Every 3 Months,Senior,Low
925,52,Male,78,Kansas,XL,Beige,Winter,3.1,Yes,Yes,37,Cash,Quarterly,Senior,High
4226,41,Female,1472.22,Chicago,L,Green,Spring,,No,Yes,,Debit Card,Monthly,Adult,High
2852,58,Female,73,Nevada,L,Teal,Summer,3,No,No,42,Debit Card,Monthly,Senior,High
3155,27,Female,55,Connecticut,M,Gold,Winter,4.4,No,No,32,Cash,Quarterly,Young Adult,Medium
764,61,Male,50,North Carolina,M,Brown,Spring,2.9,Yes,Yes,6,Credit Card,Monthly,Senior,Medium
1069,55,Male,94,Wyoming,M,Olive,Fall,2.5,No,Yes,47,Credit Card,Weekly,Senior,High
3471,19,Female,69,West Virginia,S,Olive,Summer,4.5,No,No,31,Cash,Bi-Weekly,Teen,Medium
2940,32,Female,46,Kentucky,M,Beige,Winter,4.3,No,No,34,Venmo,Weekly,Young Adult,Medium
3139,47,Female,95,Kentucky,L,Gray,Fall,4.6,No,No,40,Cash,Every 3 Months,Adult,High
852,35,Male,86,Massachusetts,M,Red,Summer,2.9,Yes,Yes,19,Debit Card,Monthly,Young Adult,High
1909,18,Male,71,Georgia,XL,Charcoal,Winter,2.7,No,No,19,Debit Card,Bi-Weekly,Teen,High
3784,39,Female,66,Maine,XL,Orange,Summer,3.2,No,No,17,Debit Card,Fortnightly,Adult,Medium
2753,48,Female,64,Colorado,S,Peach,Winter,4,No,No,30,Venmo,Bi-Weekly,Adult,Medium
1487,25,Male,73,Idaho,S,Yellow,Spring,5,No,Yes,23,Venmo,Every 3 Months,Young Adult,High
694,46,Male,52,Vermont,L,Turquoise,Spring,3.1,Yes,Yes,30,Cash,Every 3 Months,Adult,Medium
4740,31,Female,944.84,Phoenix,,Blue,Winter,,Yes,Yes,,Debit Card,Monthly,Young Adult,High
2949,61,Female,83,Vermont,M,Violet,Winter,3.1,No,No,38,Debit Card,Bi-Weekly,Senior,High
896,40,Male,69,Mississippi,XL,Olive,Spring,4.7,Yes,Yes,33,Debit Card,Quarterly,Adult,Medium
3679,56,Female,45,Texas,S,Beige,Fall,3.5,No,No,29,Bank Transfer,Fortnightly,Senior,Medium
2196,58,Male,62,New York,M,Brown,Fall,3.7,No,No,2,Cash,Monthly,Senior,Medium
3080,48,Female,31,Wyoming,M,Maroon,Fall,4,No,No,4,Bank Transfer,Annually,Adult,Medium
667,35,Male,26,Colorado,L,Turquoise,Winter,3.1,Yes,Yes,30,Debit Card,Quarterly,Young Adult,Low
4210,44,Male,797.32,Phoenix,S,Black,Spring,,Yes,Yes,,PayPal,Weekly,Adult,High
3111,19,Female,46,Texas,L,Lavender,Fall,4.6,No,No,2,Bank Transfer,Bi-Weekly,Teen,Medium
4461,57,Female,681.68,Chicago,,Black,Winter,4,Yes,Yes,21,Debit Card,Monthly,Senior,High
209,57,Male,38,Wisconsin,M,Gold,Spring,4.1,Yes,Yes,17,Credit Card,Monthly,Senior,Medium
4139,55,Male,,Houston,L,Black,Spring,1,No,Yes,,Credit Card,Weekly,Senior,High
2200,39,Male,47,North Carolina,M,Maroon,Summer,4.9,No,No,40,Debit Card,Monthly,Adult,Medium
190,36,Male,82,West Virginia,M,Maroon,Fall,4.4,Yes,Yes,4,Credit Card,Weekly,Adult,High
4370,46,Other,1407.1,New York,,White,Winter,,Yes,No,12,Cash,Monthly,Adult,High
4569,61,Other,,Chicago,,Red,Spring,2,No,Yes,,PayPal,Quarterly,Senior,High
22,31,Male,62,North Carolina,M,Charcoal,Winter,4.1,Yes,Yes,22,Debit Card,Quarterly,Young Adult,Medium
3600,37,Female,34,Kansas,S,Peach,Spring,4.6,No,No,4,Cash,Weekly,Adult,Medium
1966,67,Male,90,Indiana,M,White,Fall,4.9,No,No,25,Debit Card,Quarterly,Senior,High
1091,38,Male,58,Connecticut,M,Violet,Spring,4.2,No,Yes,27,Cash,Fortnightly,Adult,Medium
4387,61,Other,58.31,Chicago,L,Green,Spring,4,Yes,No,,Credit Card,Quarterly,Senior,Medium
3414,34,Female,90,Delaware,XL,Black,Winter,2.5,No,No,16,PayPal,Bi-Weekly,Young Adult,High
2839,51,Female,50,Maine,M,Blue,Fall,3.7,No,No,2,Bank Transfer,Weekly,Senior,Medium
900,65,Male,58,Rhode Island,M,Peach,Summer,4,Yes,Yes,20,PayPal,Annually,Senior,Medium
2483,69,Male,87,Arizona,S,Peach,Winter,4.8,No,No,46,Credit Card,Every 3 Months,Senior,High
2454,21,Male,95,Iowa,XL,Cyan,Spring,4.6,No,No,13,Cash,Annually,Young Adult,High
4540,49,Female,446.02,Houston,M,Green,Spring,,No,Yes,15,Debit Card,Quarterly,Adult,High
703,18,Male,71,Montana,M,White,Winter,3.4,Yes,Yes,1,Cash,Weekly,Teen,High
4877,31,Female,,Phoenix,L,Black,Autumn,1,No,Yes,13,Credit Card,Quarterly,Young Adult,High
1988,69,Male,23,Vermont,XL,White,Summer,3.4,No,No,4,Cash,Quarterly,Senior,Low
2615,18,Male,65,North Dakota,M,Turquoise,Spring,4.2,No,No,36,Bank Transfer,Fortnightly,Teen,Medium
1522,29,Male,59,Washington,M,White,Summer,2.7,No,Yes,50,Bank Transfer,Weekly,Young Adult,Medium
75,49,Male,58,Indiana,L,Violet,Spring,4.5,Yes,Yes,3,Cash,Monthly,Adult,Medium
3665,63,Female,68,Missouri,M,Turquoise,Fall,4.4,No,No,1,Debit Card,Fortnightly,Senior,Medium
4301,59,Male,862.98,Phoenix,S,Blue,Autumn,,No,Yes,12,Cash,Monthly,Senior,High
1683,65,Male,97,New York,M,Yellow,Fall,4.9,No,No,37,Credit Card,Bi-Weekly,Senior,High
2011,24,Male,21,Texas,M,Maroon,Summer,4.4,No,No,3,Debit Card,Bi-Weekly,Young Adult,Low
3043,53,Female,27,South Dakota,L,Turquoise,Winter,2.9,No,No,14,PayPal,Every 3 Months,Senior,Low
2282,28,Male,27,Kansas,XL,Maroon,Summer,3,No,No,41,Bank Transfer,Annually,Young Adult,Low
4279,42,Other,,Houston,XL,Red,Spring,1,No,No,5,Credit Card,Weekly,Adult,High
3311,45,Female,27,Iowa,M,Pink,Winter,3.6,No,No,12,PayPal,Fortnightly,Adult,Low
185,32,Male,33,Hawaii,L,Cyan,Spring,3,Yes,Yes,40,Cash,Fortnightly,Young Adult,Medium
4665,66,Female,,Los Angeles,,White,Winter,,Yes,Yes,,Credit Card,Monthly,Senior,High
1246,42,Male,31,New York,M,Violet,Fall,3.4,No,Yes,30,Bank Transfer,Weekly,Adult,Medium
4285,18,Female,,Houston,M,Red,Winter,4,Yes,No,6,PayPal,Monthly,Teen,High
1602,65,Male,59,Indiana,XL,Red,Spring,2.9,No,Yes,33,Credit Card,Monthly,Senior,Medium
333,19,Male,86,New York,M,Maroon,Winter,2.8,Yes,Yes,5,Credit Card,Monthly,Teen,High
3621,60,Female,82,Louisiana,M,Turquoise,Summer,2.9,No,No,28,Credit Card,Fortnightly,Senior,High
2064,61,Male,86,Indiana,M,Cyan,Fall,2.9,No,No,32,Cash,Monthly,Senior,High
4082,18,Male,61.43,Los Angeles,M,Black,Winter,,Yes,Yes,10,Credit Card,Weekly,Teen,Medium
963,29,Male,64,Michigan,L,Green,Spring,4.4,Yes,Yes,26,Debit Card,Fortnightly,Young Adult,Medium
4312,35,Other,436.94,Los Angeles,,Red,Summer,1,Yes,No,9,Cash,Weekly,Young Adult,High
3755,46,Female,41,Nebraska,M,Turquoise,Summer,4.4,No,No,10,Cash,Every 3 Months,Adult,Medium
4773,68,Other,,Phoenix,,White,Autumn,,Yes,No,28,Debit Card,Weekly,Senior,High
4605,20,Male,,New York,M,Red,Winter,3,No,No,36,Debit Card,Quarterly,Teen,High
3363,50,Female,61,Tennessee,M,Gray,Summer,3,No,No,48,Venmo,Fortnightly,Adult,Medium
3248,53,Female,91,Arkansas,M,Teal,Summer,3.7,No,No,12,PayPal,Fortnightly,Senior,High
1469,42,Male,39,Arkansas,S,Silver,Fall,3.9,No,Yes,46,Cash,Fortnightly,Adult,Medium
109,70,Male,79,Montana,L,Purple,Spring,3.4,Yes,Yes,32,Bank Transfer,Bi-Weekly,Senior,High
3070,62,Female,73,Delaware,L,Magenta,Spring,4.6,No,No,17,Debit Card,Quarterly,Senior,High
4861,30,Other,1095.05,Phoenix,XL,Black,Autumn,,Yes,Yes,16,Cash,Quarterly,Young Adult,High
2536,47,Male,80,Vermont,S,Purple,Winter,3.9,No,No,39,Bank Transfer,Fortnightly,Adult,High
4091,44,Other,517.7,Houston,S,Red,Spring,,Yes,No,,Credit Card,Quarterly,Adult,High
386,67,Male,93,West Virginia,S,Yellow,Fall,2.7,Yes,Yes,12,Credit Card,Bi-Weekly,Senior,High
4962,44,Other,,Los Angeles,L,Black,Winter,,No,Yes,28,PayPal,Quarterly,Adult,High
4745,66,Male,367.18,Houston,,Blue,Autumn,1,Yes,Yes,,Cash,Weekly,Senior,High
5008,63,Other,,Los Angeles,,Blue,Autumn,2,No,Yes,,Debit Card,Monthly,Senior,High
1267,20,Male,31,North Dakota,M,Peach,Fall,4,No,Yes,14,Debit Card,Every 3 Months,Teen,Medium
4202,65,Male,,Los Angeles,,White,Winter,,No,Yes,42,Cash,Monthly,Senior,High
790,33,Male,84,Idaho,S,Purple,Fall,2.7,Yes,Yes,4,Credit Card,Bi-Weekly,Young Adult,High
898,29,Male,91,Illinois,M,Gray,Spring,3.4,Yes,Yes,46,Venmo,Weekly,Young Adult,High
3577,29,Female,24,Maine,L,Yellow,Spring,3,No,No,12,Venmo,Bi-Weekly,Young Adult,Low
1727,57,Male,28,Indiana,S,Olive,Summer,2.8,No,No,45,Debit Card,Weekly,Senior,Low
2472,30,Male,83,Oklahoma,M,Gray,Spring,4.3,No,No,1,Cash,Annually,Young Adult,High
4746,60,Other,1223.07,New York,XL,White,Spring,5,No,Yes,,Credit Card,Weekly,Senior,High
2449,54,Male,25,Tennessee,S,Violet,Fall,3,No,No,38,PayPal,Bi-Weekly,Senior,Low
645,68,Male,93,Louisiana,S,Blue,Summer,4.3,Yes,Yes,37,Cash,Weekly,Senior,High
4291,21,Female,351.36,Houston,,White,Winter,4,Yes,No,43,Credit Card,Quarterly,Young Adult,High
1440,25,Male,48,New Mexico,M,Magenta,Summer,4.8,No,Yes,25,Cash,Fortnightly,Young Adult,Medium
1022,55,Male,51,Massachusetts,S,Lavender,Winter,4.9,Yes,Yes,39,PayPal,Weekly,Senior,Medium
2785,33,Female,70,Idaho,M,Black,Winter,3.1,No,No,12,PayPal,Every 3 Months,Young Adult,High
2349,54,Male,84,Maine,M,Orange,Spring,4.9,No,No,16,PayPal,Every 3 Months,Senior,High
487,38,Male,63,New Mexico,M,Charcoal,Fall,2.8,Yes,Yes,37,Venmo,Every 3 Months,Adult,Medium
1928,40,Male,29,Florida,M,Pink,Summer,2.9,No,No,8,Cash,Every 3 Months,Adult,Low
904,44,Male,45,Washington,M,Blue,Winter,3.3,Yes,Yes,3,PayPal,Quarterly,Adult,Medium
5031,69,Other,720.16,Los Angeles,S,Blue,Autumn,5,No,Yes,,Cash,Quarterly,Senior,High
1118,25,Male,77,California,L,Lavender,Spring,4.5,No,Yes,24,Credit Card,Monthly,Young Adult,High
1221,67,Male,64,Kentucky,M,Green,Winter,,No,Yes,36,Bank Transfer,Quarterly,Senior,Medium
366,55,Male,88,West Virginia,XL,Gray,Summer,3.7,Yes,Yes,50,PayPal,Quarterly,Senior,High
1767,60,Male,54,Alaska,S,Cyan,Winter,4.3,No,No,27,Cash,Bi-Weekly,Senior,Medium
3598,29,Female,71,New Mexico,M,Maroon,Summer,3.1,No,No,18,Bank Transfer,Quarterly,Young Adult,High
2250,42,Male,45,Wyoming,XL,Indigo,Spring,4.3,No,No,29,Debit Card,Weekly,Adult,Medium
769,64,Male,95,Illinois,XL,Red,Spring,2.6,Yes,Yes,45,Venmo,Weekly,Senior,High
3378,37,Female,32,Kentucky,M,Yellow,Winter,4.6,No,No,18,PayPal,Fortnightly,Adult,Medium
2765,63,Female,41,Arizona,XL,White,Spring,2.6,No,No,2,Debit Card,Weekly,Senior,Medium
626,49,Male,79,Delaware,M,Red,Fall,4,Yes,Yes,1,Venmo,Weekly,Adult,High
4596,42,Other,1085.96,Phoenix,L,White,Winter,4,Yes,No,,Debit Card,Weekly,Adult,High
4046,57,Female,216.55,Phoenix,XL,Black,Winter,4,Yes,Yes,21,Debit Card,Weekly,Senior,High
3885,47,Female,29,Maryland,M,Brown,Fall,4.9,No,No,3,PayPal,Weekly,Adult,Low
4184,55,Male,1016.09,New York,,Green,Spring,4,No,No,,PayPal,Weekly,Senior,High
103,51,Male,67,Oklahoma,L,Violet,Winter,4.8,Yes,Yes,35,Credit Card,Quarterly,Senior,Medium
3078,60,Female,88,Illinois,S,Red,Spring,3,No,No,33,Debit Card,Bi-Weekly,Senior,High
3607,41,Female,90,Minnesota,XL,Purple,Fall,4.8,No,No,41,Venmo,Annually,Adult,High
3795,44,Female,82,South Dakota,M,Violet,Summer,3.6,No,No,27,Venmo,Weekly,Adult,High
2352,38,Male,50,New Hampshire,S,Cyan,Fall,4.9,No,No,25,PayPal,Bi-Weekly,Adult,Medium
3733,36,Female,92,Indiana,L,Pink,Spring,3.3,No,No,28,PayPal,Annually,Adult,High
636,27,Male,59,South Carolina,M,Brown,Fall,4.3,Yes,Yes,28,Cash,Quarterly,Young Adult,Medium
3435,31,Female,72,Ohio,S,Orange,Summer,3.3,No,No,6,Venmo,Fortnightly,Young Adult,High
3316,48,Female,68,Kentucky,S,Gold,Summer,2.9,No,No,4,PayPal,Every 3 Months,Adult,Medium
3233,45,Female,34,Massachusetts,M,White,Spring,4,No,No,19,Bank Transfer,Monthly,Adult,Medium
1790,52,Male,34,Arizona,L,Peach,Spring,3,No,No,43,Debit Card,Quarterly,Senior,Medium
4539,23,Other,,Los Angeles,S,Red,Winter,,Yes,No,46,Debit Card,Monthly,Young Adult,High
2029,29,Male,84,Ohio,XL,Purple,Fall,3.7,No,No,10,Venmo,Bi-Weekly,Young Adult,High
1808,34,Male,46,Vermont,L,Gold,Summer,3.5,No,No,37,Venmo,Fortnightly,Young Adult,Medium
4386,39,Other,,Phoenix,S,Black,Spring,,No,No,21,Credit Card,Quarterly,Adult,High
337,36,Male,81,Rhode Island,S,Orange,Fall,4.4,Yes,Yes,16,PayPal,Annually,Adult,High
625,55,Male,87,South Carolina,XL,Pink,Fall,3.4,Yes,Yes,21,PayPal,Annually,Senior,High
3372,49,Female,99,Colorado,S,Turquoise,Winter,4,No,No,28,PayPal,Annually,Adult,High
902,60,Male,68,Missouri,L,Violet,Summer,4.7,Yes,Yes,34,Cash,Monthly,Senior,Medium
327,62,Male,41,New Jersey,M,White,Fall,3.2,Yes,Yes,48,Bank Transfer,Weekly,Senior,Medium
216,62,Male,64,New Jersey,S,Orange,Spring,2.8,Yes,Yes,24,PayPal,Bi-Weekly,Senior,Medium
3744,62,Female,28,Idaho,L,Cyan,Fall,3.6,No,No,36,Debit Card,Quarterly,Senior,Low
4610,44,Female,,Chicago,S,Blue,Autumn,,Yes,No,,PayPal,Quarterly,Adult,High
2030,25,Male,23,Montana,M,Pink,Spring,4.6,No,No,40,PayPal,Quarterly,Young Adult,Low
3064,26,Female,43,Connecticut,L,Brown,Winter,3.9,No,No,24,Credit Card,Fortnightly,Young Adult,Medium
2597,63,Male,78,Louisiana,L,Black,Spring,3,No,No,35,Credit Card,Monthly,Senior,High
2369,29,Male,38,New Jersey,M,Lavender,Summer,3.3,No,No,6,Debit Card,Every 3 Months,Young Adult,Medium
1913,29,Male,56,Colorado,S,Charcoal,Winter,3.4,No,No,5,Credit Card,Bi-Weekly,Young Adult,Medium
3171,65,Female,41,Rhode Island,XL,Charcoal,Spring,4.4,No,No,10,Credit Card,Fortnightly,Senior,Medium
3209,61,Female,30,Indiana,L,Indigo,Winter,3.3,No,No,42,PayPal,Weekly,Senior,Medium
43,20,Male,100,Tennessee,M,Beige,Spring,4.1,Yes,Yes,15,PayPal,Annually,Teen,High
52,59,Male,59,Vermont,XL,Gray,Winter,4.7,Yes,Yes,7,Credit Card,Quarterly,Senior,Medium
2635,26,Male,58,North Carolina,S,Black,Summer,3.2,No,No,20,PayPal,Every 3 Months,Young Adult,Medium
3267,49,Female,74,Alabama,S,Gray,Winter,4.2,No,No,33,Bank Transfer,Weekly,Adult,High
1965,40,Male,51,West Virginia,S,Cyan,Summer,4.6,No,No,50,Debit Card,Monthly,Adult,Medium
1275,54,Male,73,Missouri,M,Olive,Spring,3.1,No,Yes,37,PayPal,Quarterly,Senior,High
2748,18,Female,62,West Virginia,M,Teal,Winter,3.1,No,No,21,Credit Card,Every 3 Months,Teen,Medium
710,49,Male,79,Massachusetts,L,Charcoal,Summer,4.6,Yes,Yes,23,Debit Card,Monthly,Adult,High
2577,20,Male,40,New Hampshire,M,Silver,Winter,4.2,No,No,19,Debit Card,Quarterly,Teen,Medium
4430,52,Female,1115.05,Los Angeles,S,Blue,Autumn,4,No,No,35,Credit Card,Monthly,Senior,High
1120,34,Male,36,Louisiana,M,Indigo,Spring,3.1,No,Yes,36,Credit Card,Weekly,Young Adult,Medium
1920,34,Male,56,Virginia,M,Olive,Summer,3.1,No,No,20,PayPal,Bi-Weekly,Young Adult,Medium
283,21,Male,94,Minnesota,M,Teal,Summer,3,Yes,Yes,9,Cash,Monthly,Young Adult,High
4262,23,Male,,New York,L,Green,Autumn,4,Yes,Yes,29,Debit Card,Monthly,Young Adult,High
498,43,Male,39,Oklahoma,S,Silver,Winter,4.6,Yes,Yes,31,Cash,Weekly,Adult,Medium
532,50,Male,51,Vermont,L,Purple,Fall,3.4,Yes,Yes,42,Cash,Weekly,Adult,Medium
1152,41,Male,86,Ohio,M,Gray,Spring,,No,Yes,24,Credit Card,Weekly,Adult,High
1360,27,Male,68,North Carolina,S,Cyan,Winter,4.3,No,Yes,26,Bank Transfer,Fortnightly,Young Adult,Medium
1156,67,Male,53,Tennessee,S,Red,Fall,2.6,No,Yes,47,PayPal,Quarterly,Senior,Medium
4946,66,Other,,Chicago,,Red,Autumn,,Yes,No,4,Debit Card,Weekly,Senior,High
2329,45,Male,36,North Dakota,M,Maroon,Fall,2.6,No,No,29,Venmo,Bi-Weekly,Adult,Medium
1662,64,Male,86,Iowa,S,Beige,Summer,2.7,No,Yes,21,Debit Card,Quarterly,Senior,High
2248,34,Male,37,Florida,L,Teal,Summer,4.4,No,No,18,Venmo,Annually,Young Adult,Medium
2812,69,Female,89,Ohio,M,Blue,Fall,3.7,No,No,19,Credit Card,Quarterly,Senior,High
1466,46,Male,72,Nebraska,XL,Violet,Winter,3.9,No,Yes,42,Cash,Bi-Weekly,Adult,High
621,33,Male,89,Rhode Island,M,Black,Fall,3.7,Yes,Yes,10,Venmo,Every 3 Months,Young Adult,High
1644,38,Male,77,Ohio,L,Pink,Summer,3.9,No,Yes,6,PayPal,Monthly,Adult,High
1823,66,Male,85,Connecticut,S,Cyan,Summer,4.4,No,No,4,Cash,Annually,Senior,High
1149,34,Male,66,Florida,M,Violet,Spring,2.6,No,Yes,10,PayPal,Fortnightly,Young Adult,Medium
579,69,Male,90,Maine,M,Purple,Fall,4.6,Yes,Yes,22,Credit Card,Fortnightly,Senior,High
1326,28,Male,73,Oregon,L,Gold,Summer,3.5,No,Yes,1,Cash,Monthly,Young Adult,High
1733,45,Male,50,Rhode Island,S,Charcoal,Winter,2.6,No,No,36,Cash,Every 3 Months,Adult,Medium
112,26,Male,75,Massachusetts,L,Purple,Summer,5,Yes,Yes,9,Credit Card,Annually,Young Adult,High
3734,25,Female,58,Illinois,M,Maroon,Fall,4.7,No,No,6,Debit Card,Every 3 Months,Young Adult,Medium
5059,62,Other,142.24,Phoenix,,Blue,Autumn,,Yes,Yes,28,Debit Card,Quarterly,Senior,High
4701,55,Male,,Houston,XL,Green,Autumn,,Yes,No,45,Credit Card,Monthly,Senior,High
1862,29,Male,60,South Dakota,S,Peach,Fall,3.6,No,No,19,Debit Card,Monthly,Young Adult,Medium
2139,67,Male,42,Mississippi,M,Teal,Fall,2.8,No,No,36,Venmo,Quarterly,Senior,Medium
593,60,Male,29,North Dakota,M,Brown,Fall,3.2,Yes,Yes,42,Venmo,Every 3 Months,Senior,Low
4529,69,Female,,New York,,Red,Autumn,3,Yes,Yes,,Cash,Quarterly,Senior,High
1810,58,Male,99,Alaska,S,Blue,Fall,3.4,No,No,6,Debit Card,Fortnightly,Senior,High
3792,40,Female,51,Texas,M,Gray,Spring,3.7,No,No,1,Venmo,Weekly,Adult,Medium
2453,68,Male,67,New York,L,Purple,Winter,4.1,No,No,45,Bank Transfer,Every 3 Months,Senior,Medium
2104,30,Male,86,Indiana,S,Red,Summer,3.7,No,No,21,Venmo,Weekly,Young Adult,High
1930,59,Male,33,Hawaii,L,Brown,Fall,4.7,No,No,46,Venmo,Quarterly,Senior,Medium
2415,26,Male,26,Virginia,M,Lavender,Summer,3.7,No,No,14,Credit Card,Bi-Weekly,Young Adult,Low
1138,46,Male,91,New Mexico,XL,Pink,Winter,2.8,No,Yes,16,Bank Transfer,Every 3 Months,Adult,High
1105,35,Male,28,Delaware,M,Beige,Fall,3.1,No,Yes,8,Bank Transfer,Quarterly,Young Adult,Low
3864,40,Female,35,New Hampshire,M,Orange,Summer,3.3,No,No,28,Cash,Fortnightly,Adult,Medium
2193,41,Male,35,Virginia,L,Yellow,Winter,3.2,No,No,9,Credit Card,Monthly,Adult,Medium
3053,48,Female,38,Maine,XL,Olive,Spring,4.5,No,No,7,Bank Transfer,Fortnightly,Adult,Medium
1850,30,Male,40,New Mexico,M,Maroon,Winter,4.5,No,No,35,Bank Transfer,Monthly,Young Adult,Medium
2797,55,Female,73,Oklahoma,M,Red,Winter,3.8,No,No,21,Cash,Annually,Senior,High
756,66,Male,24,Florida,M,Violet,Spring,3.3,Yes,Yes,22,PayPal,Weekly,Senior,Low
2470,68,Male,92,Maryland,M,Yellow,Fall,5,No,No,27,PayPal,Annually,Senior,High
1477,39,Male,56,Wyoming,M,Magenta,Fall,4.1,No,Yes,18,Credit Card,Monthly,Adult,Medium
4874,43,Female,615.29,New York,XL,Red,Autumn,3,Yes,No,,Debit Card,Quarterly,Adult,High
4556,20,Male,987.8,Phoenix,,White,Winter,3,Yes,No,12,Credit Card,Weekly,Teen,High
64,33,Male,79,Arizona,L,Lavender,Winter,2.7,Yes,Yes,43,Credit Card,Weekly,Young Adult,High
4038,45,Female,,Chicago,L,Black,Autumn,,No,No,14,PayPal,Monthly,Adult,High
1811,41,Male,28,Maryland,M,Magenta,Fall,2.7,No,No,16,Cash,Bi-Weekly,Adult,Low
2495,42,Male,27,Oklahoma,S,Peach,Winter,2.6,No,No,26,Debit Card,Annually,Adult,Low
4948,26,Female,1293.17,Los Angeles,M,Green,Summer,5,Yes,No,,Cash,Quarterly,Young Adult,High
2333,36,Male,53,South Carolina,XL,Olive,Fall,2.6,No,No,10,Venmo,Monthly,Adult,Medium
1926,59,Male,32,Utah,L,Black,Winter,2.9,No,No,44,Credit Card,Fortnightly,Senior,Medium
811,52,Male,83,South Dakota,S,Lavender,Fall,4.9,Yes,Yes,32,Debit Card,Bi-Weekly,Senior,High
428,58,Male,91,Illinois,L,Black,Winter,4.5,Yes,Yes,6,Credit Card,Quarterly,Senior,High
1705,56,Male,20,Idaho,M,Lavender,Summer,3.9,No,No,19,Cash,Every 3 Months,Senior,Low
2390,25,Male,87,Kansas,M,Violet,Spring,3.1,No,No,17,Bank Transfer,Every 3 Months,Young Adult,High
2804,46,Female,44,Idaho,M,Violet,Winter,3.3,No,No,31,Bank Transfer,Monthly,Adult,Medium
4609,29,Other,124.45,Los Angeles,,Green,Autumn,4,No,Yes,44,Cash,Weekly,Young Adult,High
3465,36,Female,59,Utah,S,Peach,Winter,2.7,No,No,12,PayPal,Annually,Adult,Medium
5047,67,Other,,New York,XL,White,Summer,,No,Yes,,Cash,Monthly,Senior,High
4030,41,Male,,Phoenix,L,Blue,Winter,3,Yes,Yes,34,Cash,Quarterly,Adult,High
1289,66,Male,93,South Dakota,XL,Charcoal,Winter,4.1,No,Yes,34,PayPal,Bi-Weekly,Senior,High
4524,20,Male,800.37,Phoenix,S,Black,Autumn,3,No,No,,Debit Card,Weekly,Teen,High
3296,70,Female,34,West Virginia,S,Lavender,Summer,2.8,No,No,15,Cash,Weekly,Senior,Medium
4855,60,Male,1318.84,Phoenix,L,Blue,Winter,,Yes,No,,PayPal,Weekly,Senior,High
4667,53,Female,537.53,Los Angeles,L,Black,Winter,,No,Yes,,Cash,Monthly,Senior,High
1167,48,Male,48,Connecticut,S,Lavender,Winter,3.7,No,Yes,22,Venmo,Fortnightly,Adult,Medium
1479,28,Male,23,Washington,M,Blue,Summer,4.2,No,Yes,13,Venmo,Bi-Weekly,Young Adult,Low
2966,48,Female,45,Delaware,M,Blue,Summer,4.4,No,No,25,PayPal,Fortnightly,Adult,Medium
1563,37,Male,75,Alabama,M,Purple,Winter,3.2,No,Yes,23,Venmo,Bi-Weekly,Adult,High
3675,35,Female,65,Washington,M,Blue,Winter,2.7,No,No,41,Venmo,Fortnightly,Young Adult,Medium
4483,57,Other,,Phoenix,,Green,Summer,5,Yes,No,,PayPal,Weekly,Senior,High
1654,31,Male,93,Colorado,L,Silver,Winter,3,No,Yes,29,Debit Card,Bi-Weekly,Young Adult,High
2851,57,Female,79,Nebraska,M,Silver,Spring,3,No,No,36,Debit Card,Annually,Senior,High
1991,32,Male,95,Connecticut,L,White,Spring,3.4,No,No,15,PayPal,Annually,Young Adult,High
1534,50,Male,59,New Hampshire,M,Gold,Summer,3.6,No,Yes,16,Bank Transfer,Quarterly,Adult,Medium
1354,39,Male,83,Oregon,M,Teal,Winter,4.1,No,Yes,4,Cash,Every 3 Months,Adult,High
1063,59,Male,75,Ohio,M,Brown,Fall,2.6,No,Yes,21,Debit Card,Every 3 Months,Senior,High
1385,46,Male,96,Alaska,M,Beige,Fall,4.6,No,Yes,8,Bank Transfer,Weekly,Adult,High
2242,18,Male,77,Maryland,M,Purple,Summer,3.5,No,No,3,Bank Transfer,Bi-Weekly,Teen,High
945,54,Male,97,Indiana,S,Gray,Spring,4.8,Yes,Yes,39,Cash,Bi-Weekly,Senior,High
4873,32,Other,,New York,M,Blue,Autumn,1,Yes,Yes,,PayPal,Monthly,Young Adult,High
1148,59,Male,36,Tennessee,XL,Red,Winter,4.3,No,Yes,17,Debit Card,Annually,Senior,Medium
4474,28,Male,666.88,Los Angeles,,White,Winter,,No,No,10,PayPal,Monthly,Young Adult,High
2046,31,Male,20,Georgia,M,Red,Fall,4.4,No,No,26,PayPal,Quarterly,Young Adult,Low
527,51,Male,52,New Jersey,S,Red,Winter,4.9,Yes,Yes,19,Cash,Monthly,Senior,Medium
1897,57,Male,51,Nevada,M,Gold,Fall,2.9,No,No,19,Venmo,Monthly,Senior,Medium
336,20,Male,85,Oregon,L,Maroon,Spring,3.7,Yes,Yes,44,Venmo,Every 3 Months,Teen,High
3605,63,Female,86,Louisiana,M,Orange,Fall,3.3,No,No,17,Debit Card,Annually,Senior,High
296,53,Male,42,West Virginia,M,Indigo,Winter,2.7,Yes,Yes,24,Credit Card,Quarterly,Senior,Medium
3286,58,Female,31,Hawaii,XL,Magenta,Fall,4.6,No,No,11,Cash,Weekly,Senior,Medium
3234,45,Female,74,Indiana,M,Lavender,Fall,3.8,No,No,11,Debit Card,Bi-Weekly,Adult,High
10,57,Male,31,Missouri,M,Pink,Spring,4.8,Yes,Yes,4,Cash,Quarterly,Senior,Medium
230,70,Male,28,Ohio,S,Silver,Spring,4.6,Yes,Yes,27,PayPal,Every 3 Months,Senior,Low
2733,21,Female,75,Delaware,L,Orange,Winter,4.2,No,No,27,Debit Card,Every 3 Months,Young Adult,High
1379,37,Male,49,Kentucky,XL,Lavender,Fall,3.6,No,Yes,24,Venmo,Weekly,Adult,Medium
2405,28,Male,33,West Virginia,L,Cyan,Winter,3.1,No,No,23,Credit Card,Bi-Weekly,Young Adult,Medium
3105,43,Female,56,Georgia,S,Turquoise,Summer,5,No,No,41,Debit Card,Fortnightly,Adult,Medium
1969,67,Male,70,Minnesota,S,Blue,Spring,4.2,No,No,25,Credit Card,Weekly,Senior,High
4054,63,Female,,Phoenix,S,Red,Spring,4,Yes,Yes,,PayPal,Monthly,Senior,High
2476,69,Male,43,California,S,Lavender,Summer,3.5,No,No,36,Venmo,Monthly,Senior,Medium
4146,33,Male,,Houston,S,Blue,Summer,3,No,Yes,32,Debit Card,Quarterly,Young Adult,High
152,28,Male,47,North Dakota,L,Turquoise,Fall,4.5,Yes,Yes,3,Venmo,Annually,Young Adult,Medium
539,27,Male,22,Virginia,XL,Green,Spring,3.2,Yes,Yes,43,Cash,Weekly,Young Adult,Low
3128,55,Female,94,Louisiana,M,Beige,Winter,3.4,No,No,43,Credit Card,Every 3 Months,Senior,High
3808,38,Female,39,Michigan,L,Peach,Spring,2.9,No,No,36,PayPal,Annually,Adult,Medium
3432,46,Female,49,New Mexico,S,Green,Summer,4.2,No,No,20,Venmo,Annually,Adult,Medium
4242,61,Female,60.79,Phoenix,,White,Summer,,Yes,No,,Cash,Monthly,Senior,Medium
300,25,Male,80,Pennsylvania,M,Maroon,Summer,3.2,Yes,Yes,28,PayPal,Fortnightly,Young Adult,High
1278,19,Male,97,Rhode Island,L,Green,Spring,5,No,Yes,5,Venmo,Quarterly,Teen,High
3252,25,Female,20,Nevada,M,Gold,Winter,3.7,No,No,39,Venmo,Quarterly,Young Adult,Low
2554,69,Male,25,Vermont,M,Maroon,Summer,4.5,No,No,28,Venmo,Every 3 Months,Senior,Low
1526,29,Male,31,Oregon,M,Indigo,Winter,4.6,No,Yes,22,Cash,Fortnightly,Young Adult,Medium
1151,29,Male,36,Kentucky,S,Red,Winter,2.7,No,Yes,50,Venmo,Bi-Weekly,Young Adult,Medium
3509,52,Female,54,Pennsylvania,M,Gray,Fall,4.7,No,No,49,Bank Transfer,Weekly,Senior,Medium
1745,57,Male,63,Michigan,L,Teal,Winter,3,No,No,23,PayPal,Weekly,Senior,Medium
4511,44,Female,,Houston,L,White,Winter,5,Yes,No,6,Debit Card,Weekly,Adult,High
2805,65,Female,76,South Carolina,M,Cyan,Spring,2.8,No,No,48,Bank Transfer,Every 3 Months,Senior,High
2043,19,Male,52,Alabama,M,Red,Spring,4,No,No,35,Venmo,Monthly,Teen,Medium
1678,65,Male,35,Oregon,L,Silver,Summer,3.3,No,No,41,Debit Card,Weekly,Senior,Medium
1731,23,Male,22,Alabama,S,Silver,Fall,4.2,No,No,26,Credit Card,Weekly,Young Adult,Low
3448,62,Female,58,Arkansas,M,Blue,Fall,4.3,No,No,3,Bank Transfer,Bi-Weekly,Senior,Medium
2226,38,Male,64,Washington,S,Olive,Spring,4.8,No,No,18,Credit Card,Annually,Adult,Medium
1878,69,Male,62,Pennsylvania,L,Pink,Fall,3.6,No,No,3,Credit Card,Annually,Senior,Medium
721,33,Male,62,New Mexico,L,Orange,Fall,3.4,Yes,Yes,19,Debit Card,Weekly,Young Adult,Medium
4713,23,Male,,Los Angeles,XL,Green,Winter,,No,Yes,24,Debit Card,Weekly,Young Adult,High
4691,69,Female,757.7,Phoenix,S,Black,Winter,4,No,No,35,Cash,Quarterly,Senior,High
4232,57,Female,1268.73,New York,S,Black,Autumn,,No,Yes,33,PayPal,Monthly,Senior,High
3576,61,Female,95,Kentucky,M,Violet,Fall,3.7,No,No,49,Venmo,Bi-Weekly,Senior,High
3778,43,Female,65,Utah,M,Maroon,Fall,4.3,No,No,9,Cash,Weekly,Adult,Medium
1652,59,Male,80,Texas,M,Blue,Winter,3.9,No,Yes,42,Debit Card,Monthly,Senior,High
4859,28,Other,1419.5,Houston,,Black,Spring,3,No,Yes,,Credit Card,Quarterly,Young Adult,High
53,42,Male,20,Alaska,M,Green,Summer,2.6,Yes,Yes,26,Credit Card,Weekly,Adult,Low
2878,32,Female,46,New Jersey,M,Silver,Summer,3.6,No,No,34,Venmo,Monthly,Young Adult,Medium
4075,63,Male,,Houston,,Blue,Spring,,No,Yes,30,Cash,Quarterly,Senior,High
3258,44,Female,98,Minnesota,M,Brown,Fall,3.3,No,No,39,Venmo,Every 3 Months,Adult,High
4005,39,Other,,Phoenix,XL,Blue,Winter,,No,Yes,37,Debit Card,Weekly,Adult,High
4647,60,Male,267.25,Chicago,XL,Black,Autumn,5,Yes,No,,Credit Card,Monthly,Senior,High
612,43,Male,33,California,M,Black,Winter,4.7,Yes,Yes,19,Cash,Monthly,Adult,Medium
2163,60,Male,48,Oregon,S,Black,Summer,2.7,No,No,32,PayPal,Weekly,Senior,Medium
4382,34,Female,549.5,Phoenix,,Black,Autumn,,Yes,Yes,,PayPal,Quarterly,Young Adult,High
3067,58,Female,48,Michigan,L,Teal,Summer,4.3,No,No,13,Venmo,Every 3 Months,Senior,Medium
3429,32,Female,69,Washington,M,Gray,Fall,2.5,No,No,20,Venmo,Monthly,Young Adult,Medium
1594,61,Male,95,Maryland,M,Black,Spring,4.9,No,Yes,25,Bank Transfer,Monthly,Senior,High
2217,41,Male,36,Vermont,XL,Silver,Winter,4,No,No,15,Venmo,Bi-Weekly,Adult,Medium
1547,60,Male,51,Oregon,XL,Purple,Summer,3.8,No,Yes,17,Bank Transfer,Annually,Senior,Medium
1515,26,Male,90,Utah,L,Brown,Winter,3.9,No,Yes,1,Venmo,Weekly,Young Adult,High
3033,26,Female,58,California,XL,Green,Summer,3.5,No,No,24,Credit Card,Quarterly,Young Adult,Medium
4617,45,Male,,Los Angeles,XL,Red,Summer,,Yes,No,18,Debit Card,Monthly,Adult,High
4092,55,Other,,Phoenix,S,Red,Autumn,4,No,Yes,33,Debit Card,Monthly,Senior,High
3257,60,Female,26,Wisconsin,L,Teal,Winter,4.7,No,No,50,Venmo,Every 3 Months,Senior,Low
1211,34,Male,78,Missouri,M,Olive,Fall,4.1,No,Yes,5,Cash,Quarterly,Young Adult,High
711,22,Male,91,Virginia,L,Turquoise,Spring,4.1,Yes,Yes,26,PayPal,Fortnightly,Young Adult,High
2443,53,Male,95,Wyoming,L,Violet,Winter,4.7,No,No,50,Debit Card,Bi-Weekly,Senior,High
2553,61,Male,48,Maryland,XL,Purple,Spring,3.2,No,No,13,Credit Card,Annually,Senior,Medium
3603,58,Female,36,Wyoming,S,Magenta,Summer,3.3,No,No,40,Debit Card,Quarterly,Senior,Medium
2191,42,Male,75,Alaska,S,Maroon,Spring,4.6,No,No,33,Credit Card,Annually,Adult,High
1788,20,Male,38,Montana,L,Gold,Fall,4.9,No,No,10,Bank Transfer,Quarterly,Teen,Medium
2451,68,Male,76,North Carolina,M,Magenta,Fall,4.5,No,No,7,Venmo,Quarterly,Senior,High
4409,31,Male,,Phoenix,S,White,Winter,,Yes,No,,Cash,Quarterly,Young Adult,High
3728,41,Female,83,Maine,M,Gold,Summer,3.5,No,No,17,Debit Card,Bi-Weekly,Adult,High
1553,54,Male,49,New Mexico,L,Purple,Spring,3,No,Yes,20,Credit Card,Monthly,Senior,Medium
4689,69,Male,982.87,Houston,XL,Red,Spring,4,No,No,24,PayPal,Monthly,Senior,High
228,50,Male,90,Rhode Island,M,Turquoise,Winter,4.2,Yes,Yes,25,Venmo,Fortnightly,Adult,High
55,47,Male,94,New Mexico,M,Brown,Summer,4.2,Yes,Yes,35,Debit Card,Bi-Weekly,Adult,High
4504,29,Male,,Los Angeles,,Black,Summer,2,No,Yes,,PayPal,Monthly,Young Adult,High
3158,21,Female,34,Maine,L,Red,Fall,3.1,No,No,5,Debit Card,Fortnightly,Young Adult,Medium
2675,40,Female,41,Florida,S,Charcoal,Fall,3.3,No,No,15,Cash,Every 3 Months,Adult,Medium
2954,45,Female,82,Maryland,M,Silver,Summer,4.8,No,No,11,Credit Card,Annually,Adult,High
722,43,Male,57,California,L,Silver,Summer,4.4,Yes,Yes,41,Debit Card,Every 3 Months,Adult,Medium
4812,70,Male,,Los Angeles,,Green,Autumn,5,Yes,Yes,6,Credit Card,Quarterly,Senior,High
4878,54,Male,666.08,New York,,White,Spring,2,Yes,No,36,Debit Card,Weekly,Senior,High
2535,41,Male,42,Virginia,XL,Red,Fall,3.2,No,No,22,Cash,Weekly,Adult,Medium
157,35,Male,26,Missouri,M,Lavender,Fall,4,Yes,Yes,40,Debit Card,Annually,Young Adult,Low
1863,59,Male,36,New Hampshire,M,Turquoise,Winter,4.6,No,No,10,PayPal,Fortnightly,Senior,Medium
3635,59,Female,22,Ohio,M,Pink,Winter,3.3,No,No,17,PayPal,Annually,Senior,Low
3684,30,Female,77,Mississippi,M,Purple,Winter,3,No,No,17,Venmo,Fortnightly,Young Adult,High
3824,50,Female,42,California,M,Gold,Summer,3,No,No,27,Bank Transfer,Weekly,Adult,Medium
4179,46,Other,794.92,Phoenix,,Blue,Summer,3,No,Yes,14,Credit Card,Monthly,Adult,High
3754,39,Female,26,Louisiana,S,Turquoise,Winter,4.2,No,No,22,Bank Transfer,Fortnightly,Adult,Low
4644,38,Female,,Los Angeles,L,Red,Winter,1,Yes,Yes,25,Debit Card,Weekly,Adult,High
1922,47,Male,36,Michigan,M,Green,Fall,3.5,No,No,13,Venmo,Annually,Adult,Medium
3762,60,Female,30,Nevada,M,Green,Summer,2.8,No,No,3,Venmo,Every 3 Months,Senior,Medium
1715,30,Male,71,South Dakota,S,Charcoal,Summer,4.4,No,No,15,Cash,Monthly,Young Adult,High
502,64,Male,45,Florida,M,Cyan,Spring,2.9,Yes,Yes,21,Venmo,Annually,Senior,Medium
2963,57,Female,40,California,L,Pink,Fall,4,No,No,42,Credit Card,Every 3 Months,Senior,Medium
4925,18,Other,577.19,Los Angeles,,Black,Spring,2,Yes,Yes,,Credit Card,Monthly,Teen,High
2689,53,Female,63,West Virginia,XL,Turquoise,Spring,2.9,No,No,18,Credit Card,Every 3 Months,Senior,Medium
1364,36,Male,90,Wisconsin,L,Red,Summer,4,No,Yes,47,PayPal,Quarterly,Adult,High
1575,18,Male,25,Minnesota,S,Magenta,Spring,4.2,No,Yes,32,PayPal,Bi-Weekly,Teen,Low
3633,27,Female,73,Utah,L,Green,Spring,3.2,No,No,3,Debit Card,Quarterly,Young Adult,High
623,69,Male,63,Georgia,S,Peach,Spring,4,Yes,Yes,44,Bank Transfer,Fortnightly,Senior,Medium
4349,18,Male,,New York,M,Red,Spring,1,No,Yes,,Cash,Quarterly,Teen,High
3531,62,Female,45,Oklahoma,L,Black,Spring,3.4,No,No,37,PayPal,Weekly,Senior,Medium
2068,60,Male,21,Maryland,XL,Beige,Fall,3.1,No,No,23,Cash,Fortnightly,Senior,Low
1968,37,Male,81,Georgia,L,Yellow,Fall,3.7,No,No,4,Venmo,Annually,Adult,High
18,53,Male,38,Mississippi,XL,Lavender,Winter,4.7,Yes,Yes,36,Venmo,Quarterly,Senior,Medium
505,42,Male,22,Missouri,M,Maroon,Winter,3.9,Yes,Yes,26,PayPal,Annually,Adult,Low
170,27,Male,30,Nevada,S,Gold,Summer,3.3,Yes,Yes,3,PayPal,Every 3 Months,Young Adult,Medium
3489,62,Female,27,Delaware,XL,Teal,Spring,4.9,No,No,7,Cash,Quarterly,Senior,Low
1748,61,Male,23,New Hampshire,M,Yellow,Winter,2.9,No,No,41,Venmo,Quarterly,Senior,Low
3803,70,Female,72,Illinois,S,Turquoise,Spring,3.2,No,No,1,Bank Transfer,Monthly,Senior,High
4305,45,Other,,Houston,,Blue,Spring,,Yes,Yes,,Cash,Monthly,Adult,High
842,55,Male,88,Texas,M,Beige,Summer,2.6,Yes,Yes,28,PayPal,Fortnightly,Senior,High
1454,36,Male,93,Virginia,S,Teal,Winter,3.2,No,Yes,41,Bank Transfer,Fortnightly,Adult,High
2194,27,Male,78,California,L,Turquoise,Spring,5,No,No,8,PayPal,Monthly,Young Adult,High
2412,49,Male,96,Virginia,M,Cyan,Summer,2.7,No,No,35,Cash,Every 3 Months,Adult,High
1349,19,Male,54,Nebraska,XL,Purple,Spring,3.2,No,Yes,23,Credit Card,Fortnightly,Teen,Medium
3704,30,Female,83,Michigan,S,Teal,Fall,2.9,No,No,23,PayPal,Every 3 Months,Young Adult,High
681,58,Male,25,Tennessee,M,Magenta,Spring,4.2,Yes,Yes,3,PayPal,Annually,Senior,Low
4914,44,Female,,Houston,,White,Autumn,3,No,Yes,,Debit Card,Weekly,Adult,High
5066,59,Other,876.68,Chicago,L,Blue,Autumn,,Yes,Yes,,PayPal,Monthly,Senior,High
2622,48,Male,46,Maine,M,Beige,Winter,3,No,No,21,Bank Transfer,Annually,Adult,Medium
1169,68,Male,91,Mississippi,L,Violet,Summer,3.6,No,Yes,37,Debit Card,Fortnightly,Senior,High
2241,57,Male,71,California,L,Green,Winter,4.3,No,No,18,Debit Card,Every 3 Months,Senior,High
3035,51,Female,37,Utah,L,Peach,Spring,3.5,No,No,25,Credit Card,Quarterly,Senior,Medium
4870,47,Male,,Phoenix,L,Black,Summer,,Yes,No,33,Debit Card,Monthly,Adult,High
2022,62,Male,33,Maine,M,Green,Winter,4.4,No,No,48,Venmo,Quarterly,Senior,Medium
2477,60,Male,60,Colorado,M,Turquoise,Summer,3.7,No,No,28,Cash,Monthly,Senior,Medium
134,52,Male,65,Montana,M,Violet,Winter,2.5,Yes,Yes,25,Venmo,Annually,Senior,Medium
264,27,Male,46,Iowa,M,Purple,Summer,4.3,Yes,Yes,29,Venmo,Monthly,Young Adult,Medium
1617,26,Male,41,Colorado,M,Green,Spring,3.4,No,Yes,50,Cash,Quarterly,Young Adult,Medium
4796,34,Female,,Houston,S,Red,Summer,,No,Yes,,PayPal,Weekly,Young Adult,High
1416,54,Male,90,Illinois,M,Blue,Winter,3.7,No,Yes,12,Credit Card,Every 3 Months,Senior,High
4756,29,Other,326.75,New York,M,Blue,Spring,5,No,No,,Debit Card,Weekly,Young Adult,High
1546,48,Male,43,Delaware,M,Black,Winter,4.9,No,Yes,49,Bank Transfer,Annually,Adult,Medium
1798,62,Male,35,Oregon,L,Maroon,Spring,3.9,No,No,26,Venmo,Weekly,Senior,Medium
2793,54,Female,44,Kentucky,L,Violet,Winter,3.2,No,No,11,Credit Card,Weekly,Senior,Medium
841,42,Male,24,Alabama,L,Teal,Summer,4.2,Yes,Yes,18,PayPal,Weekly,Adult,Low
4849,61,Female,,Phoenix,M,Blue,Autumn,5,No,Yes,3,Cash,Quarterly,Senior,High
4684,59,Male,,New York,S,Green,Autumn,3,Yes,No,28,PayPal,Monthly,Senior,High
4087,22,Female,,New York,M,Green,Summer,2,No,No,12,Credit Card,Weekly,Young Adult,High
1226,28,Male,97,North Carolina,S,Turquoise,Fall,2.6,No,Yes,16,Debit Card,Weekly,Young Adult,High
4104,55,Other,,Phoenix,S,Red,Summer,,No,No,,Debit Card,Monthly,Senior,High
3050,40,Female,60,Utah,L,Red,Summer,3,No,No,41,Bank Transfer,Bi-Weekly,Adult,Medium
3178,55,Female,52,Missouri,L,Beige,Fall,3.2,No,No,31,Credit Card,Monthly,Senior,Medium
2855,36,Female,28,Delaware,M,Beige,Fall,2.7,No,No,25,Venmo,Monthly,Adult,Low
215,24,Male,50,Hawaii,L,Blue,Summer,4.2,Yes,Yes,41,Cash,Every 3 Months,Young Adult,Medium
3548,52,Female,31,Pennsylvania,L,Magenta,Summer,3.8,No,No,23,Credit Card,Annually,Senior,Medium
4231,23,Other,1379.95,Los Angeles,,Red,Summer,4,No,Yes,11,Debit Card,Monthly,Young Adult,High
2640,18,Male,35,New Hampshire,XL,Pink,Winter,2.6,No,No,33,Debit Card,Quarterly,Teen,Medium
909,26,Male,99,New Jersey,M,Turquoise,Winter,3.6,Yes,Yes,9,PayPal,Every 3 Months,Young Adult,High
2882,38,Female,90,Texas,M,Cyan,Winter,4.2,No,No,6,Bank Transfer,Annually,Adult,High
3616,35,Female,31,California,M,Gold,Winter,4.4,No,No,4,Credit Card,Monthly,Young Adult,Medium
3631,65,Female,73,Oklahoma,M,Lavender,Winter,4.8,No,No,29,Cash,Weekly,Senior,High
2917,62,Female,66,Oklahoma,M,Green,Winter,2.7,No,No,13,Credit Card,Bi-Weekly,Senior,Medium
1633,35,Male,28,Oregon,S,White,Summer,4.7,No,Yes,50,Debit Card,Every 3 Months,Young Adult,Low
4774,53,Other,,Houston,XL,Blue,Spring,3,Yes,Yes,,PayPal,Quarterly,Senior,High
3254,36,Female,60,Nebraska,M,Brown,Fall,3.2,No,No,8,Venmo,Fortnightly,Adult,Medium
2462,28,Male,86,Pennsylvania,L,Red,Summer,4.8,No,No,19,Credit Card,Weekly,Young Adult,High
5062,68,Other,302.16,Los Angeles,M,Green,Spring,,Yes,Yes,37,Cash,Quarterly,Senior,High
4358,25,Female,,Phoenix,L,Blue,Autumn,,Yes,No,12,Credit Card,Quarterly,Young Adult,High
174,25,Male,46,Hawaii,M,Turquoise,Fall,3.4,Yes,Yes,30,Cash,Annually,Young Adult,Medium
1216,66,Male,20,Oregon,L,Pink,Winter,2.6,No,Yes,15,Credit Card,Every 3 Months,Senior,Low
59,69,Male,54,Missouri,M,Charcoal,Summer,4.2,Yes,Yes,29,Venmo,Monthly,Senior,Medium
2796,33,Female,35,Nebraska,M,Magenta,Winter,3.4,No,No,49,PayPal,Annually,Young Adult,Medium
550,31,Male,29,Arizona,S,Olive,Fall,3.6,Yes,Yes,37,Venmo,Bi-Weekly,Young Adult,Low
196,51,Male,25,New York,M,Magenta,Fall,4.3,Yes,Yes,34,Credit Card,Monthly,Senior,Low
4626,43,Male,,Los Angeles,M,Green,Autumn,,No,Yes,,PayPal,Quarterly,Adult,High
2905,41,Female,41,Iowa,M,Gray,Spring,4,No,No,43,Venmo,Monthly,Adult,Medium
3135,35,Female,66,Kentucky,L,Gray,Spring,4.4,No,No,47,Bank Transfer,Weekly,Young Adult,Medium
1507,35,Male,30,South Carolina,L,Beige,Fall,3,No,Yes,44,PayPal,Quarterly,Young Adult,Medium
4621,46,Other,1257.7,Phoenix,XL,White,Summer,,Yes,Yes,,Cash,Quarterly,Adult,High
3774,25,Female,60,Wisconsin,M,Violet,Summer,3.5,No,No,41,Cash,Quarterly,Young Adult,Medium
3532,54,Female,52,North Dakota,XL,Violet,Winter,4.6,No,No,23,Cash,Quarterly,Senior,Medium
4093,64,Female,,Los Angeles,XL,Red,Spring,2,Yes,No,,PayPal,Quarterly,Senior,High
218,35,Male,48,Oklahoma,M,Purple,Winter,3.5,Yes,Yes,24,Bank Transfer,Annually,Young Adult,Medium
1852,28,Male,80,Delaware,S,Lavender,Fall,3.1,No,No,4,Bank Transfer,Fortnightly,Young Adult,High
4941,31,Male,61.25,Los Angeles,S,White,Winter,1,Yes,No,8,PayPal,Monthly,Young Adult,Medium
4729,53,Other,,Houston,M,Blue,Spring,4,No,No,,Cash,Monthly,Senior,High
2894,69,Female,20,Kentucky,S,Orange,Spring,3.1,No,No,44,Debit Card,Every 3 Months,Senior,Low
1481,39,Male,74,New Hampshire,M,Gold,Fall,3.6,No,Yes,26,Cash,Quarterly,Adult,High
1696,54,Male,95,Nebraska,S,Yellow,Fall,4.7,No,No,1,PayPal,Fortnightly,Senior,High
1174,44,Male,76,South Dakota,M,Indigo,Winter,2.5,No,Yes,42,Cash,Bi-Weekly,Adult,High
688,19,Male,38,West Virginia,XL,Turquoise,Winter,3.3,Yes,Yes,46,Bank Transfer,Quarterly,Teen,Medium
1953,57,Male,82,Maryland,L,Yellow,Summer,4.6,No,No,50,Cash,Bi-Weekly,Senior,High
4405,36,Other,,Houston,,White,Spring,,No,Yes,12,Cash,Quarterly,Adult,High
799,29,Male,39,Alaska,M,Violet,Spring,3.8,Yes,Yes,48,PayPal,Every 3 Months,Young Adult,Medium
2581,43,Male,29,Massachusetts,S,Turquoise,Summer,3.6,No,No,13,Bank Transfer,Quarterly,Adult,Low
4513,69,Female,,Phoenix,S,White,Spring,4,No,Yes,42,Credit Card,Monthly,Senior,High
4313,18,Female,,Phoenix,,Green,Summer,,No,No,,PayPal,Weekly,Teen,High
3403,22,Female,61,Louisiana,M,Black,Spring,4.4,No,No,11,PayPal,Every 3 Months,Young Adult,Medium
2919,19,Female,73,New York,S,Black,Fall,4.9,No,No,36,Cash,Weekly,Teen,High
393,26,Male,82,Idaho,XL,Black,Spring,3.3,Yes,Yes,38,Credit Card,Annually,Young Adult,High
2201,60,Male,51,Wyoming,L,Charcoal,Summer,4.7,No,No,27,Debit Card,Every 3 Months,Senior,Medium
396,37,Male,65,Rhode Island,L,Brown,Winter,4.9,Yes,Yes,2,PayPal,Annually,Adult,Medium
4763,69,Other,426.12,New York,,Red,Spring,4,No,Yes,50,PayPal,Quarterly,Senior,High
1398,55,Male,67,Massachusetts,S,Magenta,Summer,4.7,No,Yes,33,PayPal,Annually,Senior,Medium
3001,57,Female,70,Ohio,M,Lavender,Winter,3.7,No,No,7,PayPal,Weekly,Senior,High
720,63,Male,22,Mississippi,L,Turquoise,Summer,3.3,Yes,Yes,42,Venmo,Bi-Weekly,Senior,Low
1241,41,Male,79,New Jersey,L,White,Winter,2.9,No,Yes,48,Debit Card,Annually,Adult,High
1894,28,Male,20,Delaware,L,Red,Summer,3.7,No,No,10,PayPal,Fortnightly,Young Adult,Low
4095,65,Male,,New York,M,Black,Winter,,No,Yes,,PayPal,Weekly,Senior,High
1919,35,Male,33,Idaho,S,Purple,Summer,4.6,No,No,33,Debit Card,Monthly,Young Adult,Medium
315,30,Male,24,New Jersey,M,Purple,Summer,3.3,Yes,Yes,17,Debit Card,Every 3 Months,Young Adult,Low
4681,53,Female,1283.66,Los Angeles,L,Blue,Winter,2,Yes,No,,Debit Card,Quarterly,Senior,High
358,18,Male,56,Arkansas,M,Olive,Spring,4,Yes,Yes,16,Credit Card,Bi-Weekly,Teen,Medium
1661,59,Male,45,Louisiana,L,Yellow,Winter,4.1,No,Yes,37,Venmo,Monthly,Senior,Medium
3586,39,Female,41,New York,XL,Gray,Winter,4.1,No,No,4,Venmo,Bi-Weekly,Adult,Medium
4417,18,Other,575.59,New York,S,White,Summer,,No,Yes,29,Cash,Quarterly,Teen,High
1442,34,Male,25,Nebraska,S,Turquoise,Summer,3.4,No,Yes,3,Venmo,Every 3 Months,Young Adult,Low
4160,63,Female,1264.31,New York,XL,Black,Winter,2,No,No,31,Cash,Weekly,Senior,High
4227,29,Female,,New York,S,Black,Summer,2,No,No,,Credit Card,Monthly,Young Adult,High
1191,62,Male,45,South Carolina,M,Orange,Winter,4.3,No,Yes,31,Credit Card,Weekly,Senior,Medium
4300,40,Female,1400.99,Chicago,S,White,Spring,,No,Yes,,Debit Card,Monthly,Adult,High
4199,44,Other,,Houston,M,Black,Autumn,,Yes,Yes,25,Cash,Monthly,Adult,High
4081,62,Female,,New York,,White,Spring,5,No,No,,Debit Card,Quarterly,Senior,High
1483,28,Male,67,Wisconsin,S,Magenta,Spring,4.1,No,Yes,43,Bank Transfer,Weekly,Young Adult,Medium
977,34,Male,90,Florida,M,Gray,Fall,3.6,Yes,Yes,50,Credit Card,Every 3 Months,Young Adult,High
3134,58,Female,68,Arkansas,M,Orange,Spring,4.1,No,No,29,Cash,Bi-Weekly,Senior,Medium
4217,53,Female,1163.93,New York,M,Green,Autumn,,Yes,Yes,,Debit Card,Weekly,Senior,High
1824,62,Male,50,Louisiana,L,Pink,Fall,4.7,No,No,40,Bank Transfer,Bi-Weekly,Senior,Medium
4061,29,Male,1036.05,New York,S,Blue,Autumn,2,No,Yes,30,Credit Card,Monthly,Young Adult,High
4478,42,Female,1216.92,Houston,L,Green,Spring,3,No,Yes,,Cash,Weekly,Adult,High
1695,20,Male,67,Mississippi,M,Turquoise,Summer,2.7,No,No,20,Debit Card,Fortnightly,Teen,Medium
4204,33,Female,1388.46,Chicago,M,White,Summer,5,No,No,16,PayPal,Monthly,Young Adult,High
2863,68,Female,75,Hawaii,S,Violet,Summer,4.7,No,No,5,Bank Transfer,Every 3 Months,Senior,High
4622,30,Other,1238.25,Los Angeles,XL,Black,Summer,1,Yes,Yes,,Debit Card,Monthly,Young Adult,High
2162,23,Male,69,Washington,S,Peach,Summer,3.8,No,No,5,Debit Card,Fortnightly,Young Adult,Medium
39,29,Male,37,Florida,M,Red,Winter,,Yes,Yes,44,Venmo,Every 3 Months,Young Adult,Medium
1225,62,Male,50,Illinois,M,Yellow,Summer,3.7,No,Yes,18,Venmo,Weekly,Senior,Medium
3573,23,Female,28,Rhode Island,M,Black,Spring,5,No,No,25,Credit Card,Monthly,Young Adult,Low
513,19,Male,49,New York,L,Peach,Winter,,Yes,Yes,2,Bank Transfer,Monthly,Teen,Medium
3482,52,Female,67,Ohio,S,Maroon,Summer,3.4,No,No,41,Debit Card,Bi-Weekly,Senior,Medium
3514,30,Female,74,Alaska,XL,Charcoal,Spring,4.2,No,No,29,Credit Card,Fortnightly,Young Adult,High
4016,19,Male,,Houston,M,Black,Summer,,No,Yes,33,Cash,Weekly,Teen,High
492,49,Male,69,Vermont,M,Silver,Summer,,Yes,Yes,24,Credit Card,Bi-Weekly,Adult,Medium
1762,21,Male,95,Hawaii,S,Green,Fall,4.9,No,No,24,Cash,Weekly,Young Adult,High
2212,50,Male,89,Maine,L,Purple,Winter,3.2,No,No,45,Debit Card,Every 3 Months,Adult,High
5022,68,Female,1103.92,Los Angeles,L,Black,Winter,1,Yes,No,,Cash,Quarterly,Senior,High
2205,20,Male,41,Oregon,S,Lavender,Winter,3.4,No,No,6,Debit Card,Monthly,Teen,Medium
4719,54,Female,1144.77,New York,,Green,Summer,,Yes,No,9,Credit Card,Weekly,Senior,High
1444,58,Male,47,Idaho,L,Teal,Fall,4.2,No,Yes,2,Cash,Monthly,Senior,Medium
4062,20,Other,,Phoenix,,Red,Winter,,Yes,Yes,,PayPal,Quarterly,Teen,High
2897,30,Female,91,Delaware,M,Silver,Summer,3.3,No,No,2,Venmo,Every 3 Months,Young Adult,High
849,48,Male,73,Delaware,M,Lavender,Fall,3.6,Yes,Yes,33,Credit Card,Bi-Weekly,Adult,High
294,69,Male,39,Connecticut,M,White,Spring,2.7,Yes,Yes,33,PayPal,Annually,Senior,Medium
2350,65,Male,34,New York,M,Orange,Fall,3.9,No,No,40,Credit Card,Every 3 Months,Senior,Medium
3274,58,Female,45,Nevada,S,Orange,Summer,2.6,No,No,34,PayPal,Every 3 Months,Senior,Medium
332,31,Male,98,Florida,L,Beige,Fall,3.3,Yes,Yes,46,PayPal,Quarterly,Young Adult,High
1541,28,Male,95,Colorado,M,Red,Winter,2.9,No,Yes,14,Bank Transfer,Monthly,Young Adult,High
4992,70,Male,,New York,M,Green,Summer,,No,No,,Credit Card,Quarterly,Senior,High
4506,19,Male,48.78,Los Angeles,S,White,Autumn,,Yes,Yes,,Credit Card,Quarterly,Teen,Medium
4009,36,Male,547.17,Phoenix,L,Red,Winter,,Yes,Yes,,PayPal,Monthly,Adult,High
3746,60,Female,41,Washington,L,Gold,Spring,4.3,No,No,2,Debit Card,Monthly,Senior,Medium
2578,52,Male,39,Minnesota,L,Black,Fall,4.5,No,No,37,Bank Transfer,Monthly,Senior,Medium
750,56,Male,71,Oklahoma,M,Olive,Winter,3.7,Yes,Yes,11,Debit Card,Quarterly,Senior,High
3093,52,Female,54,Utah,L,Silver,Fall,3.5,No,No,14,Bank Transfer,Bi-Weekly,Senior,Medium
2382,62,Male,23,Wisconsin,M,Teal,Summer,4.5,No,No,23,PayPal,Annually,Senior,Low
2909,43,Female,87,Texas,M,Beige,Winter,3.1,No,No,15,Debit Card,Every 3 Months,Adult,High
1462,54,Male,95,Oregon,S,Red,Summer,5,No,Yes,42,Venmo,Quarterly,Senior,High
4493,20,Male,764.9,Chicago,,Green,Autumn,,No,No,30,Cash,Quarterly,Teen,High
4330,64,Other,,New York,M,White,Summer,,No,No,14,PayPal,Monthly,Senior,High
878,64,Male,65,Nebraska,M,Orange,Winter,4.9,Yes,Yes,45,Venmo,Every 3 Months,Senior,Medium
3173,57,Female,52,Missouri,M,Olive,Fall,3.7,No,No,30,Debit Card,Bi-Weekly,Senior,Medium
1979,45,Male,78,Massachusetts,L,Magenta,Spring,3.8,No,No,1,Cash,Quarterly,Adult,High
2435,36,Male,45,Utah,M,Brown,Spring,5,No,No,40,Credit Card,Monthly,Adult,Medium
370,38,Male,40,Wisconsin,M,Silver,Summer,3.3,Yes,Yes,45,PayPal,Quarterly,Adult,Medium
3398,19,Female,38,New Jersey,L,Yellow,Summer,2.7,No,No,13,Bank Transfer,Bi-Weekly,Teen,Medium
4324,28,Male,,Chicago,S,Red,Spring,,No,Yes,32,Cash,Weekly,Young Adult,High
4352,25,Female,,Houston,,Red,Summer,,No,Yes,50,Cash,Weekly,Young Adult,High
4893,58,Female,,Los Angeles,M,Black,Spring,1,No,Yes,,PayPal,Quarterly,Senior,High
1573,37,Male,92,Washington,L,White,Summer,3.4,No,Yes,16,Debit Card,Monthly,Adult,High
2576,53,Male,96,Minnesota,M,Silver,Fall,4,No,No,9,PayPal,Annually,Senior,High
1380,21,Male,64,Minnesota,L,Purple,Fall,2.8,No,Yes,38,Venmo,Bi-Weekly,Young Adult,Medium
93,61,Male,87,Texas,M,Olive,Winter,4.4,Yes,Yes,13,Venmo,Every 3 Months,Senior,High
4788,28,Male,243.43,Phoenix,S,White,Autumn,,No,No,,PayPal,Quarterly,Young Adult,High
1397,37,Male,30,Wisconsin,XL,Lavender,Winter,3,No,Yes,49,Debit Card,Monthly,Adult,Medium
2232,34,Male,49,Utah,M,Beige,Fall,4.1,No,No,1,Credit Card,Weekly,Young Adult,Medium
4943,20,Male,1050.61,Chicago,XL,Black,Winter,,No,Yes,,Credit Card,Quarterly,Teen,High
3025,67,Female,82,Idaho,S,White,Spring,4,No,No,47,Credit Card,Every 3 Months,Senior,High
3513,36,Female,46,Kentucky,M,White,Fall,3.4,No,No,31,Debit Card,Quarterly,Adult,Medium
4718,30,Other,,Los Angeles,S,Blue,Winter,1,No,No,,Cash,Weekly,Young Adult,High
2039,53,Male,70,Arkansas,L,Orange,Spring,4.4,No,No,35,Credit Card,Fortnightly,Senior,High
4577,20,Female,,Chicago,,Black,Spring,3,Yes,Yes,28,Cash,Quarterly,Teen,High
2363,27,Male,41,Virginia,M,Brown,Fall,2.7,No,No,24,Credit Card,Monthly,Young Adult,Medium
1089,49,Male,21,Louisiana,M,Turquoise,Winter,2.7,No,Yes,2,PayPal,Weekly,Adult,Low
5080,63,Male,,Chicago,,Black,Summer,1,Yes,No,,Debit Card,Monthly,Senior,High
3653,27,Female,29,Kentucky,S,Magenta,Fall,3.8,No,No,23,Debit Card,Monthly,Young Adult,Low
2631,29,Male,82,Maine,S,Pink,Spring,4.2,No,No,20,Cash,Quarterly,Young Adult,High
248,29,Male,66,Montana,XL,Brown,Spring,4.4,Yes,Yes,14,Debit Card,Weekly,Young Adult,Medium
3730,28,Female,82,Rhode Island,M,Teal,Spring,4.7,No,No,50,Cash,Quarterly,Young Adult,High
1775,46,Male,78,New York,M,Lavender,Spring,3.7,No,No,6,PayPal,Weekly,Adult,High
1974,24,Male,20,Maryland,XL,Red,Fall,4.5,No,No,9,Venmo,Every 3 Months,Young Adult,Low
2650,23,Male,21,Minnesota,M,Magenta,Fall,3.9,No,No,14,Bank Transfer,Fortnightly,Young Adult,Low
4983,31,Female,820.5,New York,M,Green,Autumn,4,No,No,,PayPal,Weekly,Young Adult,High
1688,67,Male,70,Georgia,S,Magenta,Winter,3.7,No,No,4,PayPal,Annually,Senior,High
3556,25,Female,23,Delaware,L,Silver,Spring,4.6,No,No,45,Cash,Quarterly,Young Adult,Low
1018,21,Male,53,Oklahoma,L,Orange,Fall,2.5,Yes,Yes,14,Credit Card,Annually,Young Adult,Medium
3182,31,Female,51,Montana,M,Charcoal,Summer,4.4,No,No,27,PayPal,Every 3 Months,Young Adult,Medium
4086,28,Male,,Houston,,Red,Winter,4,Yes,Yes,,PayPal,Quarterly,Young Adult,High
2709,57,Female,94,Alabama,M,Teal,Summer,3.3,No,No,44,Debit Card,Weekly,Senior,High
3295,62,Female,60,South Carolina,S,Magenta,Spring,4.5,No,No,15,Bank Transfer,Bi-Weekly,Senior,Medium
577,48,Male,68,Washington,M,Black,Winter,5,Yes,Yes,5,Credit Card,Every 3 Months,Adult,Medium
2740,33,Female,80,Alaska,XL,Blue,Winter,2.5,No,No,39,Credit Card,Every 3 Months,Young Adult,High
4676,55,Other,544.69,Phoenix,S,Black,Autumn,2,Yes,Yes,,Cash,Monthly,Senior,High
2295,54,Male,95,Maryland,M,Red,Winter,5,No,No,40,Debit Card,Annually,Senior,High
3650,68,Female,57,Minnesota,M,Brown,Fall,4.4,No,No,33,Credit Card,Fortnightly,Senior,Medium
677,28,Male,60,Connecticut,M,Peach,Winter,2.9,Yes,Yes,38,Venmo,Bi-Weekly,Young Adult,Medium
167,46,Male,31,Delaware,XL,Indigo,Fall,4,Yes,Yes,30,Cash,Monthly,Adult,Medium
1370,32,Male,75,Iowa,M,Green,Winter,3.2,No,Yes,48,Venmo,Fortnightly,Young Adult,High
3557,70,Female,88,Arizona,M,Brown,Fall,4.2,No,No,43,Cash,Bi-Weekly,Senior,High
892,20,Male,26,Pennsylvania,S,Lavender,Summer,3.9,Yes,Yes,24,PayPal,Every 3 Months,Teen,Low
2830,56,Female,67,Arizona,XL,Teal,Fall,3.4,No,No,47,Cash,Weekly,Senior,Medium
127,43,Male,36,Mississippi,L,Pink,Spring,3.9,Yes,Yes,48,Cash,Every 3 Months,Adult,Medium
401,39,Male,66,Utah,M,Green,Winter,4.8,Yes,Yes,14,PayPal,Fortnightly,Adult,Medium
307,26,Male,49,North Dakota,S,White,Summer,3.6,Yes,Yes,4,Cash,Annually,Young Adult,Medium
2400,55,Male,44,New Hampshire,L,Beige,Spring,3.2,No,No,31,Cash,Monthly,Senior,Medium
1443,53,Male,92,Idaho,S,Violet,Spring,2.8,No,Yes,42,Credit Card,Annually,Senior,High
4975,61,Male,,Houston,L,Red,Spring,5,No,Yes,3,PayPal,Weekly,Senior,High
4732,29,Other,952.63,Phoenix,S,Blue,Winter,4,Yes,Yes,12,PayPal,Weekly,Young Adult,High
1270,43,Male,53,Vermont,M,Lavender,Spring,3,No,Yes,47,PayPal,Quarterly,Adult,Medium
2513,50,Male,63,North Dakota,M,Green,Summer,4.9,No,No,20,Credit Card,Monthly,Adult,Medium
1143,69,Male,76,Ohio,L,Green,Spring,3.5,No,Yes,27,Venmo,Bi-Weekly,Senior,High
4574,39,Other,1109.96,Chicago,L,Red,Autumn,,Yes,No,,Debit Card,Quarterly,Adult,High
3172,68,Female,26,Tennessee,M,Maroon,Spring,3.1,No,No,26,Bank Transfer,Bi-Weekly,Senior,Low
937,31,Male,84,Maine,M,Pink,Summer,2.7,Yes,Yes,28,Cash,Weekly,Young Adult,High
1250,62,Male,50,Oregon,M,Peach,Winter,4.5,No,Yes,48,Venmo,Fortnightly,Senior,Medium
3620,44,Female,75,North Carolina,S,Magenta,Winter,4.9,No,No,50,Venmo,Weekly,Adult,High
4854,65,Female,1249.73,Phoenix,,Blue,Spring,1,Yes,No,,Credit Card,Weekly,Senior,High
4970,66,Male,,Chicago,S,Green,Summer,,Yes,No,42,Credit Card,Weekly,Senior,High
4795,24,Female,,Houston,M,Black,Summer,5,Yes,Yes,31,Debit Card,Weekly,Young Adult,High
3842,68,Female,57,Mississippi,L,Pink,Fall,4.2,No,No,8,Bank Transfer,Monthly,Senior,Medium
1650,58,Male,63,Wisconsin,,White,Summer,4.9,No,Yes,3,Credit Card,Quarterly,Senior,Medium
2176,68,Male,50,Nebraska,,Silver,Spring,3.3,No,No,48,Credit Card,Fortnightly,Senior,Medium
45,39,Male,,Kentucky,,Silver,Summer,4.6,Yes,Yes,45,PayPal,Weekly,Adult,High
163,54,Male,74,California,M,Turquoise,Summer,3,Yes,Yes,31,PayPal,Bi-Weekly,Senior,High
2532,43,Male,28,Texas,M,Violet,Summer,4.6,No,No,7,Cash,Every 3 Months,Adult,Low
4145,19,Other,83.82,New York,S,Red,Spring,1,Yes,Yes,7,Cash,Monthly,Teen,High
2579,54,Male,48,Vermont,M,Purple,Fall,3.9,No,No,3,Cash,Quarterly,Senior,Medium
1312,32,Male,87,Tennessee,M,Maroon,Fall,4.2,No,Yes,12,Venmo,Annually,Young Adult,High
3566,49,Female,52,Pennsylvania,S,Gray,Spring,4.2,No,No,35,PayPal,Monthly,Adult,Medium
5065,48,Other,,Chicago,,Red,Spring,4,No,Yes,,Debit Card,Monthly,Adult,High
2436,21,Male,27,Hawaii,S,Black,Fall,4.5,No,No,29,Cash,Bi-Weekly,Young Adult,Low
1154,27,Male,41,Idaho,M,Pink,Summer,4,No,Yes,6,Bank Transfer,Quarterly,Young Adult,Medium
2368,66,Male,85,North Dakota,L,Green,Winter,3.4,No,No,28,Bank Transfer,Bi-Weekly,Senior,High
457,50,Male,96,North Carolina,S,Indigo,Fall,4,Yes,Yes,33,Credit Card,Quarterly,Adult,High
1229,55,Male,55,Indiana,S,Yellow,Winter,3.9,No,Yes,1,Cash,Annually,Senior,Medium
3535,65,Female,83,Delaware,M,Gray,Fall,3.2,No,No,7,Cash,Weekly,Senior,High
4668,21,Other,671.54,New York,M,Red,Spring,2,Yes,Yes,34,Cash,Weekly,Young Adult,High
617,29,Male,72,Pennsylvania,L,Teal,Spring,4.6,Yes,Yes,38,Credit Card,Every 3 Months,Young Adult,High
1815,32,Male,92,Montana,M,White,Summer,3.8,No,No,24,Cash,Quarterly,Young Adult,High
2858,44,Female,93,Utah,S,Maroon,Spring,3.8,No,No,35,Debit Card,Monthly,Adult,High
40,70,Male,60,Arizona,S,Turquoise,Summer,4.2,Yes,Yes,18,Credit Card,Monthly,Senior,Medium
309,66,Male,29,Maryland,M,Beige,Fall,3.7,Yes,Yes,45,Venmo,Bi-Weekly,Senior,Low
4669,69,Other,1384.7,New York,,Green,Autumn,,Yes,No,47,PayPal,Monthly,Senior,High
2837,51,Female,50,Wyoming,M,Charcoal,Winter,5,No,No,21,Cash,Bi-Weekly,Senior,Medium
4798,36,Female,697.58,Houston,,White,Spring,,Yes,No,,Credit Card,Weekly,Adult,High
8,27,Male,34,Louisiana,L,Charcoal,Winter,3.2,Yes,Yes,19,Credit Card,Weekly,Young Adult,Medium
4449,49,Other,,Houston,XL,Red,Spring,4,Yes,No,,Cash,Quarterly,Adult,High
1055,18,Male,96,Arkansas,L,Cyan,Winter,4.9,No,Yes,48,PayPal,Quarterly,Teen,High
538,50,Male,49,Virginia,S,Turquoise,Summer,3,Yes,Yes,14,Debit Card,Annually,Adult,Medium
4590,60,Male,,Los Angeles,XL,Red,Spring,,Yes,Yes,,PayPal,Quarterly,Senior,High
905,69,Male,99,Alaska,L,Magenta,Spring,2.9,Yes,Yes,46,PayPal,Every 3 Months,Senior,High
2221,19,Male,62,Wyoming,XL,Beige,Fall,4.5,No,No,47,Cash,Annually,Teen,Medium
2600,63,Male,99,Vermont,M,Gold,Winter,3.4,No,No,48,Credit Card,Monthly,Senior,High
1005,33,Male,79,Tennessee,M,Black,Summer,4.8,Yes,Yes,44,Cash,Annually,Young Adult,High
221,39,Male,57,Arizona,S,Indigo,Spring,3.7,Yes,Yes,48,Debit Card,Fortnightly,Adult,Medium
686,70,Male,71,Massachusetts,XL,Magenta,Winter,3.5,Yes,Yes,32,Cash,Fortnightly,Senior,High
2698,42,Female,52,Delaware,L,Red,Winter,3.2,No,No,36,Bank Transfer,Quarterly,Adult,Medium
633,35,Male,51,Wyoming,M,Red,Winter,3.9,Yes,Yes,19,Venmo,Fortnightly,Young Adult,Medium
2560,48,Male,71,Mississippi,S,Green,Winter,4,No,No,21,Debit Card,Every 3 Months,Adult,High
3764,27,Female,24,Oklahoma,XL,Red,Winter,4.5,No,No,38,Cash,Every 3 Months,Young Adult,Low
3776,41,Female,63,South Dakota,S,Pink,Spring,2.7,No,No,45,Cash,Quarterly,Adult,Medium
320,47,Male,74,Maine,XL,White,Spring,2.6,Yes,Yes,1,Cash,Every 3 Months,Adult,High
4563,31,Female,,Phoenix,,Red,Spring,2,No,No,,Credit Card,Weekly,Young Adult,High
3800,60,Female,26,Oklahoma,L,Violet,Winter,2.6,No,No,13,Credit Card,Monthly,Senior,Low
4915,50,Other,395.93,Phoenix,S,Blue,Spring,,No,No,37,Credit Card,Quarterly,Adult,High
1809,67,Male,71,Tennessee,M,Lavender,Spring,4.3,No,No,7,Debit Card,Monthly,Senior,High
3206,40,Female,24,Colorado,XL,Magenta,Fall,4.4,No,No,50,Bank Transfer,Every 3 Months,Adult,Low
2901,41,Female,67,Maryland,XL,Violet,Winter,4,No,No,23,Cash,Bi-Weekly,Adult,Medium
3886,49,Female,64,New Mexico,L,Purple,Winter,3.2,No,No,39,Cash,Quarterly,Adult,Medium
822,62,Male,39,Vermont,M,Green,Spring,3.9,Yes,Yes,31,Credit Card,Bi-Weekly,Senior,Medium
4888,65,Male,501.36,New York,,Green,Spring,,No,Yes,49,Credit Card,Monthly,Senior,High
2861,28,Female,38,Rhode Island,M,Gold,Spring,2.9,No,No,49,Bank Transfer,Weekly,Young Adult,Medium
2479,18,Male,93,Vermont,S,Maroon,Winter,4.8,No,No,9,Bank Transfer,Every 3 Months,Teen,High
2794,37,Female,57,Massachusetts,M,Silver,Spring,3.1,No,No,27,Debit Card,Bi-Weekly,Adult,Medium
3841,30,Female,42,Idaho,M,Turquoise,Spring,3.7,No,No,5,Venmo,Fortnightly,Young Adult,Medium
3549,63,Female,37,Utah,M,Red,Fall,3,No,No,47,Debit Card,Fortnightly,Senior,Medium
1446,64,Male,51,Arkansas,M,Gold,Fall,3.1,No,Yes,24,Credit Card,Annually,Senior,Medium
1961,57,Male,72,Massachusetts,L,Red,Summer,3.3,No,No,40,Credit Card,Annually,Senior,High
1509,35,Male,84,Colorado,L,Beige,Spring,4.4,No,Yes,3,Cash,Every 3 Months,Young Adult,High
1671,22,Male,73,Utah,L,Cyan,Fall,3.6,No,Yes,20,Cash,Weekly,Young Adult,High
2252,26,Male,94,Virginia,L,Gold,Fall,3.8,No,No,22,Debit Card,Monthly,Young Adult,High
414,70,Male,99,Nevada,S,White,Summer,4.6,Yes,Yes,48,Cash,Monthly,Senior,High
956,55,Male,75,Mississippi,L,Lavender,Summer,3.4,Yes,Yes,4,PayPal,Monthly,Senior,High
4169,20,Female,459.33,Houston,L,Black,Spring,2,Yes,No,,PayPal,Quarterly,Teen,High
2982,21,Female,36,Delaware,L,Pink,Winter,4.9,No,No,37,Venmo,Annually,Young Adult,Medium
3798,68,Female,44,California,M,Gray,Summer,2.5,No,No,20,Cash,Quarterly,Senior,Medium
2699,55,Female,57,Virginia,M,Magenta,Summer,3.6,No,No,34,Venmo,Quarterly,Senior,Medium
2627,50,Male,46,Rhode Island,XL,Silver,Fall,4.2,No,No,30,Credit Card,Every 3 Months,Adult,Medium
2510,19,Male,48,Washington,M,Black,Spring,4.4,No,No,9,Bank Transfer,Quarterly,Teen,Medium
1927,66,Male,93,New Mexico,M,Silver,Spring,3,No,No,6,PayPal,Annually,Senior,High
1537,18,Male,82,Michigan,M,Indigo,Summer,2.6,No,Yes,17,Cash,Quarterly,Teen,High
1958,68,Male,54,South Carolina,M,Cyan,Spring,4.5,No,No,26,Cash,Bi-Weekly,Senior,Medium
1258,68,Male,67,Minnesota,L,Gold,Spring,3,No,Yes,31,Cash,Every 3 Months,Senior,Medium
3574,43,Female,67,Connecticut,L,Maroon,Fall,4.9,No,No,27,PayPal,Monthly,Adult,Medium
1094,60,Male,48,Delaware,S,Indigo,Winter,4.2,No,Yes,46,Venmo,Every 3 Months,Senior,Medium
512,61,Male,46,Hawaii,L,Yellow,Fall,3.1,Yes,Yes,8,PayPal,Annually,Senior,Medium
2534,66,Male,46,Pennsylvania,S,Blue,Summer,3.1,No,No,49,Cash,Bi-Weekly,Senior,Medium
804,32,Male,38,Connecticut,L,Silver,Winter,2.8,Yes,Yes,30,Venmo,Every 3 Months,Young Adult,Medium
1880,56,Male,33,Tennessee,L,Charcoal,Spring,3.5,No,No,46,Cash,Bi-Weekly,Senior,Medium
2713,37,Female,95,North Dakota,L,Brown,Fall,4.6,No,No,7,Debit Card,Quarterly,Adult,High
92,44,Male,99,South Carolina,S,Green,Winter,4.6,Yes,Yes,18,Credit Card,Every 3 Months,Adult,High
4101,22,Male,125.59,Houston,XL,Blue,Spring,,Yes,Yes,,Cash,Weekly,Young Adult,High
4260,42,Male,520.35,Los Angeles,,Blue,Autumn,5,Yes,Yes,34,PayPal,Weekly,Adult,High
4460,65,Other,,New York,S,Green,Autumn,5,No,No,,PayPal,Monthly,Senior,High
616,67,Male,100,Maryland,L,Olive,Summer,2.6,Yes,Yes,23,Venmo,Annually,Senior,High
3268,37,Female,45,Idaho,L,Pink,Winter,3,No,No,42,Credit Card,Quarterly,Adult,Medium
1015,28,Male,97,Ohio,M,Violet,Summer,3,Yes,Yes,36,Debit Card,Fortnightly,Young Adult,High
1793,38,Male,59,Iowa,M,Peach,Fall,3,No,No,22,Debit Card,Every 3 Months,Adult,Medium
2441,31,Male,90,Indiana,M,Red,Spring,4.7,No,No,47,Bank Transfer,Annually,Young Adult,High
4317,57,Female,,Houston,L,Blue,Winter,,No,Yes,13,Debit Card,Monthly,Senior,High
3389,35,Female,61,South Dakota,M,Cyan,Spring,4.5,No,No,21,Credit Card,Weekly,Young Adult,Medium
3011,70,Female,45,Ohio,M,Violet,Winter,3.3,No,No,15,Credit Card,Annually,Senior,Medium
1783,52,Male,88,Utah,M,Lavender,Fall,2.7,No,No,40,Bank Transfer,Fortnightly,Senior,High
555,56,Male,47,Minnesota,M,Red,Summer,3,Yes,Yes,34,Bank Transfer,Weekly,Senior,Medium
4638,33,Other,597.06,Los Angeles,L,Blue,Summer,4,Yes,No,40,Credit Card,Weekly,Young Adult,High
1556,43,Male,47,Ohio,S,Cyan,Winter,4.5,No,Yes,44,Cash,Quarterly,Adult,Medium
3601,67,Female,81,South Carolina,XL,Olive,Spring,2.7,No,No,25,Cash,Bi-Weekly,Senior,High
699,55,Male,41,Iowa,M,Yellow,Winter,3.8,Yes,Yes,40,Debit Card,Weekly,Senior,Medium
3680,53,Female,91,Idaho,M,Violet,Summer,2.5,No,No,5,Cash,Bi-Weekly,Senior,High
3814,61,Female,89,Georgia,M,Orange,Summer,4.1,No,No,31,Venmo,Bi-Weekly,Senior,High
4228,21,Male,1302.82,Chicago,XL,Green,Autumn,,Yes,No,,Cash,Quarterly,Young Adult,High
2772,58,Female,52,Maryland,S,Beige,Summer,3.1,No,No,12,Bank Transfer,Fortnightly,Senior,Medium
2258,41,Male,32,Tennessee,L,Olive,Fall,4.2,No,No,6,Bank Transfer,Annually,Adult,Medium
1744,23,Male,72,Missouri,XL,Brown,Winter,3.3,No,No,3,Bank Transfer,Weekly,Young Adult,High
4891,41,Male,,Phoenix,L,Black,Winter,2,No,No,33,PayPal,Quarterly,Adult,High
674,35,Male,66,Oklahoma,M,Indigo,Spring,4.2,Yes,Yes,27,Venmo,Bi-Weekly,Young Adult,Medium
4834,31,Male,,New York,,White,Winter,,Yes,No,5,Debit Card,Monthly,Young Adult,High
3686,47,Female,42,Tennessee,L,Red,Summer,2.6,No,No,17,Cash,Bi-Weekly,Adult,Medium
1339,56,Male,51,Alabama,S,Yellow,Winter,2.6,No,Yes,43,PayPal,Fortnightly,Senior,Medium
2596,29,Male,56,Iowa,XL,Maroon,Summer,3.2,No,No,3,Bank Transfer,Bi-Weekly,Young Adult,Medium
2073,39,Male,66,Massachusetts,M,Beige,Winter,3.9,No,No,22,Bank Transfer,Weekly,Adult,Medium
422,38,Male,40,Kentucky,M,Violet,Winter,3.5,Yes,Yes,48,Cash,Bi-Weekly,Adult,Medium
742,22,Male,79,West Virginia,XL,Yellow,Summer,4.7,Yes,Yes,23,Bank Transfer,Every 3 Months,Young Adult,High
3478,53,Female,85,Kentucky,S,Teal,Spring,3.8,No,No,38,Debit Card,Bi-Weekly,Senior,High
3619,28,Female,67,Nevada,M,Maroon,Fall,4,No,No,47,PayPal,Bi-Weekly,Young Adult,Medium
752,65,Male,72,Ohio,L,Indigo,Fall,4.8,Yes,Yes,1,Credit Card,Monthly,Senior,High
4383,47,Other,,New York,,White,Autumn,,No,No,,PayPal,Weekly,Adult,High
4290,37,Male,,Chicago,S,Blue,Summer,,Yes,No,,PayPal,Quarterly,Adult,High
3682,26,Female,73,Connecticut,XL,Magenta,Fall,4.2,No,No,33,Debit Card,Monthly,Young Adult,High
392,37,Male,86,Minnesota,L,Gray,Spring,4.8,Yes,Yes,25,Cash,Fortnightly,Adult,High
139,68,Male,29,Georgia,M,Maroon,Winter,4.4,Yes,Yes,42,Bank Transfer,Weekly,Senior,Low
4927,34,Other,,Phoenix,L,Black,Autumn,3,No,No,,Debit Card,Quarterly,Young Adult,High
4306,41,Male,,Los Angeles,XL,Blue,Autumn,1,No,Yes,11,PayPal,Monthly,Adult,High
3028,52,Female,26,West Virginia,XL,Peach,Winter,2.8,No,No,47,Credit Card,Quarterly,Senior,Low
1427,60,Male,38,Michigan,M,Yellow,Summer,4.8,No,Yes,35,PayPal,Every 3 Months,Senior,Medium
3890,57,Female,65,Alaska,S,Yellow,Spring,3.5,No,No,49,Bank Transfer,Annually,Senior,Medium
4141,58,Other,1290.5,New York,,Red,Summer,,No,No,28,Debit Card,Monthly,Senior,High
3457,42,Female,53,Texas,M,Red,Fall,4.6,No,No,21,Venmo,Monthly,Adult,Medium
2956,42,Female,67,Vermont,M,Silver,Winter,2.6,No,No,46,Credit Card,Annually,Adult,Medium
2357,57,Male,58,Montana,M,Gray,Summer,3,No,No,27,Debit Card,Quarterly,Senior,Medium
1437,35,Male,83,Minnesota,M,Gray,Winter,3.7,No,Yes,23,PayPal,Fortnightly,Young Adult,High
2140,40,Male,95,New York,M,Red,Winter,3,No,No,33,Cash,Weekly,Adult,High
1021,24,Male,95,Delaware,M,Black,Fall,4.5,Yes,Yes,41,Debit Card,Annually,Young Adult,High
4481,44,Female,,Phoenix,,White,Winter,,Yes,No,,Credit Card,Quarterly,Adult,High
2815,31,Female,32,Minnesota,L,Gold,Winter,3.6,No,No,14,Bank Transfer,Monthly,Young Adult,Medium
3708,35,Female,79,Illinois,M,Gold,Fall,3.4,No,No,19,Venmo,Weekly,Young Adult,High
2928,45,Female,24,Missouri,M,Black,Summer,2.7,No,No,15,Venmo,Bi-Weekly,Adult,Low
169,34,Male,80,Louisiana,M,Magenta,Summer,3,Yes,Yes,5,Cash,Fortnightly,Young Adult,High
107,64,Male,35,Minnesota,L,White,Summer,3.7,Yes,Yes,31,Credit Card,Monthly,Senior,Medium
2033,46,Male,36,South Carolina,M,Maroon,Winter,4.2,No,No,13,Cash,Annually,Adult,Medium
310,66,Male,22,Minnesota,M,Yellow,Spring,4.5,Yes,Yes,21,Cash,Fortnightly,Senior,Low
2900,50,Female,64,Nebraska,M,Gold,Spring,4.2,No,No,22,Bank Transfer,Fortnightly,Adult,Medium
3232,62,Female,97,Nevada,M,Maroon,Winter,4.4,No,No,9,Credit Card,Annually,Senior,High
4019,28,Male,864.47,New York,XL,Green,Winter,,Yes,Yes,7,Debit Card,Monthly,Young Adult,High
773,18,Male,22,Illinois,L,Teal,Fall,3.6,Yes,Yes,40,Debit Card,Bi-Weekly,Teen,Low
2806,18,Female,97,Nevada,S,Black,Fall,4.3,No,No,48,Cash,Quarterly,Teen,High
3625,22,Female,82,Texas,XL,Peach,Fall,5,No,No,22,Bank Transfer,Bi-Weekly,Young Adult,High
889,49,Male,77,New Hampshire,S,Gold,Spring,,Yes,Yes,44,Cash,Annually,Adult,High
2361,49,Male,80,New York,L,Silver,Fall,4.7,No,No,27,Venmo,Every 3 Months,Adult,High
133,30,Male,58,New Mexico,M,Orange,Fall,4.7,Yes,Yes,42,PayPal,Weekly,Young Adult,Medium
1676,35,Male,90,Colorado,M,Beige,Spring,4.7,No,Yes,21,Credit Card,Annually,Young Adult,High
635,36,Male,60,Ohio,M,Teal,Summer,3.9,Yes,Yes,46,PayPal,Weekly,Adult,Medium
2836,33,Female,84,Vermont,S,Pink,Winter,4.9,No,No,7,Venmo,Annually,Young Adult,High
3578,66,Female,35,Missouri,S,Yellow,Winter,2.6,No,No,13,Bank Transfer,Weekly,Senior,Medium
3812,46,Female,30,Idaho,M,Maroon,Winter,4,No,No,14,Cash,Monthly,Adult,Medium
1147,48,Male,38,Wisconsin,M,Indigo,Summer,4.2,No,Yes,7,Bank Transfer,Every 3 Months,Adult,Medium
2149,19,Male,45,Nebraska,XL,Turquoise,Winter,4.6,No,No,19,PayPal,Bi-Weekly,Teen,Medium
984,24,Male,45,New Mexico,L,Indigo,Winter,3.5,Yes,Yes,40,Venmo,Bi-Weekly,Young Adult,Medium
930,59,Male,94,Nebraska,M,White,Fall,4.5,Yes,Yes,26,Debit Card,Fortnightly,Senior,High
2722,19,Female,70,Minnesota,S,Teal,Spring,4.9,No,No,17,PayPal,Fortnightly,Teen,High
936,58,Male,51,Ohio,L,White,Fall,2.6,Yes,Yes,2,Bank Transfer,Fortnightly,Senior,Medium
1550,19,Male,55,Kansas,M,Black,Spring,2.9,No,Yes,19,Debit Card,Every 3 Months,Teen,Medium
379,54,Male,62,Nevada,L,Orange,Winter,4.9,Yes,Yes,23,Credit Card,Monthly,Senior,Medium
3677,19,Female,94,Wisconsin,S,Teal,Spring,4.9,No,No,16,PayPal,Monthly,Teen,High
4479,43,Male,790.48,Phoenix,M,Blue,Summer,,No,No,12,Credit Card,Quarterly,Adult,High
1899,59,Male,97,Texas,L,Magenta,Fall,3.5,No,No,25,Venmo,Monthly,Senior,High
2637,41,Male,40,Utah,S,Magenta,Winter,4.2,No,No,6,Venmo,Annually,Adult,Medium
1062,36,Male,62,Idaho,M,Gray,Summer,4.4,No,Yes,12,Venmo,Every 3 Months,Adult,Medium
4844,63,Male,321.56,Phoenix,S,Red,Summer,,No,No,47,PayPal,Weekly,Senior,High
2710,35,Female,54,Illinois,S,Cyan,Winter,2.9,No,No,9,Credit Card,Bi-Weekly,Young Adult,Medium
3518,29,Female,69,Tennessee,M,Orange,Winter,3.1,No,No,34,Debit Card,Every 3 Months,Young Adult,Medium
2273,29,Male,38,Maine,L,Charcoal,Spring,4,No,No,44,PayPal,Monthly,Young Adult,Medium
575,54,Male,79,Maine,L,Red,Fall,4.8,Yes,Yes,20,Bank Transfer,Bi-Weekly,Senior,High
3853,65,Female,79,Mississippi,M,Peach,Fall,4,No,No,19,PayPal,Weekly,Senior,High
1004,56,Male,68,Ohio,M,Green,Fall,4,Yes,Yes,3,Cash,Bi-Weekly,Senior,Medium
1193,49,Male,56,Florida,M,Turquoise,Summer,4,No,Yes,42,Venmo,Quarterly,Adult,Medium
3193,19,Female,76,Iowa,S,Maroon,Fall,3,No,No,20,Cash,Fortnightly,Teen,High
1064,62,Male,29,Alabama,S,Indigo,Summer,3.3,No,Yes,35,Cash,Monthly,Senior,Low
2654,67,Female,36,Wisconsin,L,Lavender,Fall,4.8,No,No,24,Venmo,Every 3 Months,Senior,Medium
4110,27,Other,,Los Angeles,,White,Spring,1,No,No,,Debit Card,Monthly,Young Adult,High
675,48,Male,33,Washington,XL,Beige,Winter,4.7,Yes,Yes,36,Bank Transfer,Annually,Adult,Medium
2218,35,Male,27,Indiana,XL,Red,Fall,2.6,No,No,42,Bank Transfer,Fortnightly,Young Adult,Low
2718,18,Female,62,Nebraska,XL,Beige,Winter,4.3,No,No,19,Credit Card,Every 3 Months,Teen,Medium
4233,27,Female,47.79,Houston,L,Red,Winter,3,No,No,,PayPal,Monthly,Young Adult,Medium
738,47,Male,24,Nebraska,M,Teal,Spring,3.6,Yes,Yes,28,PayPal,Annually,Adult,Low
2336,31,Male,37,Idaho,M,Black,Summer,3.9,No,No,10,Venmo,Fortnightly,Young Adult,Medium
4342,31,Female,1351.65,Los Angeles,,Blue,Spring,2,Yes,Yes,,Debit Card,Quarterly,Young Adult,High
3707,26,Female,55,Kansas,M,Green,Spring,4,No,No,17,Cash,Bi-Weekly,Young Adult,Medium
960,36,Male,99,Nevada,M,Cyan,Spring,2.6,Yes,Yes,12,Cash,Fortnightly,Adult,High
4881,41,Female,,Chicago,L,Red,Summer,,No,Yes,9,Credit Card,Weekly,Adult,High
1785,32,Male,31,Louisiana,L,Yellow,Summer,4.8,No,No,4,Debit Card,Quarterly,Young Adult,Medium
3044,45,Female,98,Illinois,S,Peach,Fall,2.6,No,No,17,Credit Card,Monthly,Adult,High
60,63,Male,79,Louisiana,L,Yellow,Spring,4.6,Yes,Yes,4,Debit Card,Weekly,Senior,High
1124,36,Male,67,Massachusetts,S,Purple,Fall,2.5,No,Yes,38,Cash,Monthly,Adult,Medium
2211,30,Male,25,Virginia,M,Orange,Summer,3.1,No,No,35,PayPal,Fortnightly,Young Adult,Low
129,20,Male,32,California,M,Gold,Spring,4.7,Yes,Yes,21,Credit Card,Fortnightly,Teen,Medium
4906,27,Male,1428.07,Houston,L,White,Winter,,No,Yes,,Cash,Monthly,Young Adult,High
4261,54,Other,,Los Angeles,L,Blue,Spring,,Yes,Yes,24,Credit Card,Weekly,Senior,High
1975,27,Male,44,Tennessee,M,Peach,Winter,4.6,No,No,2,PayPal,Fortnightly,Young Adult,Medium
2693,40,Female,90,Washington,XL,Violet,Spring,4.2,No,No,18,Debit Card,Every 3 Months,Adult,High
303,37,Male,44,Delaware,L,Olive,Summer,3.6,Yes,Yes,27,Bank Transfer,Every 3 Months,Adult,Medium
1557,43,Male,57,Alabama,M,Gold,Fall,2.7,No,Yes,26,Credit Card,Quarterly,Adult,Medium
3468,18,Female,45,Texas,M,Charcoal,Fall,5,No,No,5,Credit Card,Annually,Teen,Medium
3165,40,Female,32,Arizona,L,Silver,Winter,2.6,No,No,16,Credit Card,Annually,Adult,Medium
1122,63,Male,58,Florida,XL,Peach,Fall,3.2,No,Yes,25,Cash,Quarterly,Senior,Medium
3654,67,Female,20,Minnesota,M,Blue,Spring,3.9,No,No,39,Credit Card,Fortnightly,Senior,Low
1964,52,Male,30,Michigan,L,Pink,Spring,3.9,No,No,11,Credit Card,Weekly,Senior,Medium
1232,66,Male,79,Pennsylvania,M,Gold,Spring,4,No,Yes,43,Credit Card,Fortnightly,Senior,High
1977,32,Male,51,Wyoming,M,Pink,Spring,3.2,No,No,43,PayPal,Fortnightly,Young Adult,Medium
1908,69,Male,74,New Mexico,L,Orange,Fall,4.8,No,No,36,Credit Card,Every 3 Months,Senior,High
2925,47,Female,64,Rhode Island,L,Indigo,Winter,3.7,No,No,37,Debit Card,Every 3 Months,Adult,Medium
3765,36,Female,21,South Dakota,M,Maroon,Fall,3.5,No,No,19,Venmo,Monthly,Adult,Low
533,26,Male,76,Texas,L,Black,Winter,4.1,Yes,Yes,35,Bank Transfer,Every 3 Months,Young Adult,High
1452,54,Male,34,Utah,M,Maroon,Fall,2.5,No,Yes,35,PayPal,Quarterly,Senior,Medium
2466,18,Male,63,Texas,M,Brown,Spring,4.4,No,No,20,Bank Transfer,Weekly,Teen,Medium
350,37,Male,87,Arizona,M,Green,Winter,3.7,Yes,Yes,3,Bank Transfer,Bi-Weekly,Adult,High
4295,31,Other,,Phoenix,S,White,Autumn,,Yes,Yes,50,Credit Card,Weekly,Young Adult,High
2719,22,Female,90,Virginia,M,Peach,Winter,4.9,No,No,10,Venmo,Bi-Weekly,Young Adult,High
975,69,Male,90,North Carolina,M,Beige,Spring,3.6,Yes,Yes,23,Bank Transfer,Monthly,Senior,High
2728,40,Female,87,Colorado,L,Charcoal,Winter,3.7,No,No,47,Credit Card,Fortnightly,Adult,High
1272,70,Male,57,Kentucky,S,Gray,Spring,4.3,No,Yes,42,PayPal,Annually,Senior,Medium
3349,28,Female,74,New Hampshire,L,Gray,Winter,2.8,No,No,15,Cash,Every 3 Months,Young Adult,High
1362,49,Male,32,Alabama,M,Beige,Fall,3.7,No,Yes,39,Debit Card,Monthly,Adult,Medium
3882,56,Female,25,Georgia,L,Silver,Spring,2.8,No,No,17,Debit Card,Weekly,Senior,Low
3369,30,Female,25,Nebraska,M,Blue,Spring,4.8,No,No,29,Bank Transfer,Every 3 Months,Young Adult,Low
968,27,Male,26,Georgia,S,Silver,Summer,3.7,Yes,Yes,4,Cash,Weekly,Young Adult,Low
3766,22,Female,52,Missouri,M,Green,Summer,4.3,No,No,14,Bank Transfer,Bi-Weekly,Young Adult,Medium
1885,27,Male,30,Arizona,S,Pink,Summer,4.3,No,No,15,Bank Transfer,Bi-Weekly,Young Adult,Medium
12,30,Male,68,Hawaii,S,Olive,Winter,4.9,Yes,Yes,10,Bank Transfer,Fortnightly,Young Adult,Medium
844,65,Male,80,Pennsylvania,S,Beige,Summer,3.2,Yes,Yes,6,PayPal,Weekly,Senior,High
1819,58,Male,39,North Carolina,M,White,Fall,3.8,No,No,47,Debit Card,Every 3 Months,Senior,Medium
2885,55,Female,50,Arkansas,M,Purple,Summer,3.4,No,No,47,Credit Card,Every 3 Months,Senior,Medium
825,61,Male,94,Georgia,M,White,Spring,3,Yes,Yes,48,Cash,Quarterly,Senior,High
1692,64,Male,61,Connecticut,L,Blue,Summer,3.5,No,No,4,Cash,Annually,Senior,Medium
3419,53,Female,30,South Carolina,M,Beige,Summer,2.8,No,No,35,Debit Card,Annually,Senior,Medium
4182,20,Other,,New York,S,Green,Winter,2,Yes,Yes,21,Credit Card,Monthly,Teen,High
21,21,Male,51,Louisiana,M,Black,Winter,2.8,Yes,Yes,50,Cash,Every 3 Months,Young Adult,Medium
4742,23,Other,,Los Angeles,L,Red,Winter,5,Yes,Yes,45,Credit Card,Quarterly,Young Adult,High
1658,69,Male,36,Indiana,L,Turquoise,Spring,3.2,No,Yes,4,Debit Card,Bi-Weekly,Senior,Medium
4100,52,Other,1095.73,New York,,Green,Autumn,5,No,Yes,16,Cash,Quarterly,Senior,High
2511,40,Male,42,South Dakota,L,Purple,Winter,4.4,No,No,48,Credit Card,Weekly,Adult,Medium
4410,31,Other,,Los Angeles,L,Red,Summer,5,No,Yes,19,Cash,Monthly,Young Adult,High
119,50,Male,45,Kentucky,L,Orange,Fall,4.8,Yes,Yes,27,Cash,Bi-Weekly,Adult,Medium
4354,53,Other,,Los Angeles,,Black,Autumn,,No,Yes,,PayPal,Monthly,Senior,High
1110,66,Male,97,Oklahoma,L,Violet,Winter,,No,Yes,2,Venmo,Weekly,Senior,High
1213,32,Male,74,Pennsylvania,M,Yellow,Summer,2.5,No,Yes,18,Credit Card,Weekly,Young Adult,High
2354,56,Male,71,Montana,M,White,Fall,4.1,No,No,25,Debit Card,Every 3 Months,Senior,High
1915,28,Male,97,Alaska,L,Green,Fall,3.4,No,No,40,Credit Card,Fortnightly,Young Adult,High
252,21,Male,51,Wyoming,XL,Gold,Winter,2.5,Yes,Yes,34,PayPal,Annually,Young Adult,Medium
1180,20,Male,33,Indiana,M,Blue,Summer,2.8,No,Yes,44,Bank Transfer,Annually,Teen,Medium
3714,49,Female,87,Arizona,M,Peach,Spring,2.6,No,No,31,Debit Card,Every 3 Months,Adult,High
2274,55,Male,96,New Mexico,L,Silver,Winter,4.8,No,No,13,PayPal,Bi-Weekly,Senior,High
4585,45,Female,,Los Angeles,M,Black,Autumn,5,Yes,No,27,Debit Card,Quarterly,Adult,High
4050,47,Other,1409.36,Los Angeles,,Blue,Summer,4,No,Yes,,Credit Card,Quarterly,Adult,High
3395,31,Female,98,Vermont,S,Yellow,Spring,4.2,No,No,9,PayPal,Annually,Young Adult,High
2491,52,Male,78,Montana,M,Gray,Spring,4,No,No,5,Cash,Every 3 Months,Senior,High
3493,48,Female,65,South Dakota,M,Turquoise,Fall,4.6,No,No,48,Bank Transfer,Annually,Adult,Medium
3501,38,Female,48,Oregon,S,Silver,Fall,4.6,No,No,38,Debit Card,Fortnightly,Adult,Medium
1314,70,Male,28,Missouri,M,Lavender,Summer,,No,Yes,23,Credit Card,Bi-Weekly,Senior,Low
450,26,Male,45,New York,L,Peach,Summer,2.9,Yes,Yes,35,Bank Transfer,Monthly,Young Adult,Medium
1014,59,Male,69,South Carolina,XL,Green,Summer,3.8,Yes,Yes,31,Venmo,Bi-Weekly,Senior,Medium
2203,42,Male,36,Alabama,M,Red,Summer,4.3,No,No,23,Credit Card,Weekly,Adult,Medium
3451,20,Female,78,Vermont,M,Pink,Spring,3.6,No,No,31,PayPal,Monthly,Teen,High
3212,53,Female,65,Rhode Island,L,Turquoise,Winter,4.9,No,No,12,Cash,Monthly,Senior,Medium
2430,57,Male,57,Virginia,XL,Maroon,Summer,4.4,No,No,47,Credit Card,Fortnightly,Senior,Medium
2952,47,Female,99,Arkansas,L,Maroon,Fall,4.6,No,No,14,Cash,Weekly,Adult,High
820,55,Male,36,Colorado,S,Teal,Winter,4.8,Yes,Yes,28,Debit Card,Quarterly,Senior,Medium
1570,20,Male,63,Hawaii,M,Orange,Summer,2.9,No,Yes,29,Debit Card,Weekly,Teen,Medium
472,55,Male,72,Missouri,XL,White,Winter,4.9,Yes,Yes,36,Bank Transfer,Quarterly,Senior,High
2465,47,Male,84,Hawaii,L,Teal,Winter,2.8,No,No,4,Cash,Bi-Weekly,Adult,High
1776,18,Male,47,Iowa,M,Violet,Spring,3.3,No,No,12,Cash,Bi-Weekly,Teen,Medium
3822,20,Female,48,Oregon,M,Gold,Summer,4.6,No,No,34,Credit Card,Every 3 Months,Teen,Medium
395,43,Male,29,North Dakota,M,Beige,Spring,4.8,Yes,Yes,7,Debit Card,Bi-Weekly,Adult,Low
3528,25,Female,97,Washington,S,Charcoal,Spring,4.7,No,No,1,Cash,Weekly,Young Adult,High
3881,42,Female,20,Massachusetts,M,Red,Winter,3.9,No,No,40,PayPal,Monthly,Adult,Low
368,52,Male,40,Tennessee,XL,Cyan,Spring,2.8,Yes,Yes,18,Bank Transfer,Monthly,Senior,Medium
1485,49,Male,46,Nebraska,M,Teal,Summer,4.4,No,Yes,22,Venmo,Every 3 Months,Adult,Medium
4723,70,Female,1135.07,Phoenix,M,Black,Spring,,Yes,Yes,45,PayPal,Monthly,Senior,High
2516,37,Male,92,Kansas,M,Magenta,Summer,4.2,No,No,41,Cash,Monthly,Adult,High
2408,52,Male,38,Illinois,M,Beige,Summer,3,No,No,11,Credit Card,Bi-Weekly,Senior,Medium
1704,39,Male,22,California,M,Black,Spring,4,No,No,12,Bank Transfer,Annually,Adult,Low
5078,62,Male,,Chicago,S,Black,Summer,,No,No,,Credit Card,Quarterly,Senior,High
965,42,Male,51,Arizona,M,Beige,Spring,2.6,Yes,Yes,12,Venmo,Bi-Weekly,Adult,Medium
2646,23,Male,81,Louisiana,L,Olive,Spring,4,No,No,24,Bank Transfer,Bi-Weekly,Young Adult,High
4126,49,Female,,New York,XL,Red,Winter,,Yes,Yes,,PayPal,Monthly,Adult,High
3018,58,Female,71,Wisconsin,S,Purple,Summer,3.3,No,No,24,Cash,Bi-Weekly,Senior,High
306,60,Male,59,Utah,M,Teal,Fall,3.5,Yes,Yes,26,PayPal,Annually,Senior,Medium
5091,33,Male,1451.07,Los Angeles,L,Blue,Spring,,Yes,Yes,,PayPal,Weekly,Young Adult,High
1857,63,Male,55,Arizona,XL,Beige,Summer,3.2,No,No,30,PayPal,Bi-Weekly,Senior,Medium
5004,46,Other,,Los Angeles,,White,Summer,,No,No,32,Debit Card,Quarterly,Adult,High
2829,25,Female,83,Tennessee,L,Lavender,Fall,2.6,No,No,33,PayPal,Quarterly,Young Adult,High
524,46,Male,40,Delaware,M,Orange,Spring,4.9,Yes,Yes,5,PayPal,Quarterly,Adult,Medium
3691,24,Female,23,Kansas,S,Violet,Fall,3.7,No,No,4,Bank Transfer,Bi-Weekly,Young Adult,Low
4658,49,Other,,Chicago,M,Blue,Winter,4,No,No,,PayPal,Monthly,Adult,High
2973,31,Female,39,New York,S,Indigo,Fall,4.2,No,No,11,Venmo,Every 3 Months,Young Adult,Medium
2017,53,Male,47,Maine,S,Violet,Winter,3.4,No,No,20,Debit Card,Fortnightly,Senior,Medium
1328,52,Male,40,Florida,M,Turquoise,Winter,2.8,No,Yes,37,Cash,Weekly,Senior,Medium
4937,52,Other,850.69,Los Angeles,,Red,Winter,3,No,Yes,,PayPal,Weekly,Senior,High
1204,40,Male,82,Minnesota,M,Orange,Winter,3.7,No,Yes,23,Bank Transfer,Annually,Adult,High
3310,48,Female,47,Massachusetts,M,Blue,Summer,3.1,No,No,19,PayPal,Monthly,Adult,Medium
1238,25,Male,92,Michigan,S,Charcoal,Spring,4.4,No,Yes,42,Credit Card,Quarterly,Young Adult,High
4067,28,Other,1028.71,Los Angeles,S,Green,Summer,,No,Yes,36,Debit Card,Monthly,Young Adult,High
2324,35,Male,93,Maryland,L,White,Winter,4.7,No,No,36,Credit Card,Monthly,Young Adult,High
824,51,Male,27,Georgia,M,Green,Winter,2.5,Yes,Yes,11,Credit Card,Quarterly,Senior,Low
4642,27,Female,799.62,Los Angeles,,Red,Winter,1,Yes,No,39,Credit Card,Monthly,Young Adult,High
1605,18,Male,92,Maine,M,White,Summer,4.8,No,Yes,25,Credit Card,Every 3 Months,Teen,High
801,32,Male,20,Utah,S,Gold,Summer,2.6,Yes,Yes,20,Cash,Every 3 Months,Young Adult,Low
4015,34,Other,409.98,Chicago,,Blue,Summer,,Yes,Yes,,PayPal,Monthly,Young Adult,High
4575,46,Female,,New York,,White,Spring,1,No,No,,Credit Card,Quarterly,Adult,High
4302,36,Male,,Los Angeles,M,White,Autumn,5,No,Yes,,Credit Card,Quarterly,Adult,High
2058,66,Male,37,South Dakota,L,Yellow,Spring,4.2,No,No,5,PayPal,Every 3 Months,Senior,Medium
2099,49,Male,28,Louisiana,M,White,Summer,3.3,No,No,20,Venmo,Quarterly,Adult,Low
3648,47,Female,45,Kansas,M,Gray,Winter,2.9,No,No,12,Bank Transfer,Weekly,Adult,Medium
912,53,Male,74,Vermont,M,Black,Winter,2.8,Yes,Yes,2,Bank Transfer,Quarterly,Senior,High
4847,48,Female,1249.23,Houston,M,Blue,Autumn,,No,Yes,44,Debit Card,Monthly,Adult,High
2190,38,Male,94,Wisconsin,XL,Brown,Fall,4,No,No,47,Credit Card,Bi-Weekly,Adult,High
1761,20,Male,44,Minnesota,XL,Peach,Spring,3.5,No,No,39,PayPal,Weekly,Teen,Medium
4984,24,Female,,New York,,White,Autumn,,Yes,No,1,Debit Card,Monthly,Young Adult,High
3242,50,Female,58,Connecticut,M,Lavender,Summer,4.4,No,No,30,PayPal,Quarterly,Adult,Medium
2530,34,Male,62,Tennessee,M,Magenta,Spring,4.7,No,No,48,Bank Transfer,Monthly,Young Adult,Medium
652,32,Male,32,Arkansas,L,Yellow,Summer,2.9,Yes,,41,Venmo,Fortnightly,Young Adult,Medium
4034,39,Male,849.1,Houston,M,Red,Spring,,Yes,No,22,Credit Card,Monthly,Adult,High
1032,22,Male,50,Tennessee,M,Teal,Spring,3.4,Yes,Yes,32,Cash,Quarterly,Young Adult,Medium
4768,68,Male,,Phoenix,,Black,Spring,2,Yes,No,44,Cash,Weekly,Senior,High
1198,54,Male,92,Vermont,L,Violet,Fall,3.9,No,Yes,26,PayPal,Annually,Senior,High
1484,39,Male,61,Massachusetts,S,Yellow,Summer,4.7,No,Yes,12,Debit Card,Bi-Weekly,Adult,Medium
547,62,Male,74,New Mexico,M,Brown,Winter,3.4,Yes,Yes,45,Venmo,Bi-Weekly,Senior,High
1713,65,Male,87,Illinois,S,Beige,Fall,3.8,No,No,9,Cash,Fortnightly,Senior,High
3335,66,Female,23,California,M,Beige,Summer,3.4,No,No,21,Credit Card,Annually,Senior,Low
1052,45,Male,53,Ohio,M,Indigo,Fall,2.6,Yes,Yes,39,PayPal,Annually,Adult,Medium
2644,49,Male,41,Maryland,S,Silver,Spring,2.9,No,No,37,Cash,Monthly,Adult,Medium
431,24,Male,40,Texas,M,Brown,Summer,3.5,Yes,Yes,40,Debit Card,Annually,Young Adult,Medium
2075,36,Male,53,Florida,M,White,Summer,3.1,No,No,44,Debit Card,Fortnightly,Adult,Medium
77,50,Male,43,Delaware,S,Teal,Summer,4.2,Yes,Yes,32,Venmo,Monthly,Adult,Medium
1392,53,Male,29,Mississippi,S,White,Winter,3.6,No,Yes,38,Credit Card,Annually,Senior,Low
4661,63,Female,,New York,L,Red,Winter,,No,Yes,,Credit Card,Weekly,Senior,High
1622,68,Male,46,Ohio,L,Gray,Summer,3.9,No,Yes,38,Debit Card,Fortnightly,Senior,Medium
2632,53,Male,44,Connecticut,S,Violet,Summer,2.7,No,No,3,Cash,Weekly,Senior,Medium
4012,32,Other,199.98,Phoenix,L,Blue,Winter,,No,No,5,PayPal,Monthly,Young Adult,High
4218,40,Male,544.47,New York,L,Red,Spring,2,No,Yes,47,Credit Card,Weekly,Adult,High
318,58,Male,82,West Virginia,L,Teal,Fall,4.3,Yes,Yes,42,Cash,Every 3 Months,Senior,High
3291,52,Female,82,North Dakota,L,Black,Spring,3.1,No,No,2,PayPal,Monthly,Senior,High
4406,19,Other,,New York,,Blue,Summer,,Yes,No,,Cash,Monthly,Teen,High
997,29,Male,91,Delaware,L,Maroon,Summer,4.9,Yes,Yes,32,Bank Transfer,Quarterly,Young Adult,High
2998,41,Female,40,Idaho,S,Yellow,Spring,2.7,No,No,14,Venmo,Every 3 Months,Adult,Medium
3638,32,Female,66,Utah,L,Yellow,Winter,3.6,No,No,32,Credit Card,Fortnightly,Young Adult,Medium
3340,20,Female,99,Nebraska,M,Cyan,Fall,3.6,No,No,35,Cash,Fortnightly,Teen,High
687,70,Male,35,Indiana,L,Beige,Fall,3,Yes,Yes,33,Venmo,Fortnightly,Senior,Medium
926,22,Male,88,Arizona,L,Teal,Winter,4.9,Yes,Yes,8,Cash,Monthly,Young Adult,High
826,27,Male,94,Nebraska,XL,Brown,Fall,3.6,Yes,Yes,17,Cash,Monthly,Young Adult,High
1721,25,Male,84,Massachusetts,S,Beige,Winter,2.8,No,No,40,Debit Card,Bi-Weekly,Young Adult,High
2398,37,Male,26,West Virginia,L,Black,Fall,2.9,No,No,41,Venmo,Monthly,Adult,Low
2229,54,Male,50,Kansas,M,Green,Fall,3.7,No,No,5,Credit Card,Weekly,Senior,Medium
913,24,Male,56,Arkansas,M,Green,Winter,3.4,Yes,Yes,32,Bank Transfer,Monthly,Young Adult,Medium
3466,19,Female,53,Iowa,M,Gold,Spring,3.4,No,No,31,Debit Card,Weekly,Teen,Medium
3572,70,Female,27,North Dakota,M,White,Summer,3.2,No,No,15,Bank Transfer,Every 3 Months,Senior,Low
3195,43,Female,52,Maryland,L,Gold,Summer,4.6,No,No,10,Credit Card,Bi-Weekly,Adult,Medium
1832,62,Male,71,Maine,M,Cyan,Summer,,No,No,5,Bank Transfer,Every 3 Months,Senior,High
